ST_CASE,VEH_NO,PER_NO,P1,P2,P3,P4,P5,P6,P7,P8,P9,P10
10324,1,1,0,0,0,0,0,0,0,0,0,0
10324,2,1,0,0,0,0,0,0,0,0,0,0
10325,1,1,0,0,0,0,0,0,0,0,0,0
10325,2,1,0,0,0,0,0,0,0,0,0,0
10326,1,1,0,0,0,0,0,0,0,0,0,0
10327,1,1,23,23,23,23,23,23,23,23,23,23
10327,2,1,0,0,0,0,0,0,0,0,11,0
10328,1,1,7,7,7,7,7,7,7,7,7,7
10329,1,1,15,15,15,15,15,15,15,15,15,15
10330,1,1,12,3,5,5,9,7,28,9,4,19
10331,1,1,0,0,0,0,0,0,0,0,0,0
10332,1,1,0,0,0,0,0,0,0,0,0,0
10332,2,1,0,0,0,0,0,0,0,0,0,0
10333,1,1,0,0,0,0,0,0,0,0,0,0
10334,0,1,8,8,8,8,8,8,8,8,8,8
10334,1,1,0,0,0,0,0,0,0,0,0,0
10335,1,1,0,20,0,0,0,0,0,0,0,0
10336,1,1,0,0,0,6,0,0,8,0,0,0
10336,2,1,0,0,0,0,0,0,0,0,0,0
10337,1,1,0,0,0,0,0,0,0,0,0,0
10338,1,1,0,0,0,0,0,0,0,0,0,0
10339,1,1,0,0,0,0,0,0,0,0,0,0
10340,1,1,21,21,21,21,21,21,21,21,21,21
10341,1,1,23,0,0,0,23,0,17,18,27,3
10342,1,1,0,0,0,0,0,0,0,0,0,0
10343,1,1,0,0,0,0,0,0,0,0,0,0
10343,2,1,0,0,0,0,0,0,0,0,0,0
10344,1,1,8,8,8,8,8,8,8,8,8,8
10345,1,1,0,0,0,0,0,0,0,0,0,0
10345,2,1,0,0,0,0,0,0,0,0,0,0
10346,1,1,19,19,19,19,19,19,19,19,19,19
10347,0,1,2,25,12,10,14,28,20,16,5,34
10347,1,1,0,0,21,0,0,18,23,0,0,0
10348,0,1,0,0,15,16,0,0,0,0,36,0
10348,1,1,0,10,10,7,17,6,0,10,38,0
10349,1,1,0,0,0,0,0,0,0,0,0,0
10350,1,1,15,9,6,6,7,8,17,39,14,17
10350,2,1,0,0,0,0,0,0,0,0,0,0
10351,1,1,0,0,0,0,0,0,0,0,0,0
10351,2,1,0,0,0,0,0,0,0,0,0,0
10352,1,1,0,0,0,0,0,0,0,0,0,0
10353,0,1,6,6,6,6,6,6,6,6,6,6
10353,1,1,23,23,23,23,23,23,23,23,23,23
10354,1,1,27,27,27,27,27,27,27,27,27,27
10355,1,1,0,0,0,0,0,0,0,0,0,0
10355,2,1,37,0,0,0,0,0,0,0,0,0
10355,3,1,0,0,0,0,0,0,0,6,0,0
10357,1,1,19,6,0,0,0,19,0,9,15,0
10357,2,1,0,0,0,0,0,0,0,0,0,0
10358,1,1,14,14,14,14,14,14,14,14,14,14
10358,2,1,0,0,0,0,0,0,0,0,0,0
10359,1,1,0,0,0,0,0,0,0,0,0,0
10360,1,1,17,17,17,17,17,17,17,17,17,17
10361,0,1,28,28,28,28,28,28,28,28,28,28
10361,1,1,0,19,14,6,0,0,0,0,0,0
10362,1,1,0,26,28,4,13,21,21,23,0,0
10362,2,1,0,0,0,8,12,0,0,0,0,20
10363,1,1,0,0,0,0,0,0,0,0,0,0
10363,2,1,0,0,0,0,0,0,0,0,0,0
10364,0,1,17,3,18,0,26,17,0,15,24,22
10364,1,1,0,42,0,0,0,0,0,0,0,0
10365,1,1,3,3,3,3,3,3,3,3,3,3
10365,2,1,0,0,0,0,0,0,0,0,0,0
10366,1,1,16,16,16,16,16,16,16,16,16,16
10366,2,1,0,0,0,9,0,0,7,0,0,0
10367,1,1,4,0,22,0,0,0,12,0,0,0
10367,2,1,0,0,0,0,0,27,0,0,0,0
10367,3,1,0,0,0,0,0,0,0,0,0,0
10367,4,1,0,0,0,0,0,0,0,0,0,0
10367,5,1,0,14,0,0,0,0,30,8,0,0
10368,1,1,0,0,0,0,0,0,0,0,0,0
10369,1,1,0,0,0,0,0,0,0,0,0,0
10369,2,1,0,0,0,0,0,0,0,0,0,0
10370,1,1,0,0,0,0,0,0,0,0,0,0
10370,2,1,0,0,0,0,0,0,0,0,0,0
10371,1,1,0,0,0,0,0,0,0,0,0,0
10372,1,1,0,0,0,19,0,0,0,0,0,0
10373,1,1,0,17,0,0,0,0,0,0,0,0
10373,2,1,0,0,0,0,0,0,0,0,0,0
10373,3,1,0,0,0,0,0,0,0,0,0,0
10374,1,1,0,0,0,0,0,0,0,0,0,0
10375,1,1,0,0,4,14,0,0,0,0,0,0
10376,0,1,0,0,0,0,0,0,0,0,0,0
10376,1,1,0,17,33,22,0,0,0,0,0,0
10377,1,1,7,7,7,7,7,7,7,7,7,7
10377,2,1,21,21,21,21,21,21,21,21,21,21
10377,3,1,0,0,0,0,0,0,0,0,0,0
10378,1,1,0,0,0,0,0,0,0,0,0,0
10379,1,1,0,10,0,0,0,0,0,0,0,9
10380,1,1,0,0,0,0,0,0,0,0,0,0
10380,2,1,0,0,0,0,0,18,0,0,0,0
10381,1,1,30,30,30,30,30,30,30,30,30,30
10382,1,1,0,0,0,0,0,0,0,0,0,0
10383,1,1,0,0,0,0,0,0,0,0,0,0
10383,2,1,0,0,0,0,0,0,0,0,0,0
10383,3,1,0,0,0,0,0,0,0,0,0,0
10383,4,1,0,0,0,0,0,0,0,0,0,0
10384,1,1,0,0,0,0,0,0,0,0,0,0
10384,2,1,0,0,0,0,0,0,0,0,0,0
10385,1,1,0,0,0,0,0,0,28,0,0,0
10385,2,1,0,0,0,0,0,0,0,0,0,0
10385,3,1,0,0,0,0,0,0,0,0,0,0
10386,1,1,26,26,26,26,26,26,26,26,26,26
10386,2,1,0,0,0,0,0,0,0,0,0,0
10386,3,1,0,0,0,0,0,0,0,0,0,0
10386,4,1,0,0,0,0,0,0,0,0,0,0
10387,1,1,19,19,19,19,19,19,19,19,19,19
10387,2,1,0,0,13,0,0,0,0,0,0,0
10388,1,1,23,0,0,15,0,0,0,28,18,0
10388,2,1,0,0,0,0,0,0,0,0,0,0
10389,1,1,37,0,0,14,19,15,27,0,0,0
10390,1,1,0,0,0,0,0,0,0,0,0,0
10390,2,1,18,18,18,18,18,18,18,18,18,18
10391,0,1,0,0,0,0,0,0,0,0,0,0
10391,1,1,0,0,0,0,0,0,0,0,0,0
10392,0,1,0,0,0,0,0,0,0,0,0,0
10392,1,1,0,0,0,0,0,0,0,0,0,0
10393,1,1,0,0,0,0,0,0,0,0,0,17
10394,1,1,0,14,16,0,0,0,24,0,0,0
10395,1,1,0,0,0,0,0,0,0,0,0,0
10396,1,1,24,10,9,0,18,0,0,11,21,0
10397,1,1,0,0,0,0,0,0,0,0,0,0
10398,1,1,6,6,6,6,6,6,6,6,6,6
10398,2,1,0,0,0,0,0,0,0,0,0,0
10399,1,1,0,0,0,0,0,0,0,0,0,0
10399,2,1,0,0,0,0,0,0,0,0,0,0
10400,1,1,0,0,0,0,0,0,0,0,0,0
10401,0,1,9,9,9,9,9,9,9,9,9,9
10401,1,1,0,0,0,0,0,0,0,0,0,0
10402,1,1,0,0,0,0,0,0,0,0,0,0
10402,2,1,0,0,0,0,0,0,0,16,0,0
10403,1,1,0,0,0,0,0,0,0,0,0,0
10403,2,1,0,0,0,0,0,0,0,0,0,0
10404,1,1,0,0,13,0,0,0,0,0,0,0
10405,1,1,4,4,4,4,4,4,4,4,4,4
10406,1,1,8,8,15,10,17,13,23,10,7,9
10407,1,1,0,0,0,0,0,0,0,0,0,0
10407,2,1,0,11,21,0,0,0,0,0,0,0
10408,1,1,0,0,0,0,0,0,0,0,0,0
10409,1,1,18,18,18,18,18,18,18,18,18,18
10410,1,1,8,17,0,0,29,0,0,0,15,11
10411,1,1,0,0,0,0,0,0,37,0,0,0
10412,1,1,0,0,0,0,0,0,0,0,0,0
10413,0,1,19,19,19,19,19,19,19,19,19,19
10413,1,1,0,0,0,0,0,0,0,0,0,0
10414,1,1,0,0,0,0,0,32,0,0,0,0
10414,2,1,0,0,0,0,0,0,0,0,0,0
10415,1,1,0,0,0,0,0,0,0,0,0,0
10416,1,1,0,0,0,0,0,0,0,0,0,0
10416,2,1,0,0,0,0,0,0,0,0,0,0
10417,1,1,0,0,0,0,0,0,0,0,0,0
10417,2,1,0,0,0,0,0,0,0,0,0,0
10418,1,1,0,0,0,0,0,0,0,0,0,0
10419,1,1,0,0,0,0,0,0,0,0,0,0
10419,2,1,19,19,19,19,19,19,19,19,19,19
10420,1,1,0,26,0,20,0,0,0,0,0,16
10420,2,1,0,14,0,0,0,0,0,20,0,0
10421,1,1,0,0,0,0,0,0,0,0,0,0
10422,1,1,6,6,6,6,6,6,6,6,6,6
10423,1,1,0,0,0,0,0,0,0,0,0,0
10423,2,1,0,0,0,0,0,0,0,0,0,0
10424,1,1,0,0,0,0,0,0,0,0,0,0
10424,2,1,0,0,0,0,0,0,0,0,0,0
10425,1,1,0,0,0,21,0,0,15,23,0,0
10426,1,1,10,10,10,10,10,10,10,10,10,10
10426,2,1,9,19,0,6,0,0,21,0,0,6
10427,1,1,0,0,0,0,0,0,0,0,0,0
10428,0,1,0,0,0,0,8,0,5,0,0,0
10428,1,1,0,0,0,0,0,0,0,0,0,0
10429,1,1,0,0,0,0,0,0,0,0,0,0
10429,2,1,0,0,0,0,0,0,0,0,0,0
10430,1,1,0,0,0,0,0,0,0,0,0,0
10431,1,1,20,20,20,20,20,20,20,20,20,20
10432,1,1,0,0,0,0,0,0,0,0,0,0
10432,2,1,0,0,0,0,0,0,0,0,0,0
10434,1,1,0,0,0,0,0,0,0,0,0,0
10435,1,1,30,30,30,30,30,30,30,30,30,30
10436,1,1,0,0,0,0,0,0,0,0,0,0
10436,2,1,0,0,0,0,0,0,0,0,0,0
10436,3,1,0,0,0,0,0,0,0,0,0,0
10436,4,1,0,0,0,0,0,0,0,7,0,0
10437,1,1,0,0,0,0,0,0,0,0,0,0
10438,1,1,0,0,0,0,0,0,0,0,0,0
10439,1,1,0,0,0,0,0,0,0,0,0,0
10439,2,1,0,0,0,0,0,0,0,0,0,0
10440,0,1,3,0,0,0,11,0,0,0,7,0
10440,1,1,0,0,0,0,0,0,0,0,0,0
10441,0,1,6,15,38,33,26,21,37,26,5,34
10441,1,1,0,0,0,0,0,0,0,0,0,0
10442,1,1,0,0,0,0,0,0,0,0,0,0
10442,2,1,18,18,18,18,18,18,18,18,18,18
10443,0,1,0,0,0,22,0,0,0,0,0,0
10443,1,1,0,0,0,0,0,0,0,0,0,0
10444,1,1,12,12,12,12,12,12,12,12,12,12
10444,2,1,0,0,0,0,0,0,0,0,0,0
10445,0,1,0,0,0,0,0,0,0,0,0,18
10445,1,1,0,20,0,0,0,14,0,0,18,0
10446,0,1,16,16,16,16,16,16,16,16,16,16
10446,1,1,0,0,0,0,0,0,0,7,0,0
10447,1,1,0,0,0,0,0,0,0,0,0,0
10447,2,1,0,0,0,0,0,0,0,0,0,0
10448,1,1,23,23,23,23,23,23,23,23,23,23
10448,2,1,0,0,0,0,16,0,0,0,0,0
10449,0,1,0,0,0,0,0,0,0,0,0,0
10449,1,1,0,0,0,0,0,0,0,0,0,0
10450,1,1,0,0,0,0,0,0,0,0,0,0
10450,2,1,0,0,0,0,0,0,0,0,0,0
10451,1,1,0,0,0,0,0,0,0,0,0,0
10451,2,1,0,0,0,0,0,0,0,0,0,0
10451,3,1,0,0,0,0,0,0,0,0,0,0
10452,1,1,9,9,9,9,9,9,9,9,9,9
10453,1,1,12,12,12,12,12,12,12,12,12,12
10454,1,1,0,0,0,0,0,0,0,0,0,0
10454,2,1,19,19,20,0,0,0,0,0,0,0
10455,1,1,0,0,0,0,0,0,0,0,0,0
10456,1,1,25,0,0,29,31,0,15,23,15,0
10457,1,1,0,0,0,0,0,0,0,0,0,8
10457,2,1,0,0,0,0,0,0,0,0,0,0
10458,1,1,0,0,0,0,0,0,0,0,0,0
10459,1,1,22,22,22,22,22,22,22,22,22,22
10459,2,1,0,0,0,0,0,0,0,0,0,0
10460,1,1,28,28,28,28,28,28,28,28,28,28
10461,1,1,0,0,0,0,0,0,0,0,0,0
10461,2,1,0,0,0,0,0,0,0,0,0,0
10461,3,1,0,0,0,0,0,0,0,0,0,0
10462,0,1,0,0,0,0,0,0,0,0,0,0
10462,1,1,0,0,0,0,17,0,0,0,0,0
10463,1,1,0,0,0,0,0,0,0,0,0,0
10464,1,1,0,0,0,0,0,0,0,0,0,0
10464,2,1,0,0,0,0,0,0,0,0,0,0
10465,0,1,0,0,0,0,0,0,0,0,0,0
10465,1,1,0,0,0,0,0,0,0,0,0,0
10466,1,1,0,0,0,0,0,0,0,0,0,0
10466,2,1,0,0,0,0,0,0,0,0,0,0
10467,1,1,0,0,0,0,0,0,0,0,0,0
10467,2,1,0,0,0,0,0,0,0,0,0,0
10468,1,1,0,0,25,0,0,0,0,0,0,0
10468,2,1,36,0,0,0,0,0,0,0,0,0
10469,0,1,0,0,0,0,0,0,0,0,0,0
10469,1,1,0,0,0,0,0,0,0,0,0,0
10470,0,1,10,0,0,0,0,18,18,43,17,0
10470,1,1,0,0,0,0,0,0,0,0,0,0
10471,0,1,0,19,0,0,0,32,8,22,12,15
10471,0,2,11,0,29,0,27,9,0,17,0,0
10471,2,1,0,0,0,0,0,0,0,0,0,0
10472,0,1,0,0,0,24,0,22,11,0,0,0
10472,1,1,0,0,0,0,0,0,0,0,0,0
10473,1,1,13,12,8,11,6,18,13,2,11,14
10474,1,1,0,0,0,0,0,0,0,0,0,0
10474,2,1,0,0,0,0,0,0,0,0,0,0
10475,1,1,0,0,0,9,0,18,19,23,17,13
10476,1,1,0,0,0,0,0,0,0,0,0,0
10476,2,1,0,0,0,0,0,0,0,0,0,0
10477,1,1,0,0,0,0,0,0,0,0,0,0
10477,2,1,0,0,0,0,0,0,0,0,0,0
10478,1,1,4,4,4,4,4,4,4,4,4,4
10478,2,1,0,0,0,0,12,0,18,12,12,0
10479,1,1,0,0,5,0,0,0,0,0,0,0
10479,2,1,0,3,0,0,0,0,0,0,0,0
10479,3,1,0,0,0,0,0,0,0,0,0,0
10480,1,1,0,0,0,0,0,0,0,0,0,0
10481,1,1,0,0,0,0,0,0,0,0,0,0
10481,2,1,0,0,0,0,0,0,0,0,0,0
10482,1,1,0,0,0,0,0,0,0,0,17,0
10482,2,1,0,0,0,0,0,0,0,0,0,0
10482,3,1,0,0,0,0,0,0,0,0,0,0
10483,1,1,0,0,0,0,0,0,0,0,0,0
10484,0,1,0,0,0,27,0,0,0,0,0,0
10484,1,1,0,0,0,0,0,0,0,0,0,6
10485,1,1,0,0,0,0,0,0,0,0,0,0
10485,2,1,0,0,0,0,0,0,0,0,0,0
10486,1,1,0,0,0,0,0,0,0,0,0,14
10486,2,1,0,0,0,0,0,0,0,0,0,0
10487,1,1,0,0,0,0,0,0,0,0,0,0
10488,1,1,7,0,0,7,0,0,0,0,0,0
10488,2,1,0,0,0,0,0,0,0,0,0,0
10489,1,1,24,24,24,24,24,24,24,24,24,24
10490,0,1,0,0,0,0,25,0,0,0,30,51
10490,1,1,0,0,0,0,0,0,0,0,0,0
10491,1,1,25,25,25,25,25,25,25,25,25,25
10492,1,1,13,13,13,13,13,13,13,13,13,13
10493,1,1,0,0,0,0,0,0,0,0,20,0
10494,1,1,28,16,0,0,7,42,0,10,31,0
10494,2,1,0,0,0,0,0,0,0,0,0,0
10495,1,1,16,16,16,16,16,16,16,16,16,16
10496,1,1,14,14,14,14,14,14,14,14,14,14
10496,2,1,0,0,0,5,0,0,0,0,0,0
10497,1,1,0,0,0,0,0,0,0,0,0,0
10497,2,1,11,0,0,0,0,0,0,0,2,0
10498,1,1,0,0,0,0,0,0,0,0,0,0
10498,2,1,0,0,0,0,0,0,0,0,0,0
10499,1,1,0,0,0,0,0,0,0,0,0,0
10499,2,1,0,17,0,0,0,0,0,0,0,0
10500,1,1,0,0,0,0,0,0,0,16,22,0
10500,2,1,0,0,0,0,0,0,0,0,0,0
10500,3,1,0,0,0,0,0,0,0,0,0,0
10501,1,1,0,0,0,14,0,0,0,0,0,0
10501,2,1,0,0,0,0,0,0,0,0,0,0
10502,1,1,0,0,0,0,0,0,0,0,0,0
10502,2,1,0,0,0,0,0,0,0,0,0,0
10503,1,1,0,0,0,0,0,0,0,0,0,0
10503,2,1,0,0,0,25,0,0,0,0,0,0
10504,0,1,19,19,19,19,19,19,19,19,19,19
10504,1,1,0,0,0,0,0,0,0,0,0,0
10505,1,1,0,0,0,0,0,0,0,0,0,0
10505,2,1,0,0,0,0,0,0,0,0,0,0
10506,1,1,0,0,0,22,0,0,0,29,0,0
10506,2,1,0,0,0,0,0,0,0,0,0,0
10506,3,1,0,0,0,0,0,0,0,9,0,0
10507,1,1,0,0,0,0,0,0,0,0,15,10
10507,2,1,0,0,0,0,0,0,0,0,0,0
10508,0,1,1,1,1,1,1,1,1,1,1,1
10508,1,1,0,0,8,14,0,0,4,0,0,0
10509,1,1,0,0,0,0,0,8,0,0,0,0
10509,2,1,0,0,0,0,0,0,0,0,0,0
10510,1,1,17,17,17,17,17,17,17,17,17,17
10510,2,1,0,0,0,0,0,0,0,0,0,0
10511,1,1,13,10,16,28,7,6,17,10,20,13
10512,1,1,24,24,24,24,24,24,24,24,24,24
10513,0,1,0,0,0,0,0,0,0,0,0,0
10513,1,1,0,0,0,0,0,0,0,0,0,0
10514,1,1,0,0,0,0,0,0,0,0,0,0
10514,2,1,0,0,0,0,0,0,0,0,0,0
10515,1,1,0,0,0,0,0,0,0,0,0,0
10516,1,1,0,0,0,0,0,0,0,0,0,0
10516,2,1,0,0,0,0,0,0,0,0,0,0
10517,1,1,0,0,0,0,0,0,0,0,0,0
10517,2,1,11,11,11,11,11,11,11,11,11,11
10518,1,1,0,13,0,0,13,0,0,0,0,16
10519,1,1,0,0,0,0,0,0,0,0,0,0
10519,2,1,0,0,0,0,0,0,0,0,0,0
10519,3,1,0,0,0,0,0,0,0,0,0,0
10520,1,1,0,0,0,0,0,0,0,0,0,0
10520,2,1,5,0,0,0,0,0,0,0,0,0
10521,1,1,0,0,0,0,0,0,0,0,0,0
10521,2,1,0,0,0,0,0,0,0,0,0,0
10522,1,1,0,5,0,0,0,0,0,0,0,0
10523,1,1,0,0,0,0,0,0,0,0,0,0
10524,1,1,0,0,0,0,0,0,0,0,0,0
10524,2,1,0,0,12,0,0,0,0,0,0,0
10525,1,1,0,23,0,24,17,0,19,0,0,0
10526,1,1,0,0,0,0,0,0,0,0,0,0
10527,1,1,21,21,21,21,21,21,21,21,21,21
10527,2,1,0,0,0,0,0,0,0,0,0,0
10528,1,1,18,18,18,18,18,18,18,18,18,18
10528,2,1,0,0,0,0,0,0,0,0,0,0
10529,1,1,0,8,0,0,0,0,0,0,0,0
10530,1,1,0,0,0,0,0,0,0,0,0,0
10531,1,1,5,26,23,18,17,13,22,15,10,12
10532,1,1,0,0,0,0,0,0,0,0,0,0
10533,1,1,0,0,0,0,0,0,0,0,0,0
10533,2,1,0,0,0,0,0,0,0,0,0,0
10534,1,1,0,0,0,0,0,0,0,0,0,0
10534,2,1,0,0,0,0,0,0,0,0,0,0
10535,1,1,0,0,0,0,0,0,0,0,0,0
10536,1,1,0,0,0,0,0,0,0,0,0,0
10536,2,1,0,0,0,0,0,0,0,0,0,0
10536,3,1,0,0,0,0,0,0,0,0,0,0
10537,1,1,0,0,0,0,0,0,0,0,0,0
10537,2,1,0,0,0,0,0,0,0,0,0,0
10538,1,1,0,0,0,0,0,0,0,0,0,0
10539,1,1,0,0,0,0,0,0,0,0,0,0
10539,2,1,0,0,0,0,0,0,0,0,0,0
10540,1,1,16,0,0,0,0,7,0,0,23,0
10540,2,1,0,0,0,0,0,0,0,0,0,0
10541,1,1,0,0,0,0,0,0,0,0,0,0
10542,1,1,29,23,13,19,0,32,24,8,22,10
10543,1,1,0,0,0,0,0,36,11,0,0,11
10544,1,1,0,0,0,0,0,0,0,0,0,8
10544,2,1,0,0,0,0,0,0,0,0,0,21
10545,1,1,0,0,0,0,0,0,0,0,0,0
10545,2,1,0,0,0,0,0,0,0,0,0,0
10546,1,1,0,0,7,0,0,27,0,26,0,0
10547,1,1,0,0,0,0,0,0,0,0,0,0
10547,2,1,0,0,0,0,0,0,0,0,0,0
10548,0,1,0,0,0,10,0,0,0,0,0,27
10548,1,1,0,0,0,0,0,0,0,0,0,0
10549,1,1,0,0,0,0,0,0,0,0,0,0
10550,1,1,0,0,0,0,0,0,0,0,0,0
10550,2,1,0,0,0,0,0,0,0,0,0,0
10550,3,1,0,0,11,0,0,0,0,0,0,0
10550,4,1,0,0,15,0,0,0,0,19,0,0
10551,1,1,0,0,0,9,8,6,0,0,27,8
10551,2,1,0,0,0,0,0,0,0,0,0,0
10551,3,1,0,0,0,0,0,23,0,0,0,0
10552,1,1,0,0,0,0,0,0,0,0,0,0
10552,2,1,4,4,4,4,4,4,4,4,4,4
10553,1,1,0,0,0,0,0,0,0,0,0,0
10553,2,1,0,0,0,0,0,0,0,0,0,0
10554,0,1,22,27,7,0,0,12,21,14,0,0
10554,1,1,0,0,0,0,0,0,0,0,11,0
10554,2,1,0,0,0,0,0,0,0,0,0,0
10555,1,1,0,0,14,15,0,0,0,16,19,11
10556,1,1,0,0,0,0,0,0,0,0,0,0
10557,1,1,33,33,33,33,33,33,33,33,33,33
10558,0,1,0,0,0,0,0,0,0,0,0,0
10558,1,1,0,0,0,0,0,0,0,0,0,0
10559,1,1,0,0,0,0,0,0,0,0,0,0
10559,2,1,0,0,0,0,0,0,0,0,22,0
10560,1,1,0,18,0,27,0,20,0,0,16,13
10561,1,1,0,0,14,0,17,0,0,0,0,0
10562,1,1,0,0,0,0,0,0,0,0,0,0
10562,2,1,0,0,0,0,0,0,0,0,0,0
10563,1,1,0,0,0,8,0,0,0,0,0,0
10563,2,1,0,0,0,0,0,0,0,0,0,0
10564,1,1,0,0,0,0,0,0,0,0,0,0
10564,2,1,0,0,0,0,0,0,0,0,0,0
10564,3,1,0,0,0,0,0,0,0,0,0,0
10565,1,1,0,0,0,0,0,0,0,0,0,0
10565,2,1,0,0,0,0,0,0,0,0,0,0
10565,3,1,0,0,0,0,0,0,0,0,0,0
10566,1,1,0,6,0,5,0,0,0,0,0,0
10566,2,1,0,0,0,0,0,0,0,0,0,0
10566,3,1,0,0,0,15,0,29,9,16,0,0
10567,1,1,0,0,0,0,0,0,0,0,0,0
10567,2,1,0,0,0,0,0,0,0,0,0,0
10568,1,1,0,0,0,0,0,0,0,0,0,0
10568,2,1,0,0,0,0,0,0,0,0,0,0
10569,1,1,0,0,0,0,0,0,0,0,0,0
10570,1,1,0,0,0,0,0,0,0,0,0,0
10571,1,1,0,0,0,0,0,0,0,0,0,0
10571,2,1,18,0,0,0,0,0,0,0,0,0
10571,3,1,0,0,0,0,0,0,0,0,0,0
10571,4,1,0,0,0,0,0,0,0,0,0,0
10571,5,1,0,0,0,0,0,0,0,0,0,0
10572,1,1,10,0,0,0,8,15,0,0,0,18
10572,2,1,0,0,0,0,0,0,0,17,8,0
10572,3,1,10,0,0,0,0,0,0,0,0,0
10572,4,1,0,0,0,0,0,0,0,0,11,0
10572,5,1,0,0,0,0,0,0,0,0,0,0
10572,6,1,0,0,0,0,0,0,0,0,0,0
10573,1,1,9,0,0,0,0,0,0,0,0,0
10573,2,1,0,0,0,0,0,0,0,0,0,0
10574,0,1,0,0,0,0,0,0,0,0,0,0
10574,1,1,0,0,0,0,0,0,0,0,0,0
10575,1,1,0,0,0,0,0,0,0,0,0,0
10575,2,1,0,0,0,0,0,0,0,0,0,0
10575,3,1,0,0,4,0,0,0,0,0,0,0
10576,1,1,0,0,0,0,0,0,14,0,0,0
10577,1,1,0,19,0,0,26,27,0,0,0,0
10578,0,1,16,9,12,0,20,25,18,0,28,0
10578,1,1,0,0,0,26,0,0,0,0,0,0
10579,1,1,25,25,25,25,25,25,25,25,25,25
10580,0,1,0,0,0,0,0,0,0,0,6,0
10580,1,1,0,8,0,0,0,0,0,0,0,0
10581,0,1,24,24,24,24,24,24,24,24,24,24
10581,1,1,0,0,0,0,0,0,0,0,0,0
10582,1,1,0,0,12,9,0,9,0,0,0,0
10582,2,1,0,0,0,0,0,0,0,0,0,0
10583,1,1,0,0,0,0,0,0,0,0,0,0
10583,2,1,0,0,0,0,0,0,0,0,0,0
10584,1,1,0,11,10,0,20,0,0,20,0,18
10584,2,1,0,0,0,0,0,35,0,0,0,0
10585,1,1,0,0,0,0,0,0,0,0,0,0
10585,2,1,0,0,0,0,0,0,0,0,0,0
10586,1,1,0,16,0,0,0,0,20,0,0,0
10586,2,1,0,11,0,0,8,0,0,0,0,0
10587,1,1,6,0,3,0,0,0,0,0,2,0
10587,2,1,0,0,0,0,0,0,0,0,0,0
10588,1,1,0,0,0,0,0,0,0,0,0,0
10588,2,1,0,0,0,0,0,0,0,0,0,0
10589,1,1,7,8,25,15,32,11,22,22,9,0
10590,1,1,0,0,0,0,0,0,0,0,0,0
10590,2,1,0,0,0,0,0,0,0,0,0,0
10591,1,1,15,15,15,15,15,15,15,15,15,15
10592,1,1,0,0,0,0,0,0,0,0,0,0
10592,2,1,0,0,0,0,0,0,0,0,0,0
10593,1,1,0,0,0,0,0,14,0,0,0,0
10593,2,1,0,0,0,0,0,0,0,0,0,0
10594,0,1,30,37,5,2,8,19,18,13,16,20
10594,1,1,0,0,0,0,0,0,0,0,0,0
10595,1,1,28,28,28,28,28,28,28,28,28,28
10596,1,1,4,4,4,4,4,4,4,4,4,4
10597,1,1,0,0,0,0,0,0,0,0,0,0
10597,2,1,0,0,0,0,0,0,0,0,0,0
10598,1,1,0,0,15,0,26,0,0,0,0,0
10599,1,1,0,0,0,0,0,0,0,11,0,0
10599,2,1,0,0,0,0,0,0,0,0,0,0
10600,1,1,0,0,0,0,0,0,0,0,0,0
10600,2,1,0,0,0,0,0,0,0,0,0,0
10601,0,1,0,0,0,0,0,0,0,0,0,0
10601,1,1,12,29,0,0,0,26,16,20,0,0
10602,1,1,4,4,4,4,4,4,4,4,4,4
10603,1,1,0,21,12,23,11,23,5,0,13,20
10603,2,1,0,0,0,0,0,0,0,0,0,0
10604,1,1,0,0,9,10,13,12,0,12,16,15
10605,1,1,17,7,15,5,20,10,16,14,18,4
10606,1,1,0,0,0,0,0,0,0,0,0,0
10607,1,1,5,5,5,5,5,5,5,5,5,5
10608,1,1,0,0,0,0,0,0,0,0,0,0
10609,1,1,8,8,8,8,8,8,8,8,8,8
10610,1,1,0,0,0,0,12,0,0,0,0,0
10610,2,1,0,0,0,0,0,0,0,0,13,0
10611,1,1,0,34,0,0,0,0,0,0,0,0
10612,1,1,0,0,0,0,0,0,27,0,0,0
10612,2,1,0,0,0,16,17,0,0,0,0,0
10613,1,1,0,0,0,0,0,0,0,0,0,0
10613,2,1,0,0,0,0,0,0,0,0,0,0
10614,1,1,7,7,7,7,7,7,7,7,7,7
10615,1,1,0,0,0,0,0,0,0,0,0,0
10616,0,1,2,2,2,2,2,2,2,2,2,2
10616,1,1,0,0,0,4,0,0,0,0,18,0
10617,1,1,0,0,0,0,0,0,0,8,0,13
10618,1,1,22,22,22,22,22,22,22,22,22,22
10619,1,1,0,0,0,0,0,0,0,0,0,0
10619,2,1,0,0,0,0,0,0,0,0,0,0
10620,1,1,0,0,0,0,0,0,0,0,0,0
10620,2,1,0,0,0,0,0,0,0,0,0,0
10621,1,1,0,0,0,0,0,0,0,0,0,0
10622,1,1,0,0,14,0,0,0,0,14,0,0
10623,1,1,37,37,37,37,37,37,37,37,37,37
10623,2,1,0,0,0,0,0,0,16,0,10,0
10625,1,1,0,14,0,14,0,26,23,20,5,14
10626,1,1,15,15,15,15,15,15,15,15,15,15
10627,1,1,0,0,0,0,0,0,0,0,0,0
10628,1,1,5,5,5,5,5,5,5,5,5,5
10629,1,1,16,8,0,28,0,0,0,0,0,0
10629,2,1,6,6,6,6,6,6,6,6,6,6
10630,1,1,0,0,0,0,0,0,0,0,0,0
10630,2,1,0,0,0,0,0,0,0,0,0,0
10631,1,1,0,0,0,0,0,0,0,0,0,0
10632,1,1,0,0,0,18,0,0,0,0,0,0
10632,2,1,0,0,0,0,0,0,0,0,0,0
10633,0,1,48,0,19,0,0,0,0,18,27,40
10633,1,1,0,0,0,0,0,0,0,0,0,0
10634,1,1,0,0,0,0,0,0,0,0,0,0
10635,0,1,0,0,0,0,0,0,0,0,0,0
10635,1,1,0,0,0,0,0,0,0,0,0,0
10636,1,1,13,32,0,10,17,20,0,8,0,0
10637,1,1,0,0,0,0,0,0,0,0,0,0
10638,1,1,0,0,0,0,0,0,0,0,0,0
10638,2,1,0,0,0,0,0,0,0,0,0,0