ST_CASE,VEH_NO,PER_NO,P1,P2,P3,P4,P5,P6,P7,P8,P9,P10
40348,1,1,0,0,0,17,0,0,0,0,0,0
40349,1,1,0,0,0,0,0,0,0,0,0,0
40349,2,1,0,0,0,0,0,0,0,0,0,0
40349,3,1,0,0,23,0,0,0,0,0,0,0
40350,1,1,0,0,0,0,0,0,0,0,0,0
40350,2,1,0,0,0,0,0,0,16,0,16,0
40351,1,1,23,24,0,0,0,0,0,0,0,0
40352,1,1,0,0,47,0,0,0,0,0,36,0
40353,1,1,16,16,16,16,16,16,16,16,16,16
40353,2,1,0,0,0,0,0,0,0,0,0,0
40354,1,1,0,0,0,0,20,35,0,0,0,0
40355,1,1,0,0,0,0,0,0,0,0,0,0
40355,2,1,0,0,0,0,0,0,0,0,0,0
40356,1,1,0,21,25,9,0,0,0,0,0,0
40357,0,1,0,0,24,0,0,0,0,0,0,29
40357,1,1,0,0,0,0,18,0,0,0,0,0
40358,1,1,15,15,15,15,15,15,15,15,15,15
40358,2,1,0,0,0,0,0,0,0,0,0,0
40359,0,1,0,0,0,0,0,0,0,0,0,0
40359,1,1,0,0,19,0,0,0,0,0,0,0
40360,1,1,0,0,0,0,0,0,0,0,0,20
40360,2,1,0,0,0,0,0,0,0,0,0,0
40360,3,1,0,0,0,0,0,0,0,0,0,0
40361,1,1,0,0,0,0,0,0,0,19,0,0
40361,2,1,5,5,5,5,5,5,5,5,5,5
40362,1,1,0,0,0,0,0,0,0,0,0,0
40363,1,1,0,0,0,0,0,0,0,0,0,0
40363,2,1,17,11,15,20,17,31,24,31,25,21
40364,1,1,15,20,18,23,0,11,22,0,10,14
40365,0,1,0,0,0,0,0,0,0,0,0,0
40365,0,2,0,0,0,0,0,0,0,0,0,0
40365,1,1,0,0,34,0,0,0,0,0,0,0
40366,1,1,0,0,0,0,23,0,0,0,0,0
40366,2,1,0,0,0,0,0,0,0,0,0,0
40367,0,1,0,0,0,0,0,0,0,0,0,0
40367,1,1,0,0,0,12,0,0,0,0,0,0
40368,1,1,0,0,0,0,0,0,0,0,0,0
40368,2,1,0,0,0,0,0,0,0,0,0,0
40368,3,1,0,0,0,0,0,0,0,0,0,0
40368,4,1,0,0,0,0,0,0,0,0,0,0
40368,5,1,0,0,0,0,0,0,0,0,0,0
40369,1,1,0,0,0,0,0,0,0,0,19,13
40370,1,1,0,0,0,0,0,0,0,0,11,0
40370,2,1,0,0,0,0,0,0,0,0,0,0
40371,1,1,18,0,0,0,0,0,0,0,0,0
40371,2,1,0,0,0,0,0,0,0,0,0,0
40372,0,1,0,0,0,28,13,32,12,33,0,0
40372,1,1,0,0,0,0,0,0,0,0,0,0
40373,0,1,0,11,0,35,0,0,0,0,0,33
40373,1,1,0,0,0,0,0,0,0,0,0,0
40374,1,1,0,0,0,0,0,0,0,0,0,0
40374,2,1,0,0,0,0,0,0,0,0,0,0
40375,1,1,9,0,0,27,27,0,21,19,0,10
40376,1,1,0,0,0,0,0,0,0,0,0,0
40376,2,1,0,0,0,0,0,0,22,0,0,0
40377,1,1,0,0,0,0,0,0,0,0,0,0
40378,0,1,11,7,0,0,0,0,0,0,0,0
40378,1,1,0,0,0,0,0,9,0,0,0,0
40379,0,1,0,0,0,0,0,0,0,0,0,0
40379,1,1,0,0,0,0,0,13,31,11,12,11
40379,2,1,0,0,0,0,0,0,0,0,0,0
40379,3,1,0,0,0,0,0,0,0,0,0,0
40380,1,1,13,0,15,11,11,24,0,17,17,0
40380,2,1,0,0,0,0,0,0,0,0,0,0
40381,1,1,50,8,22,32,24,14,16,19,37,29
40381,2,1,0,0,0,0,0,0,0,0,0,0
40382,1,1,0,10,11,0,0,0,31,0,0,29
40382,2,1,0,0,0,0,0,0,0,0,0,0
40383,1,1,0,0,0,0,0,0,0,0,0,0
40384,1,1,24,34,15,0,0,14,13,28,0,0
40385,1,1,6,11,11,0,0,0,2,0,0,6
40385,2,1,0,0,0,0,0,0,0,0,0,0
40386,1,1,0,0,0,0,0,0,0,0,0,0
40386,2,1,0,0,0,0,0,0,0,0,0,0
40387,1,1,0,0,6,0,0,0,0,0,0,0
40387,2,1,0,0,0,0,0,0,0,0,0,0
40388,0,1,0,0,0,0,19,0,0,0,0,0
40388,1,1,15,21,0,17,2,14,0,0,0,0
40389,1,1,0,0,0,0,0,0,0,0,0,0
40389,2,1,0,29,0,0,14,0,0,0,0,0
40390,1,1,0,0,0,0,0,0,0,0,0,0
40390,2,1,0,0,0,0,0,10,13,18,0,0
40391,1,1,0,0,0,0,19,0,18,0,0,0
40392,0,1,0,0,0,0,48,0,0,15,27,30
40392,1,1,20,6,21,19,23,13,7,3,11,25
40393,1,1,0,15,19,0,0,0,25,0,11,0
40394,1,1,0,0,0,0,0,0,0,0,0,0
40395,0,1,15,13,28,0,0,0,0,0,0,0
40395,1,1,15,22,0,20,0,0,0,0,0,13
40396,1,1,0,14,0,8,0,0,0,0,0,16
40396,2,1,0,0,0,0,0,0,0,0,0,0
40397,1,1,0,0,0,0,0,0,0,0,0,0
40397,2,1,0,0,0,0,0,0,0,0,0,0
40398,1,1,0,0,0,0,0,0,0,0,0,0
40398,2,1,0,0,0,0,0,0,0,0,0,0
40399,0,1,0,0,0,0,0,0,0,0,0,0
40400,1,1,24,24,24,24,24,24,24,24,24,24
40401,1,1,19,19,19,19,19,19,19,19,19,19
40401,2,1,5,5,5,5,5,5,5,5,5,5
40402,1,1,0,7,16,17,0,16,24,0,15,18
40403,0,1,0,0,0,15,0,0,0,0,0,0
40403,1,1,0,0,0,0,0,0,0,0,7,0
40404,0,1,0,0,0,0,0,0,0,0,0,0
40404,1,1,14,0,0,0,0,8,0,0,0,0
40405,1,1,22,22,22,22,22,22,22,22,22,22
40405,2,1,12,12,12,12,12,12,12,12,12,12
40406,1,1,0,13,0,0,0,0,0,0,20,0
40407,0,1,0,0,0,15,0,0,0,0,7,0
40407,1,1,9,9,9,9,9,9,9,9,9,9
40408,1,1,0,0,0,0,0,0,0,0,0,0
40409,0,1,0,0,0,0,0,11,0,4,0,0
40409,1,1,0,0,0,0,0,9,0,0,0,0
40410,1,1,0,0,0,0,0,0,0,0,0,0
40412,0,1,0,0,0,0,0,0,0,0,0,0
40412,1,1,0,0,0,0,0,0,0,0,0,0
40413,1,1,26,21,12,30,22,16,12,18,8,15
40414,0,1,31,0,0,0,16,0,0,0,10,0
40414,1,1,0,0,0,0,0,0,0,0,0,0
40415,1,1,8,21,21,14,26,26,7,17,6,25
40416,1,1,0,0,0,0,0,0,0,0,0,0
40416,2,1,0,0,0,0,0,0,0,0,0,0
40416,3,1,0,0,0,0,0,23,0,0,0,0
40416,4,1,0,0,0,0,0,0,0,0,0,0
40417,0,1,43,43,43,43,43,43,43,43,43,43
40417,1,1,0,0,0,0,0,0,0,0,0,0
40418,0,1,21,21,21,21,21,21,21,21,21,21
40418,1,1,0,0,0,0,0,0,0,0,0,0
40419,1,1,0,0,0,0,0,0,17,0,0,0
40419,2,1,13,17,0,23,0,15,28,18,20,13
40420,0,1,0,0,0,35,0,0,0,0,0,0
40420,1,1,0,0,0,0,0,0,0,0,0,0
40421,0,1,0,0,0,0,0,0,0,0,0,0
40421,1,1,19,12,10,0,11,0,17,14,0,8
40422,1,1,0,0,0,0,0,0,0,0,0,0
40423,0,1,0,0,0,0,0,0,0,0,0,0
40423,0,2,17,0,0,0,0,0,0,0,0,0
40423,1,1,0,0,0,0,0,0,0,0,0,0
40424,0,1,0,0,0,0,0,0,0,0,0,0
40424,1,1,20,0,0,0,0,0,0,0,0,0
40425,1,1,0,0,0,0,0,0,16,12,0,20
40426,0,1,12,11,7,13,13,12,15,27,22,0
40426,1,1,0,0,0,0,0,0,0,0,0,0
40427,0,1,0,0,0,0,0,0,0,0,0,0
40427,1,1,0,0,0,0,0,0,0,0,0,0
40428,1,1,0,0,0,0,0,0,0,0,0,8
40428,2,1,0,0,0,0,0,0,0,0,0,0
40428,3,1,0,0,0,0,0,0,0,0,0,0
40429,1,1,0,0,0,0,0,0,0,0,0,0
40429,2,1,0,0,0,0,0,0,0,0,0,0
40430,1,1,0,0,0,0,0,0,0,0,0,0
40430,2,1,4,10,4,0,0,17,18,14,6,10
40431,1,1,0,0,5,16,0,0,0,0,0,27
40431,2,1,0,0,0,0,0,0,0,0,0,0
40432,1,1,0,0,0,0,0,0,0,0,0,0
40432,2,1,0,0,0,0,0,0,0,0,0,0
40433,1,1,31,31,31,31,31,31,31,31,31,31
40434,0,1,29,29,29,29,29,29,29,29,29,29
40434,1,1,0,0,0,0,0,0,0,0,0,0
40435,1,1,0,0,0,0,0,0,0,0,0,0
40435,2,1,0,0,0,0,0,0,0,0,0,0
40436,1,1,0,0,0,0,0,0,0,0,0,0
40436,2,1,3,0,0,0,0,0,0,0,0,0
40437,0,1,17,17,17,17,17,17,17,17,17,17
40437,1,1,0,23,0,19,0,9,0,17,6,17
40438,1,1,0,0,0,0,0,0,0,0,0,0
40439,1,1,20,0,0,0,30,29,21,0,10,0
40440,0,1,0,0,0,0,0,0,0,0,0,0
40440,1,1,23,6,12,26,20,27,12,25,0,13
40441,0,1,0,0,0,0,0,0,0,0,0,0
40441,1,1,0,0,0,0,0,0,0,0,0,0
40442,1,1,0,0,0,0,0,0,0,0,0,0
40442,2,1,0,0,0,0,10,0,0,18,0,0
40443,0,1,0,14,30,32,27,0,0,0,23,0
40443,1,1,0,0,0,0,0,0,8,0,0,0
40444,1,1,0,0,0,0,0,0,0,0,0,0
40444,2,1,1,1,1,1,1,1,1,1,1,1
40446,1,1,0,0,0,0,0,0,0,0,15,0
40447,1,1,0,18,8,12,25,9,0,34,15,9
40448,0,1,0,0,0,0,0,0,36,17,7,0
40448,1,1,0,31,0,21,14,12,25,11,0,2
40449,0,1,27,36,19,9,0,0,31,0,0,0
40449,1,1,0,0,0,0,0,0,0,0,0,0
40450,0,1,10,10,10,10,10,10,10,10,10,10
40450,1,1,0,0,0,0,0,0,0,0,0,0
40450,2,1,0,0,0,0,22,0,0,0,0,19
40451,0,1,0,0,0,0,0,0,0,0,0,0
40451,1,1,0,0,0,0,0,0,0,0,0,0
40452,1,1,17,22,7,14,10,0,0,0,19,29
40453,1,1,17,29,14,0,12,0,9,0,10,29
40454,0,1,0,0,0,0,0,0,0,0,0,0
40454,1,1,0,0,0,0,0,0,0,0,0,0
40455,0,1,0,0,0,31,18,0,0,14,0,0
40455,1,1,0,0,0,0,0,0,0,0,0,0
40456,1,1,0,0,0,0,0,0,0,0,0,0
40457,1,1,16,28,16,14,14,37,20,12,12,0
40458,1,1,0,0,0,0,0,0,0,0,0,0
40458,2,1,0,0,0,0,0,0,0,0,0,0
40459,1,1,0,0,0,23,0,0,0,0,0,0
40460,1,1,4,4,4,4,4,4,4,4,4,4
40460,2,1,0,0,0,0,0,0,0,0,0,0
40461,0,1,0,0,0,0,0,0,0,0,0,0
40461,0,2,0,0,0,0,0,18,0,0,0,0
40461,0,3,0,0,0,0,0,0,0,0,0,0
40461,1,1,0,0,0,0,0,0,0,0,0,0
40462,1,1,10,8,11,18,0,0,6,12,7,12
40462,2,1,0,0,9,0,0,19,0,0,11,0
40463,1,1,0,0,0,0,0,0,0,0,0,0
40464,1,1,0,0,0,0,0,0,0,0,0,0
40464,2,1,0,0,0,0,0,0,0,0,0,0
40465,1,1,0,0,0,0,0,0,0,0,0,0
40466,1,1,10,10,10,10,10,10,10,10,10,10
40467,1,1,0,0,11,8,0,0,0,0,0,0
40467,2,1,0,0,0,0,0,0,0,0,0,0
40468,1,1,0,0,0,0,0,0,0,0,0,0
40468,2,1,0,0,0,0,0,0,0,0,0,0
40468,3,1,0,0,0,0,0,0,0,0,0,0
40469,0,1,27,23,5,22,12,32,28,18,7,30
40469,1,1,12,21,0,0,0,8,17,31,12,24
40470,0,1,0,0,0,0,25,0,0,0,0,0
40470,1,1,0,0,0,0,0,0,0,0,0,0
40471,1,1,0,0,0,0,0,0,0,20,0,0
40471,2,1,0,0,0,0,0,0,0,0,0,0
40472,0,1,24,10,0,23,0,0,0,27,0,33
40472,1,1,0,0,0,0,0,0,0,0,0,0
40473,1,1,0,0,0,0,0,0,0,13,0,0
40473,2,1,0,12,0,0,0,0,31,0,0,0
40473,3,1,0,0,0,0,0,0,0,0,0,0
40474,1,1,0,0,0,0,0,0,0,0,0,0
40475,1,1,0,0,0,0,0,0,0,0,0,0
40475,2,1,0,0,0,8,0,16,16,22,0,0
40476,1,1,0,0,0,0,0,0,0,0,25,0
40477,0,1,0,0,0,0,0,0,0,0,0,0
40477,1,1,0,0,0,0,0,0,0,0,0,0
40478,1,1,0,15,28,22,19,27,7,8,15,18
40478,2,1,0,0,0,0,0,0,0,0,0,0
40479,1,1,0,11,0,12,0,23,0,0,0,0
40480,1,1,0,0,0,0,0,0,0,0,0,0
40480,2,1,0,0,0,0,0,0,0,0,0,0
40481,1,1,14,0,11,0,0,0,0,0,25,16
40481,2,1,0,0,0,0,0,0,0,0,0,0
40482,0,1,29,29,29,29,29,29,29,29,29,29
40482,1,1,0,0,0,0,0,0,0,0,0,0
40483,1,1,0,0,0,0,0,0,0,0,0,0
40483,2,1,0,0,0,0,0,0,0,0,0,0
40484,1,1,0,0,0,0,0,0,0,0,0,0
40484,2,1,0,0,0,0,0,0,0,0,0,0
40485,1,1,0,0,0,0,0,0,0,0,0,0
40486,1,1,37,0,0,0,12,11,0,0,29,0
40487,1,1,0,22,0,0,0,0,0,0,0,0
40487,2,1,0,0,28,44,0,0,0,0,0,0
40488,0,1,0,0,26,13,18,19,0,19,13,0
40488,1,1,0,0,17,0,0,11,0,0,0,0
40489,1,1,0,0,0,0,0,0,0,0,0,0
40490,1,1,0,0,0,0,0,0,0,0,0,0
40490,2,1,0,0,0,0,0,0,0,0,0,0
40491,1,1,0,0,0,0,0,6,0,0,0,0
40492,1,1,0,0,6,0,8,0,0,0,0,0
40493,0,1,0,22,22,0,0,0,0,0,13,0
40493,1,1,0,0,0,0,0,0,0,0,0,0
40494,1,1,0,0,0,0,0,0,0,0,0,0
40494,2,1,0,0,0,0,26,0,0,0,0,0
40495,1,1,0,0,0,0,24,0,0,0,0,0
40496,1,1,5,14,17,15,0,14,12,13,22,16
40497,1,1,0,0,0,0,0,0,0,0,0,0
40497,2,1,0,0,0,0,0,0,0,0,0,0
40498,1,1,0,0,0,0,0,6,0,0,0,0
40498,2,1,0,0,0,0,23,0,0,0,0,0
40498,3,1,0,0,0,0,0,0,0,0,0,0
40498,4,1,24,0,0,0,0,12,0,0,0,0
40498,5,1,0,0,0,0,0,0,0,0,0,0
40499,1,1,10,10,10,10,10,10,10,10,10,10
40499,2,1,0,0,0,0,0,0,0,0,0,0
40499,3,1,10,0,0,0,0,0,0,0,12,0
40499,4,1,0,0,17,0,0,0,0,0,0,0
40499,5,1,0,0,0,16,0,0,0,0,0,0
40500,1,1,24,0,16,0,0,0,0,0,0,0
40500,2,1,0,0,0,0,0,0,0,0,0,0
40500,3,1,27,0,0,22,0,0,0,0,0,9
40501,1,1,0,9,13,14,4,16,8,18,20,5
40501,2,1,0,17,17,0,19,0,0,19,19,14
40502,1,1,0,0,0,0,0,0,0,4,0,0
40502,2,1,20,0,0,0,12,0,0,23,0,19
40503,1,1,0,0,0,0,0,24,0,25,0,0
40503,2,1,0,0,0,0,0,0,0,0,0,0
40504,1,1,14,14,14,14,14,14,14,14,14,14
40505,0,1,23,47,29,12,15,20,24,15,15,12
40505,1,1,0,0,0,0,0,0,16,0,0,0
40506,1,1,0,0,0,0,0,20,5,0,0,18
40506,2,1,0,0,0,0,0,0,0,0,0,0
40507,1,1,29,20,19,12,29,11,46,13,34,18
40508,0,1,21,21,21,21,21,21,21,21,21,21
40508,1,1,1,1,1,1,1,1,1,1,1,1
40509,1,1,0,0,0,0,0,0,0,0,0,0
40510,0,1,0,0,0,0,28,0,0,0,0,0
40510,1,1,0,0,0,0,0,0,0,0,0,14
40511,1,1,6,6,6,6,6,6,6,6,6,6
40512,1,1,0,0,0,0,0,0,0,0,0,0
40512,2,1,0,0,0,0,0,0,0,0,0,0
40513,1,1,4,4,4,4,4,4,4,4,4,4
40513,2,1,0,0,0,0,0,0,0,0,0,0
40514,1,1,11,14,26,5,23,0,0,0,19,7
40515,1,1,25,19,12,17,9,0,23,17,18,6
40515,2,1,0,0,0,0,0,0,0,0,0,0
40516,1,1,24,24,24,24,24,24,24,24,24,24
40517,1,1,0,0,0,0,0,0,0,0,0,0
40517,2,1,0,0,0,0,0,0,0,0,0,0
40518,0,1,0,0,6,0,0,22,0,21,11,0
40518,1,1,12,13,14,24,0,15,0,0,25,0
40519,1,1,0,0,12,10,6,6,0,0,0,0
40519,2,1,0,0,45,0,0,0,0,0,0,0
40520,0,1,0,24,0,16,13,0,16,0,0,38
40520,1,1,0,0,0,0,0,0,0,0,0,0
40521,0,1,0,0,0,0,0,0,0,0,0,0
40521,1,1,0,0,0,0,0,0,0,0,0,0
40522,1,1,13,0,16,16,21,16,9,14,9,18
40523,1,1,26,26,26,26,26,26,26,26,26,26
40524,1,1,0,12,0,15,0,0,0,0,0,0
40524,2,1,0,0,0,0,0,0,0,0,0,0
40525,1,1,0,16,0,0,0,0,0,0,16,19
40526,1,1,15,34,0,0,14,10,19,0,0,0
40526,2,1,0,0,0,0,10,4,18,20,24,0
40527,1,1,15,0,3,10,0,0,0,0,12,0
40528,1,1,0,0,0,0,0,0,0,0,0,0
40528,2,1,0,20,0,15,0,0,0,0,0,0
40529,1,1,0,0,0,0,0,0,0,0,0,0
40529,2,1,0,0,0,0,0,0,0,0,0,0
40530,1,1,15,15,15,15,15,15,15,15,15,15
40531,0,1,0,0,0,0,0,0,0,0,0,0
40531,1,1,0,0,0,0,0,0,0,0,0,0
40532,1,1,0,0,0,0,0,0,0,0,0,0
40533,1,1,0,0,0,0,0,0,0,0,0,0
40534,1,1,1,1,1,1,1,1,1,1,1,1
40535,1,1,0,0,0,0,0,0,0,0,28,0
40535,2,1,0,0,0,0,0,0,0,0,0,0
40536,1,1,0,24,18,0,31,0,0,13,12,21
40537,1,1,0,0,0,0,0,0,0,0,0,0
40537,2,1,3,3,3,3,3,3,3,3,3,3
40537,3,1,0,0,0,0,0,0,0,0,0,7
40538,0,1,0,0,0,0,0,0,0,0,0,0
40538,1,1,0,0,0,0,0,0,0,0,0,0
40539,0,1,0,0,0,0,0,0,0,0,0,0
40539,1,1,0,0,0,0,0,0,0,0,0,0
40540,0,1,20,20,20,20,20,20,20,20,20,20
40540,0,2,0,0,0,0,0,0,0,0,0,8
40540,1,1,0,0,0,0,0,0,0,0,8,0
40541,1,1,10,10,10,10,10,10,10,10,10,10
40541,2,1,0,0,0,0,0,0,0,0,0,0
40542,1,1,0,0,0,0,0,0,0,0,0,27
40542,2,1,0,0,0,0,0,0,0,0,0,0
40543,1,1,0,9,0,0,19,0,0,0,29,0
40544,1,1,0,0,0,0,0,0,0,0,0,0
40545,1,1,0,0,0,0,0,0,0,0,0,0
40545,2,1,0,14,0,0,22,0,0,0,2,7
40546,1,1,0,0,0,0,0,0,0,0,43,0
40547,1,1,17,17,17,17,17,17,17,17,17,17
40548,1,1,18,18,18,18,18,18,18,18,18,18
40548,2,1,0,0,0,0,0,0,0,0,0,0
40549,1,1,0,0,0,16,0,0,21,0,0,0
40549,2,1,0,0,0,0,0,0,0,0,0,0
40550,1,1,0,0,17,0,11,23,0,26,10,0
40550,2,1,0,0,0,0,0,0,0,0,0,0
40551,1,1,0,0,0,0,0,0,0,0,0,0
40552,1,1,0,0,12,0,0,0,0,0,0,0
40552,2,1,0,0,25,0,0,13,0,0,0,0
40553,1,1,29,29,29,29,29,29,29,29,29,29
40554,1,1,0,11,0,0,0,0,0,0,0,0
40554,2,1,0,0,0,0,0,0,0,0,0,0
40554,3,1,0,0,0,0,0,0,0,0,14,0
40555,1,1,17,17,17,17,17,17,17,17,17,17
40556,1,1,0,0,0,0,0,0,0,0,0,0
40557,1,1,0,0,0,0,0,0,0,0,0,0
40557,2,1,0,0,0,0,0,0,0,0,0,0
40558,1,1,0,0,0,0,0,0,0,0,0,10
40559,1,1,19,19,19,19,19,19,19,19,19,19
40560,1,1,0,0,0,0,0,0,0,0,0,0
40560,2,1,0,0,0,0,0,0,0,0,0,0
40561,1,1,23,23,23,23,23,23,23,23,23,23
40562,1,1,0,0,0,0,0,0,0,0,0,0
40563,1,1,27,27,27,27,27,27,27,27,27,27
40563,2,1,0,0,0,0,0,0,0,0,0,0
40564,1,1,36,0,26,0,6,0,0,0,0,14
40565,1,1,0,0,10,0,0,0,0,0,0,0
40565,2,1,0,0,0,0,0,0,0,0,0,0
40566,1,1,0,0,0,6,0,0,0,0,24,0
40566,2,1,0,0,0,0,0,0,0,0,0,0
40567,0,1,0,0,0,0,0,0,0,0,0,0
40567,1,1,0,0,20,0,0,0,0,0,0,0
40568,1,1,17,0,0,0,0,0,0,0,0,0
40568,2,1,0,0,13,19,0,0,0,0,16,0
40568,3,1,0,0,0,0,13,0,0,0,0,0
40569,0,1,18,0,15,6,0,0,0,0,7,11
40569,1,1,0,0,0,0,0,0,0,6,0,0
40570,1,1,0,0,0,0,0,0,0,0,0,0
40570,2,1,0,0,0,0,0,0,0,0,0,0
40571,1,1,0,0,0,0,0,0,0,0,0,0
40571,2,1,0,5,0,0,0,0,0,0,0,0
40572,1,1,7,7,7,7,7,7,7,7,7,7
40572,2,1,0,0,0,0,0,0,0,0,0,0
40573,1,1,0,0,0,13,0,8,0,0,16,0
40574,1,1,0,0,0,0,0,0,0,0,0,0
40575,1,1,0,0,0,0,0,0,0,18,0,0
40575,2,1,0,0,0,0,0,0,0,0,0,0
40576,1,1,0,23,0,0,13,11,0,0,16,35
40577,1,1,0,0,0,12,31,0,21,0,0,23
40578,1,1,0,0,0,0,0,0,14,0,0,0
40579,1,1,15,38,14,0,18,17,18,27,0,0
40580,1,1,0,0,0,0,0,0,0,0,0,0
40580,2,1,0,0,0,0,0,0,0,0,0,0
40581,0,1,28,0,9,0,0,0,10,0,0,10
40581,1,1,0,0,0,0,0,20,0,14,0,0
40582,0,1,0,0,0,0,0,0,0,0,0,0
40582,1,1,0,0,0,0,0,0,0,0,8,0
40583,0,1,0,0,0,0,0,0,0,0,0,0
40583,1,1,0,0,0,0,0,10,0,0,0,12
40584,0,1,35,19,0,0,0,0,0,17,0,0
40584,1,1,0,0,0,0,0,0,0,0,0,0
40585,1,1,0,0,0,0,0,0,0,0,0,0
40585,2,1,0,0,0,0,0,0,0,0,0,15
40586,0,1,0,0,0,0,0,0,0,0,0,0
40586,0,2,0,0,0,0,0,0,0,0,0,0
40586,1,1,0,0,0,15,0,0,0,0,0,0
40587,1,1,0,0,0,0,0,0,0,0,0,0
40587,2,1,0,0,0,0,0,0,0,0,0,0
40589,1,1,0,0,0,0,0,0,0,0,0,0
40589,2,1,0,0,0,0,0,0,0,0,0,0
40590,0,1,0,0,0,0,0,0,0,0,0,0
40590,1,1,0,0,0,0,0,0,0,0,0,0
40591,1,1,0,24,0,0,0,0,0,0,11,0
40591,2,1,0,0,0,0,0,0,0,0,0,0
40592,1,1,0,0,0,0,0,0,0,7,0,0
40592,2,1,0,0,0,0,0,0,0,0,0,0
40593,1,1,0,0,0,0,18,0,0,19,0,0
40593,2,1,13,0,0,0,0,0,12,0,0,0
40594,1,1,0,0,0,0,0,0,0,0,0,0
40594,2,1,0,0,0,0,0,0,0,0,0,0
40594,3,1,0,21,0,0,0,0,0,0,0,0
40594,4,1,0,0,0,0,0,0,0,0,0,0
40595,0,1,14,26,0,0,23,0,0,26,3,0
40595,1,1,0,34,0,0,0,0,10,0,13,0
40596,0,1,0,0,0,25,0,0,0,0,0,33
40596,0,2,0,0,0,0,0,0,0,0,0,8
40596,0,3,0,0,0,0,0,0,0,0,0,0
40596,0,4,0,0,0,0,0,0,0,0,0,0
40596,0,5,0,17,0,0,0,0,0,0,0,0
40596,1,1,0,0,0,0,0,0,0,0,0,0
40596,3,1,0,0,0,0,0,0,8,0,0,0
40597,1,1,0,0,0,0,0,0,0,0,0,0
40597,2,1,0,0,0,0,0,0,0,0,0,0
40598,1,1,24,24,24,24,24,24,24,24,24,24
40598,2,1,0,0,11,0,0,0,0,37,0,0
40599,0,1,0,0,0,0,0,0,0,0,0,0
40599,1,1,0,0,0,0,0,0,0,0,0,0
40600,1,1,0,0,0,0,40,0,0,0,5,28
40601,1,1,0,0,0,21,0,0,0,0,0,0
40602,0,1,0,25,0,15,0,16,0,0,0,0
40602,1,1,0,0,0,0,0,0,0,0,0,0
40602,2,1,0,0,0,0,0,0,0,0,0,0
40603,1,1,18,18,18,18,18,18,18,18,18,18
40603,2,1,0,0,0,0,0,0,0,0,0,0
40604,1,1,0,0,0,0,0,0,0,0,0,0
40604,2,1,0,0,0,0,0,0,0,0,0,0
40605,1,1,17,0,0,0,0,9,23,0,26,32
40606,1,1,0,0,0,0,8,0,0,0,0,18
40607,1,1,0,0,0,3,0,0,11,0,7,0
40608,0,1,0,0,0,0,3,0,0,0,21,0
40608,1,1,0,0,0,0,0,0,0,0,0,0
40609,1,1,0,0,0,0,0,0,0,0,10,0
40609,2,1,0,0,0,0,15,0,0,0,0,0
40610,1,1,0,0,0,0,0,0,0,0,0,0
40610,2,1,0,0,0,0,0,0,0,0,17,0
40611,1,1,18,21,23,0,0,0,36,5,11,16
40612,1,1,0,0,0,0,0,0,0,0,0,0
40613,0,1,0,0,0,0,0,0,0,0,0,0
40613,1,1,7,4,31,11,0,14,14,16,7,8
40614,1,1,0,0,0,0,0,5,0,0,0,0
40614,2,1,0,0,0,0,0,0,0,0,0,0
40615,1,1,0,0,0,0,0,0,0,0,0,0
40615,2,1,0,0,0,0,0,0,0,0,0,0
40616,0,1,0,13,13,0,0,19,0,0,14,26
40616,1,1,0,0,0,0,0,0,18,0,0,0
40617,1,1,0,0,0,0,0,0,0,0,0,0
40618,1,1,0,0,0,0,0,0,19,0,0,0
40618,2,1,0,0,0,0,0,0,0,0,0,0
40619,1,1,0,0,0,0,0,0,0,0,0,0
40619,2,1,0,0,0,0,0,0,0,0,0,0
40620,1,1,0,0,0,0,0,0,0,0,0,0
40620,2,1,0,0,0,0,0,0,0,0,0,0
40620,3,1,0,0,0,5,0,0,0,0,0,13
40620,4,1,0,0,0,0,0,0,0,0,0,0
40621,1,1,0,0,0,0,0,0,0,0,0,0
40622,1,1,16,5,31,14,17,15,29,24,28,9
40622,2,1,0,0,0,0,0,0,0,0,0,0
40623,1,1,24,24,24,24,24,24,24,24,24,24
40624,1,1,0,0,0,0,0,0,0,0,0,0
40624,2,1,0,0,0,0,4,0,3,0,0,0
40625,1,1,25,25,25,25,25,25,25,25,25,25
40625,2,1,0,0,0,0,0,0,0,0,0,0
40626,1,1,0,0,0,0,0,4,8,0,0,0
40626,2,1,0,31,0,28,0,0,0,0,0,0
40626,3,1,0,0,0,0,0,0,0,0,0,4
40627,1,1,16,16,16,16,16,16,16,16,16,16
40628,1,1,14,14,14,14,14,14,14,14,14,14
40629,1,1,0,0,0,0,0,0,0,0,0,0
40630,1,1,0,0,0,0,0,20,0,0,0,0
40630,2,1,0,0,0,0,0,0,0,0,0,0
40632,0,1,0,0,22,17,24,0,0,11,35,0
40632,1,1,0,0,0,0,0,0,0,0,0,0
40632,2,1,0,0,0,0,0,0,0,24,0,9
40633,1,1,13,13,13,13,13,13,13,13,13,13
40633,2,1,0,5,0,12,0,0,10,0,0,0
40634,1,1,0,0,0,0,0,0,0,0,0,0
40634,2,1,0,0,0,0,0,0,0,0,0,0
40635,1,1,0,0,0,0,0,0,0,0,0,0
40635,2,1,0,0,0,0,0,0,0,0,0,0
40635,3,1,0,0,0,0,0,0,0,0,0,0
40636,1,1,0,0,0,0,0,0,0,0,0,0
40636,2,1,0,0,0,0,0,13,0,0,0,0
40636,3,1,0,0,0,0,0,0,0,0,0,0
40636,4,1,0,0,0,0,0,0,0,0,0,0
40637,1,1,14,14,14,14,14,14,14,14,14,14
40638,1,1,11,10,7,0,0,10,0,6,23,43
40638,2,1,0,0,0,0,0,0,0,0,8,0
40639,0,1,0,0,0,0,0,0,0,0,0,0
40639,1,1,0,14,0,0,0,0,0,0,0,0
40639,2,1,0,0,0,0,0,0,0,0,16,7
40639,3,1,0,0,0,0,0,0,0,0,0,0
40640,0,1,0,0,0,0,0,0,0,0,0,0
40640,1,1,0,0,0,0,0,0,0,0,0,0