ST_CASE,VEH_NO,PER_NO,P1,P2,P3,P4,P5,P6,P7,P8,P9,P10
100052,0,1,0,0,0,0,0,0,0,0,0,0
100052,1,1,11,0,27,0,0,0,0,0,22,0
100053,1,1,18,18,18,18,18,18,18,18,18,18
100054,1,1,0,0,0,0,0,0,0,0,0,0
100054,2,1,0,0,0,0,0,0,0,0,10,0
100055,1,1,30,30,30,30,30,30,30,30,30,30
100056,0,1,17,17,17,17,17,17,17,17,17,17
100056,1,1,21,0,17,0,5,21,0,10,23,22
100057,1,1,7,7,7,7,7,7,7,7,7,7
100058,0,1,0,0,0,0,0,0,0,0,0,0
100058,1,1,0,0,0,0,0,0,0,0,0,0
100059,1,1,0,0,0,0,0,0,0,0,0,0
100060,0,1,0,0,0,0,0,0,0,0,0,0
100060,1,1,0,6,10,22,0,5,17,0,12,12
100061,1,1,0,0,0,0,0,0,0,0,0,0
100061,2,1,0,0,0,0,0,0,0,0,0,0
100062,1,1,0,0,0,0,0,0,0,0,0,0
100063,1,1,26,26,26,26,26,26,26,26,26,26
100064,1,1,0,0,0,0,0,0,0,0,0,0
100064,2,1,0,0,0,0,0,0,0,0,0,0
100065,1,1,0,0,10,0,5,18,0,0,0,0
100065,2,1,0,0,0,0,0,0,0,0,0,0
100066,1,1,44,44,44,44,44,44,44,44,44,44
100067,0,1,23,23,23,23,23,23,23,23,23,23
100067,1,1,0,0,0,0,0,0,0,0,0,0
100068,1,1,0,0,0,0,0,0,0,0,0,0
100068,2,1,0,0,0,0,0,0,0,0,0,0
100069,0,1,5,5,5,5,5,5,5,5,5,5
100069,1,1,0,18,0,0,0,0,0,0,0,0
100070,1,1,14,14,14,14,14,14,14,14,14,14
100071,1,1,0,3,0,0,0,0,0,0,0,0
100071,2,1,0,0,0,0,0,0,0,0,0,0
100072,0,1,0,0,0,0,0,0,0,0,11,0
100072,1,1,0,0,0,0,0,0,0,0,0,0
100073,1,1,0,0,0,0,0,0,0,0,0,0
100074,1,1,0,0,0,0,0,0,0,0,0,0
100075,1,1,0,0,0,0,0,0,0,0,0,0
100075,2,1,0,0,0,0,0,0,0,0,0,0
100076,1,1,22,22,22,22,22,22,22,22,22,22
100076,2,1,16,16,16,16,16,16,16,16,16,16
100077,1,1,0,9,0,0,0,0,0,18,0,0
100077,2,1,0,0,0,0,0,0,0,0,0,0
100078,1,1,0,0,0,0,0,14,39,0,0,0
100078,2,1,0,0,0,0,0,0,0,0,0,0
100079,1,1,0,0,0,0,0,0,0,0,0,0
100080,1,1,0,0,0,0,0,0,0,0,0,0
100080,2,1,24,24,24,24,24,24,24,24,24,24
100081,0,1,0,0,0,0,0,0,0,0,0,0
100081,1,1,0,0,0,0,0,0,0,0,0,0
100082,0,1,32,32,32,32,32,32,32,32,32,32
100082,1,1,0,0,0,0,0,0,0,0,0,0
100083,1,1,0,0,0,0,0,0,0,0,0,0
100083,2,1,0,0,0,0,0,0,0,0,0,0
100084,1,1,0,0,0,0,0,0,0,0,0,0
100084,2,1,12,12,12,12,12,12,12,12,12,12
100085,1,1,0,0,0,0,0,0,0,0,0,0
100085,2,1,0,0,0,0,0,0,0,0,0,0
100086,1,1,0,0,0,0,0,0,0,0,0,0
100086,2,1,0,0,0,0,0,0,0,0,0,0
100087,1,1,0,0,0,0,0,0,25,0,16,0
100087,2,1,0,0,0,0,0,0,0,0,0,0
100088,1,1,0,0,0,0,0,0,0,0,0,0
100089,1,1,0,0,0,0,0,0,0,0,0,0
100089,2,1,0,0,0,0,0,0,0,0,0,0
100090,1,1,0,0,0,0,0,0,0,0,16,0
100090,2,1,0,0,0,0,0,0,0,0,0,0
100091,1,1,0,0,12,0,0,0,0,0,0,0
100091,2,1,0,0,0,0,0,0,0,0,0,0
100092,0,1,0,0,0,0,0,0,0,0,0,0
100092,1,1,0,16,0,0,0,12,0,0,0,12
100093,0,1,0,0,0,0,0,0,0,0,0,0
100093,1,1,0,0,0,28,0,0,0,15,0,0
100094,1,1,0,0,0,0,0,0,0,0,0,0
100095,1,1,0,0,0,21,0,0,0,13,19,0
100095,2,1,0,0,0,0,0,0,0,0,0,0
100096,0,1,0,0,0,0,0,0,0,0,0,0
100096,1,1,9,0,0,20,0,0,0,0,0,0
100096,2,1,0,0,0,0,0,0,29,13,0,19
100097,0,1,1,1,1,1,1,1,1,1,1,1
100097,1,1,0,0,0,0,19,0,0,0,0,0
100097,2,1,0,0,0,0,16,16,0,0,0,0
100097,3,1,0,0,0,0,0,0,0,0,0,0
100097,4,1,0,0,0,0,0,0,20,0,0,0
100098,1,1,17,17,17,17,17,17,17,17,17,17
100099,2,1,33,33,33,33,33,33,33,33,33,33
100100,1,1,0,0,0,0,0,0,0,0,0,0
100100,2,1,0,0,0,0,0,0,0,0,0,0
100101,1,1,15,15,15,15,15,15,15,15,15,15
100102,1,1,0,0,0,0,0,0,0,0,0,0
100103,0,1,0,0,0,0,0,0,0,0,0,0
100103,1,1,0,0,0,0,0,0,24,0,0,0
100104,1,1,0,0,0,0,0,0,0,0,0,0
100104,2,1,0,0,0,0,0,0,0,0,0,0
100104,3,1,0,0,0,0,0,0,0,0,0,0
100105,0,1,0,0,0,0,0,0,0,0,0,0
100105,2,1,9,0,0,0,4,0,0,0,0,0
100106,0,1,0,0,0,0,0,0,0,0,0,0
100106,1,1,0,0,16,0,0,0,0,38,20,0
110001,1,1,14,0,0,0,12,0,0,0,0,0
110001,2,1,0,0,0,0,0,0,0,0,0,0
110002,1,1,25,25,25,25,25,25,25,25,25,25
110002,2,1,0,0,0,0,0,0,0,0,0,0
110003,0,1,0,0,0,0,0,0,0,0,0,0
110003,1,1,12,13,0,8,0,12,0,0,5,0
110004,0,1,0,0,0,0,0,0,0,0,0,0
110004,1,1,7,7,7,7,7,7,7,7,7,7
110005,1,1,0,0,0,0,0,0,0,0,0,0
110006,0,1,25,25,25,25,25,25,25,25,25,25
110006,2,1,16,30,0,15,0,0,0,0,0,0
110007,1,1,0,0,0,0,0,0,0,0,0,0
110008,0,1,0,0,0,0,0,0,0,0,0,0
110008,1,1,0,0,0,0,0,0,0,0,0,0
110009,1,1,0,0,0,0,0,0,0,0,0,0
110009,2,1,8,0,0,0,0,0,0,0,0,0
110010,1,1,16,16,16,16,16,16,16,16,16,16
110011,0,1,27,27,27,27,27,27,27,27,27,27
110011,1,1,1,1,1,1,1,1,1,1,1,1
110011,2,1,0,0,0,0,21,0,0,0,0,0
110012,1,1,7,7,7,7,7,7,7,7,7,7
110013,1,1,0,0,0,0,0,0,0,0,0,0
110014,0,1,0,0,0,0,0,0,0,0,0,0
110014,1,1,0,0,0,0,0,0,0,0,0,0
110014,2,1,0,0,0,0,0,0,0,0,0,0
110015,0,1,5,5,5,5,5,5,5,5,5,5
110015,1,1,15,0,0,0,0,0,0,0,0,0
110016,1,1,0,0,0,0,0,0,0,0,0,0
110016,2,1,0,0,0,0,0,0,0,0,0,0
110017,0,1,0,0,0,0,0,0,0,0,0,0
110017,1,1,0,0,0,0,0,0,0,0,0,0
110017,2,1,0,0,0,0,0,0,0,0,0,0
110018,1,1,0,0,0,0,0,0,0,0,0,0
110018,2,1,0,0,0,0,0,0,0,0,0,0
110019,1,1,20,20,20,20,20,20,20,20,20,20
110019,2,1,0,0,0,14,0,0,0,0,0,15
110020,1,1,0,0,0,0,0,0,0,0,0,0
110020,2,1,0,0,0,0,0,0,0,0,0,0
110021,1,1,0,0,0,0,0,0,0,0,0,0
110021,2,1,0,0,0,13,0,0,0,0,0,0
110022,1,1,0,0,0,0,0,0,0,0,0,0
110023,1,1,0,0,0,0,0,0,0,0,0,0
110024,0,1,0,0,0,0,0,0,0,0,0,0
110024,1,1,0,0,0,0,0,0,0,0,0,0
110025,0,1,19,19,19,19,19,19,19,19,19,19
110025,1,1,0,0,0,0,0,0,0,0,0,0
110026,1,1,0,0,0,0,10,0,0,0,0,0
110026,2,1,0,5,0,0,0,0,11,0,0,0
110027,1,1,0,0,0,0,0,0,0,0,0,0
110028,1,1,0,0,0,0,0,0,0,0,0,0
110028,2,1,5,5,5,5,5,5,5,5,5,5
110029,1,1,0,0,0,0,24,0,0,0,0,0
110030,1,1,0,0,0,0,0,0,0,0,0,0
110030,2,1,0,0,0,0,0,0,0,0,0,0
110031,1,1,0,0,0,0,0,0,0,0,0,0
110031,2,1,0,0,0,0,0,0,0,0,0,0
110032,0,1,34,34,34,34,34,34,34,34,34,34
110032,1,1,0,0,0,0,0,0,0,0,0,0
110033,1,1,12,12,12,12,12,12,12,12,12,12
110034,1,1,22,22,22,22,22,22,22,22,22,22
120001,0,1,0,0,0,0,30,0,0,20,0,0
120001,1,1,0,0,0,0,0,0,0,0,0,0
120002,0,1,0,0,0,0,0,0,0,0,0,0
120002,1,1,0,0,0,0,0,0,0,0,0,0
120003,0,1,20,28,31,19,25,31,24,0,38,25
120003,1,1,4,28,10,17,12,36,20,5,0,16
120004,1,1,0,0,0,0,0,0,0,0,0,0
120005,1,1,24,24,24,24,24,24,24,24,24,24
120006,0,1,0,0,0,0,0,0,0,0,0,0
120006,1,1,0,0,27,0,0,0,0,0,0,0
120007,1,1,10,10,10,10,10,10,10,10,10,10
120007,2,1,0,0,0,0,0,0,0,0,0,0
120008,1,1,14,14,14,14,14,14,14,14,14,14
120008,2,1,0,0,0,0,0,0,0,0,0,0
120009,1,1,14,14,14,14,14,14,14,14,14,14
120009,2,1,0,0,0,0,0,0,0,0,0,0
120009,3,1,0,0,0,0,11,0,0,0,0,0
120010,0,1,0,0,0,0,0,0,0,0,0,0
120010,1,1,0,0,0,0,0,0,0,0,0,0
120011,1,1,0,0,0,0,0,0,0,0,0,0
120011,2,1,0,0,0,0,0,0,0,0,0,0
120012,0,1,0,0,0,0,0,0,0,0,24,0
120012,1,1,0,0,0,0,0,0,0,0,0,0
120012,2,1,0,40,0,0,11,0,0,0,0,0
120012,3,1,11,34,0,0,0,0,0,0,0,0
120012,4,1,0,0,0,0,0,0,0,0,0,0
120013,1,1,0,0,0,0,0,0,0,0,0,0
120014,1,1,9,9,9,9,9,9,9,9,9,9
120014,2,1,18,18,18,18,18,18,18,18,18,18
120015,1,1,37,37,37,37,37,37,37,37,37,37
120017,0,1,0,0,0,0,0,0,0,0,0,0
120017,1,1,0,0,0,0,0,0,0,0,0,0
120018,0,1,22,22,22,22,22,22,22,22,22,22
120018,1,1,0,0,0,0,0,0,0,0,0,0
120019,1,1,12,12,12,12,12,12,12,12,12,12
120019,2,1,0,0,0,0,0,0,0,0,0,0
120020,1,1,0,0,0,0,0,0,0,0,0,0
120022,0,1,0,4,0,0,0,0,0,0,0,29
120022,1,1,0,0,0,0,19,0,0,0,0,10
120023,1,1,0,0,0,0,0,0,0,0,0,0
120024,0,1,0,0,0,0,0,0,0,0,0,0
120024,1,1,13,0,0,0,0,0,0,0,0,0
120025,0,1,0,16,40,2,0,19,0,0,0,0
120025,1,1,0,0,0,0,0,0,0,0,0,0
120026,0,1,0,0,0,0,0,0,0,0,0,0
120026,1,1,0,0,0,0,0,0,0,0,0,0
120027,1,1,0,0,0,0,0,0,0,0,0,0
120028,0,1,3,3,3,3,3,3,3,3,3,3
120028,1,1,16,8,14,13,0,0,20,0,0,0
120029,1,1,13,13,13,13,13,13,13,13,13,13
120029,2,1,13,13,13,13,13,13,13,13,13,13
120030,0,1,29,29,29,29,29,29,29,29,29,29
120030,1,1,0,0,0,0,0,0,9,0,0,0
120030,2,1,0,0,0,0,0,0,0,0,0,0
120031,1,1,0,0,0,0,0,0,0,0,0,0
120031,2,1,0,0,0,0,0,0,0,0,0,0
120032,1,1,0,0,0,0,0,0,0,0,0,0
120033,1,1,0,0,0,0,0,0,0,0,0,0
120033,2,1,0,0,0,0,0,0,0,0,0,0
120034,1,1,0,0,0,0,0,0,0,0,0,0
120034,2,1,0,0,0,10,0,7,4,6,0,13
120035,1,1,20,20,20,20,20,20,20,20,20,20
120036,1,1,0,0,13,0,0,0,0,0,0,0
120036,2,1,0,0,0,16,23,0,0,0,0,0
120037,0,1,0,0,0,0,0,0,0,0,0,0
120037,1,1,0,0,0,0,0,0,0,0,0,0
120039,1,1,0,0,0,0,0,0,0,0,0,0
120040,1,1,0,0,0,0,0,0,0,0,0,0
120041,1,1,20,20,20,20,20,20,20,20,20,20
120043,1,1,7,4,0,10,12,33,0,5,0,0
120043,2,1,0,0,0,0,0,0,0,12,0,0
120044,1,1,0,0,0,0,0,0,0,0,0,0
120047,1,1,0,0,0,0,0,0,0,0,0,0
120047,2,1,0,0,0,0,0,9,0,0,0,0
120048,1,1,0,0,0,0,0,0,0,0,0,0
120049,1,1,0,0,0,0,0,0,0,0,0,0
120049,2,1,0,0,0,0,0,0,0,0,0,0
120050,1,1,25,25,25,25,25,25,25,25,25,25
120051,0,1,0,14,0,29,0,0,0,0,0,0
120051,1,1,0,0,0,0,0,0,0,0,0,0
120052,0,1,11,11,11,11,11,11,11,11,11,11
120052,1,1,0,0,0,0,0,0,0,0,0,0
120052,2,1,0,0,0,0,18,0,0,0,5,0
120053,1,1,11,11,11,11,11,11,11,11,11,11
120053,2,1,0,0,0,0,0,0,0,0,0,0
120054,0,1,0,0,0,0,0,0,0,0,0,0
120054,0,2,0,0,0,0,0,0,13,0,0,0
120054,1,1,0,0,23,0,5,0,0,0,0,0
120055,1,1,0,0,0,0,0,15,0,0,0,18
120055,2,1,0,0,0,12,0,0,20,0,0,0
120056,1,1,12,12,12,12,12,12,12,12,12,12
120057,1,1,0,0,0,0,0,0,0,0,0,0
120058,1,1,0,0,21,0,13,0,0,21,0,0
120059,1,1,0,0,0,0,0,0,0,0,0,0
120060,0,1,0,0,0,0,0,0,0,0,0,0
120060,1,1,0,0,0,0,10,0,0,0,0,0
120061,1,1,0,13,0,0,0,0,0,0,0,0
120061,2,1,0,0,0,0,0,0,0,0,0,0
120062,1,1,0,0,0,0,0,0,0,0,0,0
120062,2,1,0,0,0,0,0,0,0,0,0,10
120063,1,1,0,0,0,0,9,0,0,0,0,0
120063,2,1,0,0,0,0,0,0,0,0,0,0
120064,1,1,0,0,0,0,0,0,0,0,0,0
120065,1,1,6,6,6,6,6,6,6,6,6,6
120065,2,1,0,0,0,0,0,0,0,0,0,0
120066,1,1,0,0,0,0,0,0,0,0,0,0
120066,2,1,0,0,0,0,0,0,0,0,0,0
120067,0,1,20,20,20,20,20,20,20,20,20,20
120067,1,1,31,28,0,17,0,0,0,0,0,0
120068,1,1,0,0,0,0,8,0,0,0,0,0
120068,2,1,0,0,0,0,0,0,0,0,16,0
120068,3,1,0,0,0,0,0,0,0,0,0,0
120069,1,1,0,14,0,14,16,0,0,7,0,15
120069,2,1,0,0,0,0,0,0,0,0,0,0
120070,1,1,0,0,0,0,0,0,0,0,0,0
120070,2,1,0,20,0,0,0,0,0,0,0,0
120071,0,1,22,22,22,22,22,22,22,22,22,22
120071,1,1,0,0,0,0,0,0,0,0,0,0
120072,1,1,0,0,0,0,0,0,0,0,26,0
120072,2,1,0,0,0,0,0,0,0,0,0,0
120073,0,1,0,0,0,0,0,0,0,0,0,0
120073,1,1,0,0,0,0,0,27,0,0,0,0
120074,0,1,35,0,0,27,0,0,0,0,0,23
120074,1,1,0,8,0,21,0,0,0,0,0,0
120075,1,1,0,0,0,0,0,0,0,0,0,0
120075,2,1,0,0,0,0,0,0,0,0,0,0
120076,0,1,12,12,12,12,12,12,12,12,12,12
120076,1,1,12,12,12,12,12,12,12,12,12,12
120077,1,1,19,0,25,12,0,0,0,8,0,0
120077,2,1,0,0,0,0,0,0,0,0,0,0
120078,1,1,0,25,27,0,0,30,0,10,3,0
120079,0,1,0,0,0,0,0,0,0,0,0,0
120079,1,1,0,0,0,0,0,0,0,20,0,0
120079,2,1,0,0,0,0,0,0,0,0,0,0
120080,1,1,12,0,21,0,0,0,0,11,0,0
120080,2,1,0,0,0,0,0,0,0,0,0,0
120081,1,1,0,0,0,0,0,0,0,0,0,0
120081,2,1,0,0,0,0,0,0,0,0,0,0
120081,3,1,0,0,0,0,0,0,0,0,0,0
120082,1,1,0,0,0,0,0,0,0,0,0,0
120082,2,1,0,0,0,0,0,0,0,0,0,0
120084,1,1,0,0,0,0,0,0,0,0,0,0
120084,2,1,0,0,0,0,0,0,0,0,0,0
120085,1,1,0,0,0,11,13,29,11,3,0,0
120085,2,1,0,0,0,0,0,0,0,0,0,0
120086,1,1,0,0,0,0,0,0,0,0,0,0
120087,0,1,0,0,0,0,0,0,0,0,0,0
120087,1,1,0,0,11,0,0,0,0,12,0,0
120088,1,1,18,18,18,18,18,18,18,18,18,18
120089,0,1,0,0,0,0,0,0,0,0,0,0
120089,1,1,0,0,0,0,0,0,0,0,0,0
120090,1,1,0,22,0,0,0,29,0,0,0,0
120091,0,1,26,26,26,26,26,26,26,26,26,26
120091,1,1,0,0,0,0,0,0,0,0,0,0
120092,0,1,0,28,5,33,0,0,0,0,0,0
120092,1,1,0,0,0,0,0,0,0,0,0,0
120093,1,1,0,0,0,0,0,0,0,0,0,0
120093,2,1,12,12,12,12,12,12,12,12,12,12
120094,1,1,0,0,0,9,0,0,0,0,0,0
120095,1,1,16,16,16,16,16,16,16,16,16,16
120097,0,1,30,19,0,13,0,0,0,33,36,13
120097,1,1,0,0,0,26,8,0,0,0,0,0
120098,1,1,6,6,6,6,6,6,6,6,6,6
120099,1,1,0,0,0,0,0,0,0,0,0,0
120100,0,1,24,24,24,24,24,24,24,24,24,24
120100,1,1,0,0,0,0,0,0,27,0,0,0
120101,1,1,15,15,15,15,15,15,15,15,15,15
120102,1,1,0,0,0,0,0,0,0,0,0,0
120102,2,1,0,0,0,0,0,0,0,0,0,0
120103,1,1,0,0,0,0,0,0,0,0,0,0
120104,1,1,0,0,0,0,0,0,0,0,20,0
120105,0,1,8,8,8,8,8,8,8,8,8,8
120105,1,1,0,0,0,0,0,0,0,0,0,0
120106,1,1,34,11,2,12,24,27,16,20,14,16
120106,2,1,0,0,0,0,0,6,0,0,19,0
120107,0,1,0,0,0,0,0,0,27,22,0,0
120107,1,1,0,0,0,0,0,0,0,0,18,0
120108,1,1,14,0,12,0,0,0,0,10,0,0
120108,2,1,0,0,0,0,0,0,0,0,0,0
120109,1,1,0,0,0,0,0,0,0,0,0,0
120110,1,1,0,0,0,0,0,0,0,0,0,0
120110,2,1,0,0,0,26,0,0,0,0,0,0
120111,1,1,11,26,27,16,14,31,18,16,41,11
120112,1,1,10,5,0,20,0,13,20,0,0,21
120112,2,1,0,0,0,0,0,0,0,0,0,0
120113,1,1,0,0,0,0,0,0,0,0,0,0
120114,0,1,0,0,0,0,10,12,0,0,0,40
120114,1,1,0,0,0,0,0,0,0,0,0,0
120115,0,1,21,21,21,21,21,21,21,21,21,21
120115,1,1,0,0,0,0,0,0,0,0,0,0
120116,1,1,0,0,0,0,0,0,0,0,0,0
120116,2,1,0,0,0,13,0,0,0,0,0,0
120117,0,1,0,0,0,0,0,0,0,0,0,0
120117,1,1,0,0,0,0,0,0,0,0,0,0
120117,2,1,0,0,0,0,0,0,0,0,0,0
120118,1,1,0,22,0,0,0,0,0,0,0,14
120118,2,1,0,0,0,0,0,0,0,0,0,0
120119,0,1,0,0,0,0,0,0,0,0,0,0
120119,1,1,0,0,0,0,0,0,0,0,0,0
120119,2,1,0,0,0,0,0,0,0,0,0,0
120120,1,1,11,11,11,11,11,11,11,11,11,11
120120,2,1,0,0,0,0,0,0,0,0,0,0
120121,1,1,13,13,13,13,13,13,13,13,13,13
120121,2,1,0,0,0,0,0,0,19,0,0,0
120122,1,1,30,30,30,30,30,30,30,30,30,30
120123,1,1,0,0,0,0,0,0,0,0,0,0
120123,2,1,0,0,0,0,0,0,0,0,0,0
120123,3,1,0,0,0,0,0,0,0,0,0,0
120124,0,1,0,0,0,0,0,0,0,0,0,0
120124,1,1,0,0,0,0,0,0,0,0,0,0
120125,0,1,26,26,26,26,26,26,26,26,26,26
120125,1,1,0,0,17,0,0,0,0,18,0,0
120126,1,1,0,0,0,0,0,0,0,0,0,0
120126,2,1,0,0,0,0,0,0,0,0,0,0
120127,1,1,30,30,30,30,30,30,30,30,30,30
120128,0,1,0,0,0,0,0,0,0,0,0,0
120128,1,1,0,0,0,0,0,0,0,0,0,0
120129,1,1,22,22,22,22,22,22,22,22,22,22
120129,2,1,0,0,0,0,0,0,0,0,0,0
120129,3,1,0,0,0,0,0,0,0,0,0,0
120130,1,1,4,4,4,4,4,4,4,4,4,4
120131,1,1,0,0,0,0,0,0,0,0,0,0
120131,2,1,21,21,21,21,21,21,21,21,21,21
120132,1,1,26,26,26,26,26,26,26,26,26,26
120133,1,1,0,0,0,0,0,0,0,0,0,0
120133,2,1,10,10,10,10,10,10,10,10,10,10
120134,1,1,11,11,11,11,11,11,11,11,11,11
120135,1,1,0,0,0,0,0,0,0,0,0,0
120136,1,1,0,0,0,0,0,0,0,0,0,0
120137,1,1,14,14,14,14,14,14,14,14,14,14
120137,2,1,0,0,0,0,0,0,0,21,0,0
120138,1,1,30,30,30,30,30,30,30,30,30,30
120139,1,1,0,0,0,0,0,0,0,0,0,0
120139,2,1,0,0,0,0,0,0,0,0,0,0
120140,1,1,0,6,0,0,19,38,0,14,0,0
120140,2,1,0,11,0,0,0,0,18,0,0,0
120141,0,1,0,0,0,0,0,0,0,0,0,0
120141,1,1,0,29,0,0,0,0,0,0,0,0
120142,1,1,0,30,0,0,0,0,0,0,0,0
120143,1,1,0,0,16,0,0,26,11,22,12,26
120144,1,1,0,0,0,0,0,0,0,0,0,0
120144,2,1,0,0,0,10,0,0,0,0,0,0
120145,1,1,0,10,0,0,0,0,0,0,0,0
120145,2,1,9,9,9,9,9,9,9,9,9,9
120146,0,1,20,20,20,20,20,20,20,20,20,20
120146,1,1,0,0,0,0,0,0,6,0,0,0
120148,1,1,0,0,0,0,0,0,0,0,0,0
120149,0,1,0,0,0,0,0,0,0,0,0,0
120149,1,1,0,0,25,0,0,0,0,0,0,0
120150,0,1,0,12,0,0,0,0,0,0,0,0
120150,1,1,0,0,15,0,0,0,0,0,0,0
120151,1,1,0,0,0,0,0,0,0,0,0,0
120151,2,1,0,5,0,0,0,0,0,0,0,0
120152,1,1,0,0,22,14,5,0,3,22,16,24
120152,2,1,24,0,0,16,20,0,4,0,17,27
120153,1,1,0,0,0,0,0,0,0,0,0,0
120153,2,1,0,0,0,11,0,0,0,0,0,0
120154,0,1,0,0,0,0,0,0,0,0,0,0
120154,0,2,0,0,0,0,7,0,0,0,0,0
120154,1,1,0,0,0,0,0,0,0,0,0,0
120155,1,1,0,0,0,0,0,0,0,0,0,0
120157,1,1,0,0,0,0,0,0,0,0,0,0
120158,1,1,0,0,0,0,0,0,0,23,0,0
120158,2,1,0,0,0,0,0,0,0,0,0,0
120159,0,1,0,0,0,0,0,0,0,0,0,0
120159,1,1,0,0,0,0,0,0,0,0,0,0
120160,0,1,0,0,0,0,14,0,29,0,8,9
120160,1,1,15,0,0,0,19,0,0,11,0,0
120161,1,1,0,0,0,0,0,0,0,0,0,0
120161,2,1,0,0,0,0,0,0,0,0,0,0
120161,3,1,13,0,0,0,0,0,0,0,0,0
120162,1,1,0,0,0,0,0,0,0,0,0,0
120162,2,1,0,0,0,0,0,0,0,0,7,0
120163,0,1,0,0,0,0,0,24,20,0,0,0
120163,1,1,0,17,0,0,0,0,0,0,0,0
120165,1,1,0,0,0,0,0,0,0,0,0,0
120166,0,1,0,0,0,0,0,0,0,0,0,0
120166,1,1,0,0,0,0,0,0,0,0,0,0
120167,1,1,0,0,0,0,14,0,0,0,0,0
120167,2,1,0,0,0,0,0,0,0,0,0,13
120168,1,1,32,32,32,32,32,32,32,32,32,32
120170,1,1,0,0,0,0,0,0,0,0,0,0
120171,1,1,16,16,16,16,16,16,16,16,16,16
120172,1,1,0,0,0,0,0,0,0,0,0,0
120173,1,1,21,21,21,21,21,21,21,21,21,21
120173,2,1,0,0,0,0,0,18,0,0,0,0
120173,3,1,0,11,0,0,0,0,0,0,0,0
120173,4,1,0,0,0,21,0,0,0,0,0,0
120174,0,1,0,0,0,0,0,0,0,0,0,0
120174,1,1,0,18,0,0,0,0,19,0,0,0
120175,1,1,18,18,18,18,18,18,18,18,18,18
120177,1,1,0,0,0,0,0,0,0,0,0,0
120177,2,1,0,17,0,0,0,0,15,11,0,19
120179,1,1,0,0,0,0,0,0,0,0,0,0
120180,0,1,0,0,0,0,0,0,0,0,0,0
120180,1,1,0,0,0,0,0,0,0,0,0,0
120181,1,1,18,18,18,18,18,18,18,18,18,18
120182,1,1,0,0,0,0,0,0,0,0,0,0
120183,1,1,14,14,14,14,14,14,14,14,14,14
120184,1,1,0,0,0,0,0,0,0,0,0,0
120184,2,1,0,0,0,0,0,0,0,0,0,0
120185,1,1,16,16,16,16,16,16,16,16,16,16
120185,2,1,0,0,0,0,0,0,0,0,0,0
120186,1,1,18,18,18,18,18,18,18,18,18,18
120186,2,1,0,0,0,0,0,0,0,0,0,0
120187,0,1,4,4,4,4,4,4,4,4,4,4
120187,1,1,0,0,0,0,7,0,0,0,0,0
120187,2,1,0,0,0,0,0,0,0,0,0,0
120188,1,1,0,0,0,0,0,0,0,0,0,0
120189,1,1,0,0,0,0,0,0,0,0,0,0
120189,2,1,0,0,0,0,0,0,0,0,0,0
120190,1,1,0,0,0,0,0,0,0,0,0,0
120190,2,1,0,0,0,0,0,0,0,0,0,0
120191,1,1,0,0,0,0,0,0,0,0,0,0
120191,2,1,0,0,0,0,0,0,0,0,0,0
120192,0,1,0,0,0,0,0,0,0,0,0,0
120192,1,1,0,0,0,0,0,0,0,0,0,0
120193,1,1,0,0,0,0,0,0,0,0,0,0
120193,2,1,0,0,0,0,0,0,0,0,0,0
120193,3,1,0,5,0,0,0,0,0,0,0,0
120194,0,1,0,0,0,0,0,0,0,0,0,0
120194,1,1,0,0,0,0,0,0,0,0,0,0
120195,0,1,18,18,18,18,18,18,18,18,18,18
120195,1,1,0,0,0,0,0,0,0,0,0,0
120196,0,1,41,41,41,41,41,41,41,41,41,41
120196,1,1,0,0,0,0,0,0,0,0,0,0
120197,1,1,0,0,24,10,0,0,0,9,6,0
120197,2,1,6,0,0,0,0,0,0,0,0,0
120197,3,1,0,0,0,0,0,0,0,0,0,0
120198,1,1,0,0,0,0,0,0,0,0,0,0
120198,2,1,0,0,0,0,0,0,0,0,0,0
120198,3,1,0,0,0,0,0,0,0,0,0,0
120199,1,1,36,36,36,36,36,36,36,36,36,36
120199,2,1,0,0,0,0,0,0,0,0,0,0
120200,1,1,0,21,0,0,0,0,0,0,0,0
120200,2,1,0,0,0,0,0,0,0,0,0,6
120200,3,1,0,0,0,0,0,0,0,0,0,10
120201,1,1,0,0,0,0,0,0,0,0,0,0
120201,2,1,13,0,0,20,0,0,0,0,0,0
120202,1,1,0,0,0,0,0,0,0,0,0,0
120202,2,1,0,0,0,3,0,0,0,0,0,0
120203,1,1,0,0,0,0,0,0,0,0,0,0
120203,2,1,0,0,0,0,0,0,0,0,0,0
120204,0,1,35,35,35,35,35,35,35,35,35,35
120204,1,1,20,0,0,7,0,0,0,0,0,0
120205,0,1,0,0,0,0,0,0,0,0,0,0
120205,1,1,0,0,5,0,0,0,0,0,0,0
120206,1,1,0,0,0,0,0,0,0,0,0,0
120206,2,1,10,7,0,0,14,0,0,0,0,0
120207,1,1,0,0,0,0,0,0,0,0,0,0
120208,1,1,12,12,12,12,12,12,12,12,12,12