ST_CASE,VEH_NO,PER_NO,P1,P2,P3,P4,P5,P6,P7,P8,P9,P10
120799,0,1,0,0,0,0,0,0,0,0,0,0
120799,1,1,0,0,0,0,0,0,0,0,0,0
120800,1,1,0,0,0,12,0,4,11,0,0,0
120800,2,1,0,11,0,0,14,0,0,13,0,0
120801,0,1,38,10,0,0,0,0,0,0,9,0
120801,1,1,22,0,22,20,11,13,9,20,14,0
120802,1,1,0,6,11,0,6,0,12,0,16,17
120802,2,1,0,0,0,0,0,0,7,14,0,0
120803,0,1,0,14,52,0,0,0,32,0,30,0
120803,1,1,0,0,0,0,0,0,0,0,0,0
120804,1,1,37,37,37,37,37,37,37,37,37,37
120806,1,1,0,0,0,0,0,0,0,0,0,0
120806,2,1,0,0,0,0,0,0,0,0,0,0
120807,1,1,0,0,0,0,0,0,0,0,0,0
120807,2,1,0,0,0,0,0,0,0,0,0,0
120807,3,1,0,0,0,0,0,0,0,0,0,0
120807,4,1,0,0,0,0,0,0,0,0,0,0
120808,1,1,0,0,0,0,0,0,0,0,0,0
120808,2,1,0,0,0,0,0,0,0,0,0,0
120809,0,1,15,0,0,0,0,0,21,12,0,0
120809,0,2,0,0,0,0,27,0,0,0,0,17
120809,0,3,0,0,0,0,15,0,0,0,0,7
120809,1,1,28,13,0,23,0,0,8,0,0,4
120811,1,1,0,0,0,0,0,0,0,0,0,0
120811,2,1,0,0,0,0,0,0,0,0,0,0
120812,1,1,0,0,0,25,0,0,0,7,0,0
120812,2,1,0,0,0,0,0,0,0,0,0,0
120813,1,1,31,31,31,31,31,31,31,31,31,31
120814,1,1,0,0,0,0,0,0,25,11,0,0
120814,2,1,0,0,0,0,0,0,0,16,0,0
120815,1,1,12,20,27,26,21,26,14,11,16,24
120816,1,1,0,0,0,0,0,0,6,0,0,0
120816,2,1,0,0,0,0,0,0,0,0,0,0
120817,1,1,0,0,0,0,0,0,0,0,0,0
120817,2,1,11,0,0,0,0,6,12,0,14,11
120818,1,1,0,0,0,0,0,0,15,0,0,0
120818,2,1,0,0,0,0,0,0,18,0,0,0
120819,1,1,0,0,0,0,0,13,0,0,0,0
120819,2,1,18,18,18,18,18,18,18,18,18,18
120820,0,1,0,0,0,0,0,0,0,0,0,0
120820,1,1,0,0,0,0,0,0,0,0,0,0
120821,0,1,0,0,0,0,0,0,0,0,0,0
120821,1,1,0,0,0,0,0,0,0,0,0,0
120822,1,1,0,0,0,0,0,0,0,10,0,0
120822,2,1,0,0,0,0,0,0,0,0,0,0
120823,1,1,0,0,0,0,0,0,0,0,0,0
120824,1,1,9,0,0,4,0,0,19,14,32,0
120826,1,1,0,10,0,0,0,0,0,0,0,0
120826,2,1,0,0,0,0,0,0,0,0,0,0
120827,1,1,0,11,0,19,0,14,0,0,0,14
120828,1,1,0,0,0,0,0,0,0,0,0,0
120828,2,1,0,0,0,16,0,0,0,14,0,0
120829,0,1,14,14,14,14,14,14,14,14,14,14
120829,0,2,0,0,0,0,0,0,0,0,0,0
120829,1,1,0,0,0,0,0,0,0,0,0,0
120829,2,1,0,0,0,0,0,0,0,0,0,0
120829,3,1,0,0,0,0,0,0,0,0,9,0
120829,4,1,0,5,0,0,0,0,11,0,0,0
120829,5,1,0,0,0,0,0,0,0,0,0,0
120830,1,1,0,0,0,0,0,0,0,0,0,8
120831,1,1,0,0,0,0,0,0,0,0,0,0
120831,2,1,0,0,0,0,0,0,0,0,0,0
120832,1,1,11,11,11,11,11,11,11,11,11,11
120833,1,1,0,0,0,0,0,0,0,0,0,17
120833,2,1,0,0,0,0,0,0,0,15,0,0
120834,1,1,15,15,15,15,15,15,15,15,15,15
120835,1,1,0,0,0,0,0,0,0,0,0,0
120835,2,1,0,2,0,0,0,0,0,0,0,0
120836,0,1,26,26,26,26,26,26,26,26,26,26
120836,1,1,0,0,0,0,26,0,0,0,22,6
120837,1,1,3,0,11,0,0,0,0,0,3,10
120837,2,1,0,0,22,0,0,0,7,0,0,24
120838,1,1,7,7,7,7,7,7,7,7,7,7
120838,2,1,26,26,26,26,26,26,26,26,26,26
120839,1,1,0,0,17,12,0,0,0,0,0,0
120839,2,1,0,0,0,0,0,0,0,0,0,0
120840,1,1,0,0,0,0,0,0,0,0,0,0
120840,2,1,0,0,0,0,0,0,0,0,0,0
120841,1,1,0,0,0,0,0,0,0,0,0,0
120843,1,1,0,0,0,0,0,0,0,0,0,0
120843,2,1,0,0,0,0,0,0,0,0,0,0
120844,1,1,2,2,2,2,2,2,2,2,2,2
120845,1,1,0,0,0,0,0,0,0,0,0,0
120846,0,1,0,0,0,0,0,0,0,0,0,0
120846,1,1,0,0,0,0,0,0,0,0,0,0
120847,1,1,0,0,8,0,0,2,0,0,0,0
120847,2,1,12,11,16,17,13,0,9,16,14,16
120848,0,1,7,22,18,0,4,31,10,0,25,16
120848,1,1,0,0,0,0,0,0,0,0,0,0
120849,1,1,0,0,0,0,0,0,0,0,16,0
120850,1,1,0,0,7,0,11,0,0,3,5,0
120850,2,1,0,0,0,0,0,0,0,0,0,0
120851,0,1,0,0,0,0,0,0,0,0,0,0
120851,1,1,0,0,0,0,0,0,0,0,0,0
120852,1,1,0,0,0,0,0,0,0,2,0,0
120852,2,1,0,0,0,0,0,0,0,0,0,35
120853,1,1,0,0,0,0,0,0,0,0,0,0
120853,2,1,0,0,0,0,0,0,0,0,0,0
120854,1,1,0,0,0,0,0,0,0,0,0,0
120854,2,1,0,0,0,0,0,0,0,0,0,0
120857,1,1,0,0,0,0,0,0,0,0,0,0
120857,2,1,0,0,0,0,0,0,0,0,0,0
120858,0,1,23,19,19,3,9,31,27,15,7,17
120858,1,1,0,0,0,0,0,11,0,0,0,0
120859,1,1,0,0,0,0,0,0,0,0,0,0
120859,2,1,0,0,0,0,0,0,0,0,0,0
120860,1,1,0,0,0,0,0,0,0,0,0,0
120860,2,1,0,0,0,0,0,0,0,0,0,0
120861,1,1,16,16,16,16,16,16,16,16,16,16
120861,2,1,0,0,0,0,0,0,0,0,0,0
120862,0,1,0,0,0,0,0,0,0,0,0,0
120862,1,1,0,0,0,0,0,0,0,0,0,0
120863,1,1,10,10,10,10,10,10,10,10,10,10
120863,2,1,0,0,0,0,0,0,0,0,0,0
120864,1,1,0,0,0,0,0,0,0,0,0,0
120864,2,1,0,0,0,0,0,0,0,0,0,0
120866,1,1,17,17,17,17,17,17,17,17,17,17
120867,1,1,0,0,0,0,0,0,0,0,0,0
120867,2,1,0,0,0,0,0,0,0,0,0,0
120867,3,1,22,0,0,0,0,0,0,0,0,0
120867,4,1,0,0,0,0,0,0,0,0,0,0
120867,5,1,0,0,0,0,0,0,0,0,0,0
120867,6,1,0,0,0,0,0,0,0,0,0,0
120867,7,1,0,0,0,0,0,0,0,0,0,0
120868,1,1,0,0,28,0,0,0,0,0,0,0
120869,1,1,14,0,0,26,0,5,0,16,17,12
120870,0,1,14,0,21,26,0,0,0,0,0,0
120870,1,1,11,40,0,16,10,20,0,17,15,18
120872,1,1,0,0,0,0,0,0,0,0,0,0
120873,1,1,21,21,21,21,21,21,21,21,21,21
120873,2,1,0,0,0,0,0,27,0,0,0,0
120874,1,1,0,0,0,0,0,0,0,0,0,0
120874,2,1,0,0,17,0,0,0,0,0,0,0
120875,1,1,18,18,18,18,18,18,18,18,18,18
120875,2,1,0,0,0,0,0,0,0,0,0,0
120876,1,1,0,0,0,0,0,0,0,0,0,0
120877,0,1,0,0,0,0,0,0,37,0,8,0
120877,1,1,0,0,0,0,0,0,0,0,0,0
120878,1,1,9,9,9,9,9,9,9,9,9,9
120879,0,1,0,0,0,0,0,0,0,0,0,0
120879,1,1,0,0,0,0,0,0,0,0,0,0
120879,2,1,0,0,0,0,0,0,0,0,0,0
120880,0,1,0,0,0,0,0,0,0,0,0,0
120880,1,1,0,0,0,0,0,0,0,0,0,0
120881,1,1,0,0,13,0,0,14,0,8,0,0
120881,2,1,0,14,0,0,0,0,0,0,0,0
120882,1,1,0,0,0,0,0,0,0,0,0,0
120882,2,1,0,0,2,0,0,0,0,0,0,0
120882,3,1,0,0,0,0,0,0,0,0,0,0
120883,0,1,20,20,20,20,20,20,20,20,20,20
120883,1,1,0,9,0,0,0,0,8,0,0,0
120883,2,1,0,0,0,0,0,0,0,0,0,0
120884,0,1,0,0,0,0,0,0,5,0,0,0
120884,1,1,0,0,0,0,0,0,0,0,0,0
120885,1,1,20,20,20,20,20,20,20,20,20,20
120886,0,1,0,0,21,0,0,15,0,0,0,0
120886,1,1,18,0,0,0,0,0,0,0,0,0
120887,1,1,13,0,11,0,0,12,0,0,0,0
120888,1,1,14,14,14,14,14,14,14,14,14,14
120888,2,1,0,0,0,0,0,0,0,0,0,0
120888,3,1,0,0,0,0,0,0,0,0,0,0
120888,4,1,0,0,0,0,0,0,0,0,0,0
120889,1,1,0,0,0,0,0,0,0,0,0,0
120890,1,1,0,0,0,0,0,0,0,0,0,0
120890,2,1,0,0,0,0,0,0,0,0,0,0
120891,0,1,0,0,0,0,0,0,0,0,0,0
120891,1,1,0,0,0,0,0,0,0,0,0,0
120892,1,1,13,13,13,13,13,13,13,13,13,13
120893,1,1,0,26,16,0,0,13,0,24,15,0
120894,1,1,0,0,0,0,0,0,0,0,0,0
120894,2,1,0,0,0,0,0,0,0,0,0,0
120895,0,1,0,0,0,0,0,0,0,0,0,0
120895,1,1,0,0,0,0,0,0,4,0,0,3
120895,2,1,0,0,0,0,10,0,0,0,0,0
120895,3,1,0,0,0,0,0,0,0,0,0,0
120895,4,1,0,0,0,0,0,0,0,0,0,0
120896,1,1,0,0,0,0,0,0,0,0,0,0
120896,2,1,0,0,0,0,0,0,0,0,0,0
120897,0,1,0,0,0,0,0,0,0,0,14,0
120897,1,1,0,0,0,0,0,0,0,0,0,0
120898,1,1,0,0,0,0,0,0,0,0,0,0
120900,0,1,7,10,0,0,0,0,24,0,20,0
120900,1,1,0,36,10,0,0,0,0,0,0,0
120900,2,1,0,0,0,8,8,11,0,0,23,8
120901,1,1,0,0,0,0,0,0,0,0,0,0
120902,1,1,18,18,18,18,18,18,18,18,18,18
120903,0,1,3,3,3,3,3,3,3,3,3,3
120903,1,1,0,0,0,12,0,0,11,0,10,0
120904,1,1,0,0,0,0,0,0,0,0,0,0
120905,1,1,0,0,0,0,0,0,0,0,0,0
120905,2,1,0,0,0,0,8,0,0,0,0,0
120906,0,1,0,0,23,0,0,0,0,0,0,0
120906,1,1,0,0,0,0,0,0,0,0,0,0
120907,1,1,0,19,13,9,21,0,0,0,13,0
120908,1,1,0,0,0,0,0,0,0,24,0,0
120909,1,1,22,22,22,22,22,22,22,22,22,22
120910,1,1,0,0,0,0,0,0,0,0,0,0
120911,1,1,12,12,12,12,12,12,12,12,12,12
120912,1,1,17,17,17,17,17,17,17,17,17,17
120913,1,1,0,0,0,0,0,0,0,0,0,0
120913,2,1,0,0,0,0,0,0,0,0,0,0
120914,1,1,0,0,0,0,0,0,0,0,0,0
120915,0,1,21,21,21,21,21,21,21,21,21,21
120915,1,1,0,0,0,0,0,0,0,0,0,0
120916,1,1,0,0,22,0,0,0,0,0,3,18
120917,0,1,20,20,20,20,20,20,20,20,20,20
120917,1,1,0,0,0,0,0,0,0,0,0,0
120918,0,1,30,30,30,30,30,30,30,30,30,30
120918,1,1,0,0,0,0,0,0,0,0,0,0
120919,1,1,0,16,0,0,0,0,13,0,0,0
120920,1,1,28,0,0,0,0,0,0,5,0,0
120920,2,1,20,0,0,4,7,0,0,0,0,0
120921,0,1,0,0,0,0,0,0,0,0,0,0
120921,1,1,0,0,0,0,0,0,0,0,0,0
120922,1,1,0,0,0,0,0,0,0,0,0,0
120922,2,1,0,0,0,0,0,0,0,0,0,0
120923,1,1,0,20,9,0,18,0,0,0,0,0
120924,1,1,0,0,0,0,0,0,0,0,0,15
120925,1,1,30,30,30,30,30,30,30,30,30,30
120925,2,1,0,0,0,0,0,0,0,0,0,0
120925,3,1,0,0,0,0,0,0,0,0,0,0
120926,1,1,16,16,16,16,16,16,16,16,16,16
120927,1,1,0,0,0,0,0,0,0,0,0,0
120928,1,1,0,0,0,0,0,0,0,0,0,0
120929,1,1,0,0,0,0,0,0,0,0,0,0
120929,2,1,0,0,0,0,0,0,0,0,0,13
120931,1,1,0,0,0,0,0,0,0,0,0,0
120932,1,1,0,0,0,7,0,0,0,0,0,0
120933,1,1,0,0,0,0,0,0,0,0,0,0
120934,1,1,0,0,0,0,0,0,0,0,0,0
120935,0,1,0,0,0,0,0,0,0,0,0,0
120935,1,1,0,0,0,0,0,0,0,0,0,0
120937,1,1,14,14,14,14,14,14,14,14,14,14
120938,1,1,8,8,8,8,8,8,8,8,8,8
120938,2,1,0,0,0,21,0,0,0,0,0,0
120939,0,1,0,0,0,0,0,0,0,0,0,0
120939,1,1,22,0,0,0,0,0,0,0,20,0
120940,1,1,10,10,10,10,10,10,10,10,10,10
120942,0,1,0,0,0,0,0,0,0,0,0,0
120942,1,1,0,7,0,0,0,0,0,0,0,0
120943,1,1,13,13,13,13,13,13,13,13,13,13
120943,2,1,0,0,0,0,0,0,0,0,0,0
120944,1,1,0,0,0,0,0,0,0,0,0,0
120945,0,1,17,17,17,17,17,17,17,17,17,17
120945,1,1,0,0,0,0,0,0,0,0,0,0
120946,1,1,18,18,18,18,18,18,18,18,18,18
120946,2,1,0,0,0,0,0,0,0,0,0,0
120947,1,1,0,0,0,0,0,0,0,0,0,0
120947,2,1,0,0,0,0,0,0,0,0,0,0
120949,1,1,9,9,9,9,9,9,9,9,9,9
120950,0,1,0,0,0,0,0,0,0,0,0,0
120950,1,1,13,18,14,17,0,0,22,8,24,19
120951,1,1,0,0,0,0,0,0,0,0,0,0
120952,1,1,0,0,0,0,0,0,20,0,0,0
120953,1,1,0,0,0,0,0,0,0,0,0,0
120954,1,1,0,0,12,25,0,0,0,0,0,0
120954,2,1,0,9,12,0,0,10,0,0,16,0
120955,1,1,0,0,0,0,0,0,0,0,0,0
120955,2,1,11,0,10,0,0,0,0,0,0,0
120955,3,1,0,0,0,0,0,0,0,0,0,0
120956,0,1,0,0,0,0,0,0,0,0,0,0
120956,1,1,0,0,0,0,0,9,0,0,0,0
120957,0,1,0,0,0,0,0,0,0,0,0,0
120957,1,1,0,0,0,0,0,0,0,4,0,0
120958,1,1,0,29,0,3,0,0,0,0,0,0
120958,2,1,0,0,0,0,0,0,0,0,0,0
120959,0,1,0,0,0,0,0,0,0,0,0,0
120959,1,1,0,0,0,0,0,0,0,0,0,0
120961,0,1,0,0,0,0,0,0,0,15,18,0
120961,1,1,0,0,0,0,0,0,8,0,0,0
120961,2,1,0,10,0,0,0,39,0,0,0,0
120962,1,1,0,0,0,0,0,0,0,0,0,0
120962,2,1,0,0,0,0,0,0,0,0,0,0
120963,1,1,0,0,0,0,0,0,0,0,0,0
120964,1,1,30,3,0,0,0,0,0,0,0,0
120965,1,1,0,0,0,0,0,0,0,0,0,0
120965,2,1,0,0,0,0,0,0,0,0,0,0
120966,1,1,0,0,0,0,0,0,0,0,0,0
120966,2,1,3,3,3,3,3,3,3,3,3,3
120967,0,1,0,0,0,0,0,0,0,0,0,0
120967,1,1,0,0,0,0,0,0,0,0,0,0
120968,1,1,0,0,0,0,0,0,0,0,0,0
120968,2,1,0,0,0,0,0,0,0,0,0,0
120969,1,1,0,0,0,0,0,0,0,0,0,0
120970,1,1,0,0,0,0,0,0,0,0,0,0
120971,1,1,0,0,0,0,0,0,19,0,0,0
120971,2,1,0,0,0,0,0,0,0,0,0,0
120972,0,1,0,0,0,0,0,0,0,0,0,0
120972,1,1,16,0,0,0,0,0,0,0,0,0
120973,1,1,20,20,20,20,20,20,20,20,20,20
120975,1,1,0,0,0,0,0,0,0,0,0,0
120976,1,1,0,0,0,0,0,0,0,0,0,0
120976,2,1,0,0,0,0,0,0,0,0,0,0
120977,1,1,0,0,0,0,0,0,0,0,0,0
120977,2,1,0,0,0,0,0,0,0,0,15,21
120978,1,1,0,0,0,0,20,0,0,0,0,16
120979,0,1,0,0,0,0,0,0,0,0,0,0
120979,1,1,0,0,0,0,0,0,0,0,0,0
120980,1,1,0,0,0,0,0,0,0,0,0,0
120980,2,1,0,0,0,0,0,0,0,0,0,0
120980,3,1,0,0,0,0,0,0,0,0,0,0
120981,1,1,22,22,22,22,22,22,22,22,22,22
120983,1,1,6,0,0,0,0,0,0,0,0,0
120983,2,1,0,0,0,0,0,0,0,0,12,0
120984,0,1,0,0,0,0,0,0,0,0,0,0
120984,1,1,0,0,0,0,0,0,0,0,0,0
120985,1,1,0,0,0,0,0,0,0,0,0,0
120986,0,1,0,18,0,0,0,0,0,0,0,0
120986,1,1,0,0,0,0,0,0,0,0,0,0
120987,0,1,0,0,0,0,0,0,0,0,0,0
120987,1,1,0,0,0,0,0,0,0,0,0,0
120988,1,1,0,0,0,0,0,0,0,0,0,0
120988,2,1,0,0,0,0,0,0,0,0,0,0
120989,1,1,0,0,0,0,0,0,0,0,0,0
120989,2,1,2,2,2,2,2,2,2,2,2,2
120990,1,1,0,0,20,0,17,0,0,0,0,38
120991,1,1,0,0,0,0,0,0,0,0,0,0
120992,1,1,0,0,0,0,0,0,0,0,0,0
120993,1,1,0,0,0,0,8,0,0,0,0,21
120993,2,1,0,0,0,0,0,0,0,0,0,0
120994,1,1,0,0,0,0,0,0,0,0,0,0
120995,1,1,0,0,0,0,0,0,0,0,0,0
120995,2,1,0,0,0,0,0,0,0,0,0,0
120996,1,1,0,0,0,0,0,0,0,0,0,0
120997,0,1,0,0,0,0,0,0,0,0,0,0
120997,1,1,11,9,0,12,0,0,0,0,21,16
120997,2,1,0,21,0,0,0,0,0,12,0,0
120998,0,1,0,0,0,0,0,0,0,0,0,0
120998,1,1,0,0,0,0,0,0,0,0,0,0
120999,1,1,0,0,0,0,0,0,0,0,0,0
120999,2,1,0,0,0,0,0,0,0,0,0,0
121000,1,1,12,0,0,24,0,0,0,0,0,0
121001,1,1,19,19,19,19,19,19,19,19,19,19
121002,1,1,7,10,6,24,15,15,5,15,16,11
121002,2,1,0,0,0,0,0,0,0,0,0,0
121002,3,1,0,0,0,0,0,0,0,0,0,0
121003,0,1,0,0,0,0,0,0,0,0,9,0
121003,1,1,0,0,0,0,0,0,0,9,0,0
121004,1,1,0,0,0,0,0,0,0,0,0,0
121004,2,1,0,0,0,0,0,0,0,0,0,0
121005,0,1,0,0,0,0,0,0,0,0,0,0
121005,1,1,6,0,0,0,0,0,0,0,0,0
121006,1,1,0,0,0,0,0,0,0,0,0,0
121006,2,1,0,0,0,0,0,0,0,0,0,0
121007,1,1,0,0,0,0,0,0,0,0,0,0
121008,0,1,0,0,0,0,16,0,0,0,0,0
121008,0,2,0,0,0,0,0,0,27,0,0,0
121008,1,1,0,0,0,0,0,0,0,0,0,0
121009,1,1,0,0,0,0,0,0,0,0,0,0
121009,2,1,0,0,0,0,0,0,0,0,0,0
121011,1,1,0,3,0,0,0,0,0,22,0,0
121011,2,1,0,0,0,0,0,0,0,0,0,0
121012,1,1,0,0,0,0,0,0,0,0,0,0
121012,2,1,0,0,0,0,0,0,0,0,0,0
121013,1,1,13,13,13,13,13,13,13,13,13,13
121014,0,1,0,22,0,0,0,0,7,23,0,13
121014,1,1,19,0,0,13,0,0,0,0,0,0
121015,0,1,0,0,54,0,0,0,0,0,0,0
121015,1,1,0,0,0,0,0,0,0,23,0,0
121016,1,1,0,14,19,0,0,0,0,3,0,17
121016,2,1,0,0,0,0,0,0,0,0,0,0
121016,3,1,0,0,0,0,0,0,13,0,0,0
121016,4,1,0,0,0,0,0,23,0,0,0,0
121018,1,1,0,0,0,0,0,0,0,0,0,0
121018,2,1,0,0,0,0,0,0,0,0,0,0
121018,3,1,0,0,0,0,0,0,0,0,0,0
121019,1,1,0,14,0,0,21,0,24,0,3,2
121020,1,1,0,0,0,0,0,0,0,0,0,0
121020,2,1,0,0,0,0,0,0,0,0,0,0
121021,1,1,0,0,0,0,0,0,0,0,0,0
121021,2,1,0,0,0,0,0,0,0,0,0,0
121021,3,1,0,5,0,0,0,0,0,0,0,0
121022,1,1,9,9,9,9,9,9,9,9,9,9
121023,1,1,2,2,2,2,2,2,2,2,2,2
121024,1,1,0,0,0,0,0,0,0,0,0,0
121025,1,1,21,21,21,21,21,21,21,21,21,21
121025,2,1,0,0,0,0,0,0,0,0,0,0
121026,1,1,39,39,39,39,39,39,39,39,39,39
121027,1,1,0,0,0,0,0,0,0,0,0,0
121027,2,1,0,0,0,0,0,0,0,0,0,0
121027,3,1,0,0,0,0,0,0,0,0,0,0
121028,1,1,11,11,11,11,11,11,11,11,11,11
121028,2,1,0,0,0,0,0,0,0,0,0,0
121029,1,1,0,0,0,0,0,0,0,0,0,0
121029,2,1,0,0,0,0,0,0,0,0,0,0
121030,0,1,0,0,0,0,0,0,0,0,0,0
121030,1,1,0,0,0,0,0,0,0,0,0,0
121031,1,1,0,0,0,0,0,0,0,0,0,0
121031,2,1,0,0,0,13,0,0,0,0,0,0
121032,0,1,0,0,0,0,0,0,0,0,0,0
121032,1,1,0,0,0,0,0,0,0,0,0,0
121033,1,1,0,0,0,0,0,0,0,0,0,0
121033,2,1,0,0,0,0,0,0,0,0,0,0
121034,1,1,0,0,0,0,0,0,0,0,0,0
121034,2,1,0,0,0,0,13,0,0,0,10,0
121035,1,1,26,31,7,0,0,0,0,0,0,0
121035,2,1,0,0,0,0,30,13,0,14,0,0
121036,1,1,4,4,4,4,4,4,4,4,4,4
121037,0,1,0,0,0,0,0,0,0,11,0,0
121037,1,1,0,0,0,0,0,0,0,0,0,0
121038,1,1,0,0,0,0,0,0,0,0,0,0
121039,0,1,0,23,22,0,0,15,0,0,8,0
121039,1,1,0,0,0,0,0,0,0,0,0,0
121040,1,1,0,0,0,0,0,0,0,0,0,0
121040,2,1,0,0,0,0,0,0,0,0,0,0
121041,0,1,0,0,26,24,0,0,0,0,0,0
121041,1,1,0,19,0,0,0,0,0,0,19,0
121043,1,1,0,0,0,0,0,0,0,0,0,0
121043,2,1,0,0,0,0,0,0,0,0,0,0
121044,1,1,0,0,0,0,0,0,0,0,0,0
121045,1,1,0,0,0,0,0,0,0,0,0,0
121045,2,1,36,0,0,0,0,0,0,0,0,0
121046,1,1,0,0,0,0,0,0,0,0,0,0
121046,2,1,0,0,0,0,0,0,0,0,0,0
121047,1,1,0,0,0,0,0,0,0,0,0,0
121048,1,1,10,10,10,10,10,10,10,10,10,10
121048,2,1,6,6,6,6,6,6,6,6,6,6
121049,1,1,0,0,0,0,0,0,0,0,0,0
121049,2,1,0,0,0,0,0,0,0,0,0,0
121050,1,1,0,0,0,0,0,0,0,0,0,0
121050,2,1,0,0,19,0,0,0,0,0,0,0
121051,1,1,0,0,0,0,0,0,0,0,0,0
121052,0,1,0,0,0,0,0,0,0,0,0,0
121052,1,1,0,0,0,0,0,0,0,0,0,0
121053,1,1,0,20,0,0,0,0,28,0,0,0
121053,2,1,0,0,0,0,0,0,0,0,0,0
121054,0,1,0,0,0,14,24,37,0,0,0,0
121054,1,1,6,6,5,5,0,15,9,10,8,12
121055,1,1,0,0,0,0,0,0,0,0,0,0
121055,2,1,0,0,0,0,0,0,0,0,0,0
121056,1,1,0,0,0,0,0,0,0,0,0,0
121056,2,1,0,0,0,0,0,0,0,0,0,0
121057,1,1,0,0,0,18,0,0,0,0,0,0
121058,1,1,0,0,0,0,0,0,0,0,0,0
121058,2,1,0,0,0,0,0,0,0,0,0,0
121059,1,1,0,0,0,0,0,0,0,4,0,0
121059,2,1,0,0,16,0,0,0,0,0,0,0
121060,0,1,0,6,0,0,9,15,8,0,0,33
121060,1,1,26,15,0,31,24,11,10,0,0,36
121061,1,1,0,0,0,0,0,0,0,0,0,0
121061,2,1,0,0,0,0,0,0,0,0,0,0
121063,0,1,0,0,0,0,0,0,0,30,0,0
121063,1,1,18,27,0,0,0,0,0,0,0,0
121064,1,1,0,0,0,0,0,17,0,0,0,0
121064,2,1,0,0,0,0,0,0,0,0,0,0
121065,1,1,16,16,16,16,16,16,16,16,16,16
121066,1,1,0,22,0,5,28,12,0,12,24,0
121067,1,1,0,0,0,0,0,0,0,0,0,0
121068,1,1,0,0,0,0,21,0,0,18,0,0
121069,0,1,0,0,0,0,0,0,0,0,0,0
121069,1,1,13,0,18,35,8,6,3,0,28,22
121070,1,1,0,0,0,0,0,0,0,0,0,0
121070,2,1,0,0,0,0,0,0,0,0,0,0
121072,1,1,35,35,35,35,35,35,35,35,35,35
121073,1,1,0,0,25,12,0,0,15,8,12,0
121074,0,1,0,0,0,14,0,0,0,0,0,0
121074,1,1,0,6,0,0,0,0,0,0,0,0
121075,0,1,50,23,0,0,27,0,22,0,18,0
121075,1,1,15,0,20,0,0,17,0,14,0,0
121076,1,1,45,45,45,45,45,45,45,45,45,45
121077,0,1,0,0,0,0,0,0,0,0,0,0
121077,1,1,0,0,0,0,0,0,14,0,0,0
121078,1,1,5,5,5,5,5,5,5,5,5,5
121079,1,1,0,0,0,0,0,0,0,0,0,0
121080,1,1,0,0,0,0,0,0,0,0,0,0
121080,2,1,0,0,0,0,0,0,0,0,0,0
121082,1,1,12,12,12,12,12,12,12,12,12,12
121082,2,1,0,0,0,0,0,0,21,0,0,0
121083,1,1,0,0,0,0,0,0,0,0,0,0
121083,2,1,0,0,0,0,0,0,0,7,0,0
121083,3,1,0,0,0,0,0,0,0,0,0,0
121084,1,1,1,1,1,1,1,1,1,1,1,1
121085,1,1,0,0,0,0,0,0,0,0,0,0
121086,0,1,34,34,34,34,34,34,34,34,34,34
121086,1,1,0,24,9,27,15,7,16,10,0,15
121087,0,1,0,0,0,0,0,0,0,0,0,0
121087,1,1,0,0,0,0,0,0,0,0,0,0
121088,1,1,0,0,0,0,0,0,0,0,0,0
121089,0,1,27,0,0,0,0,0,0,0,0,0
121089,1,1,0,0,0,0,0,0,0,0,0,0
121090,0,1,0,0,0,0,0,0,0,0,0,23
121090,1,1,0,0,0,0,0,0,0,0,0,0
121092,1,1,15,15,15,15,15,15,15,15,15,15
121092,2,1,0,0,0,0,0,0,0,0,0,0
121093,1,1,5,0,0,0,0,0,0,0,0,0
121093,2,1,0,0,0,0,0,0,0,0,0,0
121093,3,1,0,0,0,0,0,0,0,0,0,0
121094,1,1,0,0,0,0,0,0,0,0,0,0
121095,1,1,0,0,0,0,0,0,0,0,0,0
121095,2,1,0,0,0,0,0,0,0,0,0,0
121096,1,1,17,17,17,17,17,17,17,17,17,17
121097,0,1,25,25,25,25,25,25,25,25,25,25
121097,1,1,0,0,0,0,0,0,0,0,0,0
121098,1,1,0,0,0,0,0,0,0,0,0,0
121098,2,1,0,0,0,0,0,0,0,0,0,0
121099,1,1,0,0,0,0,11,9,0,0,15,19
121100,0,1,33,33,33,33,33,33,33,33,33,33
121100,1,1,0,0,0,0,0,0,0,0,0,0
121101,0,1,0,0,0,0,0,0,0,0,0,0
121101,1,1,0,0,0,0,0,0,0,0,0,0
121102,1,1,0,2,0,3,0,0,0,0,12,0
121102,2,1,0,0,0,0,0,0,0,0,0,0
121103,1,1,0,10,0,0,0,0,19,0,0,8
121103,2,1,0,0,0,0,0,0,4,0,0,0
121104,0,1,0,9,24,0,8,0,6,38,0,0
121104,1,1,0,0,0,0,0,0,0,0,0,24
121105,1,1,0,0,0,0,0,0,0,0,0,0
121106,1,1,0,0,13,0,9,0,0,0,0,0
121106,2,1,0,0,0,0,0,0,0,0,0,0
121106,3,1,0,0,12,0,0,0,0,0,0,0
121107,0,1,14,14,14,14,14,14,14,14,14,14
121107,1,1,0,21,0,0,0,0,0,0,0,11
121108,1,1,0,0,0,0,0,0,0,0,0,0
121108,2,1,0,0,0,0,0,0,0,0,0,0
121109,1,1,0,0,0,0,0,0,0,0,0,0
121109,2,1,0,0,0,0,0,0,0,0,0,0