ST_CASE,VEH_NO,PER_NO,P1,P2,P3,P4,P5,P6,P7,P8,P9,P10
122900,1,1,19,19,19,19,19,19,19,19,19,19
122902,1,1,8,8,8,8,8,8,8,8,8,8
122902,2,1,0,0,0,0,7,0,0,0,0,0
122903,1,1,9,9,9,9,9,9,9,9,9,9
122903,2,1,0,0,0,0,0,0,0,0,0,0
122903,3,1,0,0,0,0,0,0,0,0,0,0
122904,0,1,24,24,24,24,24,24,24,24,24,24
122904,1,1,0,0,18,0,0,0,0,0,0,0
122905,0,1,1,1,1,1,1,1,1,1,1,1
122905,0,2,0,0,0,16,0,0,0,9,0,0
122905,1,1,0,0,0,0,0,0,0,0,0,0
122906,0,1,0,0,0,0,0,0,0,0,0,0
122906,1,1,0,0,0,0,0,0,0,0,0,0
122907,1,1,21,21,21,21,21,21,21,21,21,21
122907,2,1,0,0,0,0,0,0,0,0,0,0
122908,0,1,0,0,0,0,0,0,0,0,0,0
122908,1,1,15,16,26,0,6,0,0,9,6,0
122909,1,1,16,16,16,16,16,16,16,16,16,16
122909,2,1,0,0,0,0,0,0,0,0,0,0
122910,1,1,13,13,13,13,13,13,13,13,13,13
122910,2,1,0,0,0,0,0,0,0,0,0,0
122911,0,1,8,11,0,0,13,0,0,0,47,35
122911,1,1,0,0,0,0,0,0,0,0,0,0
122912,0,1,0,0,0,0,0,0,0,0,0,0
122912,1,1,0,0,0,0,0,17,0,0,0,0
122912,2,1,0,0,0,0,0,0,0,0,0,0
122912,3,1,0,0,0,0,0,5,8,0,0,0
122913,1,1,0,0,0,0,0,0,0,0,0,0
122913,2,1,0,0,0,0,9,0,0,0,0,0
122913,3,1,0,0,0,0,0,0,0,0,0,0
122914,0,1,23,23,23,23,23,23,23,23,23,23
122914,1,1,0,0,0,0,0,0,0,0,0,22
122915,1,1,15,0,0,0,0,7,0,0,0,0
122915,2,1,0,0,0,0,0,6,0,0,0,0
122916,1,1,0,0,0,0,0,0,8,0,0,0
122916,2,1,0,0,0,0,0,0,0,4,0,0
122917,0,1,0,0,0,0,0,0,14,0,0,0
122917,1,1,0,0,0,13,0,0,0,0,0,0
122918,1,1,0,0,0,0,0,0,0,0,0,0
122919,1,1,0,0,0,11,0,10,0,10,26,0
122919,2,1,0,0,0,0,0,0,0,0,0,0
122920,0,1,0,0,0,0,0,0,0,0,0,0
122920,1,1,0,0,0,0,0,0,0,0,0,0
122921,0,1,0,21,0,0,0,0,0,0,0,0
122921,1,1,0,0,0,0,0,0,14,0,0,0
122922,0,1,0,0,0,0,0,0,0,0,0,0
122922,1,1,0,0,0,0,0,0,0,0,0,0
122923,1,1,0,0,0,0,0,0,0,0,16,0
122924,1,1,0,0,0,0,0,0,0,0,0,0
122925,1,1,0,0,0,0,0,0,0,0,0,0
122925,2,1,0,0,0,0,0,0,0,0,0,0
122925,3,1,0,0,0,0,0,0,0,0,10,0
122926,0,1,0,0,0,0,0,0,0,0,0,0
122926,1,1,0,0,0,0,0,0,0,0,0,0
122926,2,1,0,0,0,0,0,0,0,0,0,0
122927,1,1,0,0,0,0,0,0,0,0,0,0
122927,2,1,0,0,0,0,0,0,0,0,0,0
122928,0,1,0,0,0,0,0,0,0,0,15,13
122928,1,1,0,0,0,0,0,7,0,26,0,18
122928,2,1,0,0,0,0,0,0,0,0,0,0
122928,3,1,0,0,0,0,0,0,0,8,0,0
122929,0,1,16,52,18,0,12,28,0,0,21,12
122929,1,1,0,0,0,0,0,21,0,0,0,0
122930,0,1,0,0,0,0,0,0,0,0,0,0
122930,1,1,0,0,0,0,0,0,0,0,0,0
122931,1,1,0,0,0,0,0,0,0,0,0,0
122931,2,1,0,0,0,0,0,0,0,0,0,0
122932,1,1,20,0,0,0,0,0,0,0,0,0
122932,2,1,0,0,0,0,0,0,0,0,0,0
122933,0,1,30,39,22,0,11,0,0,0,35,0
122933,1,1,16,17,0,0,0,0,0,14,0,0
122934,1,1,0,8,0,0,0,0,0,0,0,0
122934,2,1,0,0,0,6,0,0,0,0,0,0
122935,1,1,0,0,0,0,0,0,0,0,0,0
122935,2,1,9,0,0,0,0,0,0,0,0,0
122936,0,1,0,0,0,0,0,0,0,0,0,0
122936,1,1,0,0,0,0,0,0,0,0,0,20
122937,1,1,0,0,0,0,0,0,0,0,0,0
122937,2,1,12,0,0,0,12,14,8,0,0,27
122937,3,1,0,0,0,0,0,0,0,0,0,0
122938,1,1,0,0,7,13,11,0,0,7,0,9
122939,0,1,0,0,0,0,0,0,0,0,0,0
122939,1,1,0,0,0,0,0,0,0,0,0,0
122940,1,1,0,0,0,0,0,0,0,0,0,0
122940,2,1,0,0,0,0,0,0,0,0,0,0
122940,3,1,0,0,12,0,0,27,0,0,0,8
122941,0,1,0,0,28,0,0,0,0,0,0,0
122941,1,1,0,0,0,0,0,25,0,21,15,0
122942,1,1,18,18,18,18,18,18,18,18,18,18
122943,1,1,3,3,3,3,3,3,3,3,3,3
122943,2,1,0,0,0,0,0,0,0,0,0,0
122944,1,1,0,0,0,0,0,0,0,0,0,13
122944,2,1,0,0,0,0,0,0,0,0,0,0
122945,1,1,16,16,16,16,16,16,16,16,16,16
122945,2,1,0,0,0,0,0,0,0,0,0,0
122945,3,1,0,0,0,9,0,0,0,0,0,14
122946,1,1,0,0,0,0,0,0,0,0,0,0
122946,2,1,0,0,0,0,0,0,0,0,0,0
122947,0,1,0,0,0,0,0,0,0,0,0,0
122947,0,2,0,0,0,0,0,0,0,0,0,0
122947,1,1,0,0,0,0,0,0,0,0,0,0
122948,1,1,0,0,0,0,0,0,0,0,0,0
122949,0,1,18,32,0,0,19,0,0,0,0,0
122949,1,1,0,0,0,0,0,0,0,0,0,0
122950,0,1,28,28,28,28,28,28,28,28,28,28
122950,1,1,0,0,0,0,0,0,0,0,0,0
122951,1,1,0,0,0,0,0,0,0,0,0,0
122951,2,1,0,0,0,0,0,4,27,0,0,0
122951,3,1,0,0,0,0,0,0,0,0,0,0
122952,0,1,0,0,0,0,0,0,0,0,0,0
122952,1,1,0,0,0,7,0,6,7,0,0,0
122953,1,1,8,8,8,8,8,8,8,8,8,8
122953,2,1,0,0,0,0,0,0,0,0,0,0
122955,1,1,0,0,0,0,0,13,0,0,29,0
122955,2,1,0,0,0,0,0,0,0,0,0,0
122956,0,1,0,0,0,0,0,0,0,0,0,0
122956,1,1,0,0,0,0,0,0,0,0,0,0
122957,1,1,2,2,2,2,2,2,2,2,2,2
122958,1,1,20,20,20,20,20,20,20,20,20,20
122959,0,1,0,0,0,0,0,0,0,0,0,0
122959,1,1,17,0,25,0,0,0,0,0,0,0
122960,1,1,4,4,4,4,4,4,4,4,4,4
122960,2,1,0,0,0,0,0,0,0,0,0,0
122960,3,1,0,0,0,0,0,0,0,0,0,0
122961,0,1,1,1,1,1,1,1,1,1,1,1
122961,1,1,0,0,0,0,0,0,0,0,0,0
122962,0,1,0,0,0,0,0,0,0,0,0,0
122962,1,1,0,0,0,0,0,0,21,0,0,0
122963,1,1,0,0,0,0,0,0,0,0,0,0
122964,1,1,0,0,0,0,0,29,0,0,0,0
122965,1,1,0,0,0,0,0,0,0,0,0,14
122965,2,1,0,0,6,0,0,0,0,0,0,0
122966,1,1,0,0,0,0,0,0,0,0,0,0
122966,2,1,0,0,0,0,0,0,0,0,0,0
122967,0,1,17,17,17,17,17,17,17,17,17,17
122967,1,1,0,2,0,7,0,0,7,0,0,0
122967,2,1,0,0,0,0,0,0,15,0,0,0
122968,0,1,0,0,0,0,0,0,0,0,0,0
122968,1,1,0,0,0,0,0,0,0,0,0,0
122969,0,1,24,24,24,24,24,24,24,24,24,24
122969,1,1,0,0,0,0,0,10,0,0,0,0
122970,1,1,15,0,0,0,0,0,7,0,0,0
122970,2,1,0,0,0,0,0,0,0,0,0,0
122971,1,1,11,11,11,11,11,11,11,11,11,11
122971,2,1,0,13,0,0,0,0,0,0,0,0
122971,3,1,0,0,0,0,0,0,0,0,0,0
122971,4,1,0,12,0,0,0,0,0,0,0,0
122973,1,1,0,0,0,0,0,0,0,0,0,0
122973,2,1,0,0,0,0,0,0,0,0,0,0
122974,1,1,24,0,31,0,0,0,0,19,15,0
122975,0,1,0,0,0,0,0,0,0,0,0,0
122975,1,1,0,0,0,0,0,0,0,0,0,0
122975,2,1,0,0,0,18,0,0,0,0,0,0
122976,0,1,0,0,0,0,0,0,0,0,0,0
122976,1,1,0,0,0,0,0,0,0,7,0,0
122977,0,1,0,0,0,0,0,0,0,0,0,0
122977,1,1,0,0,0,0,0,0,0,0,9,0
122977,2,1,0,0,0,0,0,0,0,0,0,39
122978,1,1,13,13,13,13,13,13,13,13,13,13
122978,2,1,0,0,0,0,0,0,0,0,0,0
122979,0,1,22,22,22,22,22,22,22,22,22,22
122979,1,1,0,11,0,19,0,0,0,0,0,0
122980,1,1,0,0,0,0,0,0,0,0,0,0
122980,2,1,0,0,0,0,0,0,0,0,0,0
122981,1,1,0,0,0,0,0,0,0,0,0,0
122981,2,1,15,0,0,0,0,11,0,0,0,29
122982,0,1,0,0,0,14,0,0,0,0,0,0
122982,1,1,0,0,16,0,0,0,0,0,0,0
122983,0,1,0,0,0,0,0,0,0,0,0,0
122983,1,1,0,0,0,0,0,26,0,0,0,0
122984,0,1,0,0,0,0,0,0,20,0,0,0
122984,1,1,0,12,0,19,10,0,11,18,15,0
122985,1,1,8,0,0,6,17,0,27,0,0,6
122986,1,1,11,0,0,0,0,0,35,0,0,0
122987,0,1,17,0,14,0,0,0,0,31,0,41
122987,1,1,0,0,0,16,0,0,14,0,0,19
122988,0,1,0,0,0,0,0,0,0,0,0,0
122988,0,2,0,0,0,0,0,0,0,0,0,0
122988,1,1,0,0,0,0,0,0,0,0,0,0
122989,1,1,0,0,0,0,0,0,0,0,0,0
122989,2,1,0,0,0,0,0,0,0,0,0,0
122990,1,1,0,0,0,0,20,0,0,0,0,22
122991,1,1,0,0,0,0,0,0,0,0,0,0
122991,2,1,0,0,0,0,0,0,0,0,0,0
122992,0,1,0,0,14,0,34,30,0,7,20,0
122992,1,1,0,0,0,0,16,0,0,0,0,0
122993,1,1,27,27,27,27,27,27,27,27,27,27
122994,1,1,0,0,0,0,0,0,0,0,22,44
122994,2,1,0,0,0,0,0,0,0,0,0,0
122995,0,1,0,0,0,0,0,0,0,0,0,0
122995,1,1,0,0,0,0,0,0,0,0,0,0
122996,1,1,0,0,0,0,0,0,0,0,0,0
122996,2,1,0,0,0,0,0,0,0,0,0,0
122996,3,1,0,0,0,0,0,0,0,0,0,0
122997,0,1,30,30,30,30,30,30,30,30,30,30
122997,1,1,0,0,0,0,13,0,0,0,0,0
122997,2,1,0,0,0,0,0,0,0,0,0,0
122998,1,1,0,0,0,0,0,0,0,0,0,0
122998,2,1,0,0,0,0,0,0,0,0,0,0
122999,1,1,0,0,0,0,0,0,0,0,0,0
122999,2,1,0,0,0,0,0,0,0,0,0,0
123000,1,1,0,0,0,0,0,0,0,30,0,0
123001,1,1,30,30,30,30,30,30,30,30,30,30
123002,1,1,22,0,6,33,0,5,15,0,11,7
123003,0,1,0,0,0,0,0,0,10,0,0,0
123003,1,1,0,0,0,0,0,0,0,0,0,0
123004,1,1,20,20,20,20,20,20,20,20,20,20
123005,1,1,0,0,0,0,0,0,0,0,0,0
123005,2,1,0,0,0,0,0,0,0,0,0,0
123005,3,1,0,0,0,0,0,0,0,0,0,0
123006,1,1,18,18,18,18,18,18,18,18,18,18
123006,2,1,0,0,0,8,0,0,0,0,0,0
123007,1,1,7,0,11,0,0,8,12,0,19,0
123008,0,1,0,0,0,0,0,0,0,31,20,0
123008,1,1,18,0,0,0,0,0,0,16,0,0
123009,1,1,0,0,0,0,0,0,0,0,0,0
123009,2,1,0,0,0,0,0,0,0,0,0,0
123011,1,1,0,0,0,0,0,0,0,0,0,0
123012,1,1,0,0,0,0,0,0,0,0,0,0
123012,2,1,0,0,0,0,0,0,0,0,0,0
123013,1,1,18,18,18,18,18,18,18,18,18,18
123013,2,1,0,0,0,15,7,0,0,0,0,0
123014,1,1,20,20,20,20,20,20,20,20,20,20
123014,2,1,0,0,0,0,0,0,0,0,0,0
123015,0,1,31,31,31,31,31,31,31,31,31,31
123015,1,1,0,0,0,0,0,0,0,0,0,0
123016,1,1,0,0,0,0,0,0,0,0,0,0
123016,2,1,0,0,0,24,0,0,0,0,0,0
123017,1,1,0,0,0,0,0,0,0,0,0,0
123017,2,1,0,0,0,0,0,0,0,0,0,0
123018,1,1,0,0,0,0,0,0,0,0,0,0
123018,2,1,6,6,6,6,6,6,6,6,6,6
123019,1,1,0,0,0,0,0,0,0,0,0,0
123019,2,1,0,0,0,0,0,0,0,0,0,0
123019,3,1,0,0,0,0,0,0,0,0,0,0
123019,4,1,0,0,0,0,0,0,0,0,25,0
123020,1,1,0,0,0,0,0,0,0,0,0,21
123020,2,1,0,0,0,0,0,0,0,0,0,0
123021,1,1,0,0,0,0,0,0,0,0,11,6
123021,2,1,0,0,0,0,0,0,0,0,0,8
123023,0,1,22,22,22,22,22,22,22,22,22,22
123023,1,1,0,0,0,0,0,0,20,0,0,0
123024,1,1,0,0,0,0,0,0,0,0,0,0
123024,3,1,0,0,0,0,0,0,0,0,0,0
123025,0,1,0,0,0,0,0,0,0,0,0,0
123025,1,1,0,0,0,0,0,0,0,0,0,0
123026,0,1,32,32,32,32,32,32,32,32,32,32
123026,1,1,0,0,0,0,0,0,9,0,0,0
123027,1,1,21,21,21,21,21,21,21,21,21,21
123028,1,1,0,0,0,0,0,0,0,0,0,0
123028,2,1,0,0,0,0,0,0,0,0,0,0
123029,0,1,0,0,0,0,15,0,0,30,48,0
123029,1,1,0,0,0,0,0,0,0,0,0,0
123030,1,1,0,0,0,0,0,0,0,8,0,0
123030,2,1,0,0,0,0,0,0,0,0,0,0
123031,1,1,3,3,3,3,3,3,3,3,3,3
123032,1,1,21,21,21,21,21,21,21,21,21,21
123033,1,1,0,0,0,0,0,0,0,0,0,0
123034,0,1,0,0,16,0,0,0,0,0,0,20
123034,1,1,0,0,0,0,0,0,0,0,0,0
123035,1,1,23,23,23,23,23,23,23,23,23,23
123036,1,1,0,0,20,0,14,0,0,31,0,0
123037,1,1,0,0,0,0,0,0,0,0,0,0
123038,1,1,14,14,14,14,14,14,14,14,14,14
123039,1,1,19,19,19,19,19,19,19,19,19,19
123039,2,1,0,0,0,0,0,0,0,0,0,0
123040,1,1,16,0,0,0,0,0,0,24,0,0
123041,1,1,0,0,0,0,35,0,0,0,0,0
123041,2,1,0,0,0,0,0,0,0,0,0,0
123042,0,1,0,0,0,0,0,0,0,0,0,0
123042,1,1,0,0,0,0,0,0,0,0,0,0
123043,1,1,0,0,0,0,0,0,0,0,0,0
123043,2,1,3,0,15,21,3,11,0,12,0,0
123044,1,1,14,14,14,14,14,14,14,14,14,14
123044,2,1,0,0,0,0,0,0,0,0,0,0
123044,3,1,0,0,0,0,0,0,0,0,0,0
123045,1,1,0,0,23,0,0,0,0,0,0,0
123045,2,1,0,0,0,0,0,0,0,0,0,0
123046,1,1,23,0,0,0,0,0,0,0,0,15
123046,2,1,0,0,0,0,0,0,0,0,0,0
123047,1,1,0,0,0,0,0,0,0,0,0,0
123047,2,1,0,21,0,0,0,0,0,0,0,0
123048,1,1,19,0,12,7,7,6,27,9,12,14
123048,2,1,0,0,0,0,0,0,0,0,0,0
123049,0,1,0,0,0,0,0,0,0,0,0,0
123049,1,1,21,13,0,0,0,0,0,0,0,0
123050,0,1,0,0,0,0,0,0,0,0,0,0
123050,1,1,0,0,0,0,0,0,0,0,0,0
123051,1,1,0,0,0,0,0,0,0,0,0,0
123051,2,1,0,0,0,0,0,0,0,11,31,0
123052,1,1,0,0,0,0,0,0,0,0,18,6
123052,2,1,0,0,0,0,18,0,0,19,0,0
123052,3,1,0,5,0,0,0,22,0,0,0,20
123053,1,1,0,0,0,8,0,0,13,14,0,0
123054,0,1,0,41,0,0,0,0,0,0,0,20
123054,1,1,0,0,0,0,0,0,0,0,0,0
123054,2,1,0,0,0,0,0,0,0,0,0,0
123055,1,1,0,9,22,11,7,14,41,20,18,18
123055,2,1,0,24,7,13,0,3,13,6,13,21
123056,0,1,0,0,0,0,0,0,24,20,0,3
123056,1,1,0,0,0,0,0,0,0,0,0,0
123057,1,1,0,0,0,0,0,0,0,0,0,0
123057,2,1,0,0,0,0,14,0,0,0,0,0
123058,1,1,0,0,0,0,0,0,0,0,0,0
123058,2,1,0,0,0,0,0,0,0,0,0,0
123059,0,1,0,0,20,0,0,0,34,6,27,0
123059,2,1,0,0,0,0,0,0,0,0,0,0
123059,3,1,0,0,0,0,0,0,0,0,0,0
123060,0,1,20,20,20,20,20,20,20,20,20,20
123060,1,1,0,0,0,0,0,0,0,0,0,0
123060,2,1,22,0,0,0,0,0,0,0,0,0
123060,3,1,0,0,0,0,0,0,0,0,0,0
123061,1,1,21,20,0,2,0,0,0,31,0,0
123061,2,1,0,8,0,0,0,0,0,0,0,0
123062,0,1,0,0,15,0,0,0,0,0,0,0
123062,1,1,0,0,0,0,0,0,0,0,0,0
123063,1,1,8,8,8,8,8,8,8,8,8,8
123063,2,1,15,0,0,13,0,0,0,0,0,0
123063,3,1,19,0,0,0,0,10,0,0,0,0
123064,1,1,0,0,0,0,0,0,0,0,0,0
123064,2,1,0,16,0,0,0,0,0,0,0,0
123064,3,1,0,0,0,0,0,0,0,0,0,0
123065,1,1,26,26,26,26,26,26,26,26,26,26
123065,2,1,0,0,0,0,0,0,0,0,0,21
123065,3,1,0,0,8,0,0,0,0,0,0,0
123066,1,1,0,0,0,4,33,4,24,0,0,0
123066,2,1,0,0,0,0,0,0,0,0,0,0
123067,1,1,5,5,5,5,5,5,5,5,5,5
123068,1,1,0,0,0,0,0,0,0,31,16,0
123069,1,1,0,0,0,0,0,0,0,0,0,0
123070,1,1,0,0,0,0,0,0,0,0,9,0
123070,2,1,4,4,4,4,4,4,4,4,4,4
123071,0,1,0,10,19,0,37,0,0,0,0,0
123071,1,1,0,0,0,0,0,0,0,17,0,0
123071,2,1,0,0,0,0,0,0,0,0,0,0
123072,1,1,0,0,0,0,0,0,0,0,0,0
123072,2,1,0,0,0,0,0,0,0,0,0,0
123073,1,1,0,22,0,0,0,0,0,0,0,0
123073,2,1,0,0,0,7,0,0,0,0,11,0
123074,1,1,17,17,17,17,17,17,17,17,17,17
123075,1,1,0,0,0,0,0,0,0,0,0,0
123075,2,1,0,0,0,0,0,0,0,0,0,0
123077,1,1,0,0,0,0,0,0,13,0,0,15
123077,2,1,26,9,0,10,18,0,0,0,0,39
123078,0,1,0,0,0,0,0,0,0,0,0,0
123078,1,1,0,0,0,0,0,0,0,0,0,0
123079,1,1,0,0,0,0,0,0,0,0,0,0
123079,2,1,0,0,0,0,0,0,0,0,0,0
123080,1,1,0,0,0,0,0,0,0,0,0,0
123081,1,1,0,0,0,0,0,0,0,0,0,0
123081,2,1,0,0,0,0,0,0,0,0,0,0
123081,3,1,0,0,0,0,0,0,0,0,0,0
123081,4,1,0,0,0,0,0,0,0,0,0,0
123082,0,1,0,25,18,0,0,0,0,10,18,13
123082,1,1,0,0,0,0,0,0,0,0,0,0
123083,1,1,12,12,12,12,12,12,12,12,12,12
123084,1,1,23,23,23,23,23,23,23,23,23,23
123085,1,1,0,0,0,0,0,0,0,0,0,0
123086,1,1,30,30,30,30,30,30,30,30,30,30
123087,1,1,0,0,0,0,0,0,0,0,0,0
123087,2,1,0,0,0,0,0,0,0,0,0,0
123088,0,1,0,0,0,0,0,0,0,29,0,13
123088,1,1,19,19,19,19,19,19,19,19,19,19
123089,1,1,0,0,0,0,38,19,0,0,0,0
123090,1,1,0,0,0,0,0,0,0,0,0,0
123090,2,1,0,0,0,0,0,0,0,0,0,0
123091,1,1,24,24,24,24,24,24,24,24,24,24
123092,1,1,12,12,12,12,12,12,12,12,12,12
123092,2,1,15,15,15,15,15,15,15,15,15,15
123093,0,1,0,13,0,0,0,0,3,30,0,0
123093,1,1,0,0,0,21,0,0,0,22,0,0
123094,1,1,0,0,0,0,0,0,0,0,0,0
123094,2,1,0,0,0,0,0,0,0,0,0,0
123095,1,1,0,0,0,0,0,0,0,0,0,0
123096,1,1,0,0,0,0,0,0,0,0,0,0
123096,2,1,0,0,0,0,0,0,0,0,0,0
123097,0,1,19,0,0,27,26,0,0,36,14,22
123097,1,1,0,0,0,0,0,0,0,0,0,0
123098,0,1,0,0,0,0,0,0,0,0,0,0
123098,1,1,0,0,0,16,0,0,0,0,0,0
123099,0,1,0,0,0,0,0,0,0,0,0,0
123099,1,1,0,0,0,0,0,0,0,0,0,0
123100,1,1,0,0,0,0,0,0,0,0,0,0
123101,0,1,0,0,0,0,0,0,0,0,0,23
123101,1,1,22,19,0,30,24,0,25,18,28,19
123101,2,1,0,0,0,0,0,0,0,0,0,0
123103,0,1,0,19,30,0,0,0,0,0,14,0
123103,1,1,0,0,0,0,0,0,0,0,0,0
123104,1,1,0,0,9,0,0,0,0,0,0,0
123105,1,1,21,0,27,24,18,23,35,8,37,25
123106,0,1,6,0,0,0,18,0,0,0,0,0
123106,1,1,0,0,0,0,0,0,0,0,0,0
123107,1,1,25,25,25,25,25,25,25,25,25,25
123108,0,1,0,0,0,0,0,0,0,0,0,0
123108,1,1,0,0,0,0,0,0,0,0,0,0
123109,1,1,0,0,0,0,0,0,0,0,0,0
123109,2,1,0,0,0,0,0,0,0,0,0,0
123110,0,1,0,0,0,0,0,0,0,0,0,0
123110,1,1,0,0,0,0,0,0,0,0,0,0
123111,1,1,12,12,12,12,12,12,12,12,12,12
123112,1,1,19,22,16,9,14,17,14,12,3,18
123112,2,1,0,0,0,0,0,0,0,0,0,0
123112,3,1,0,0,0,0,0,0,0,0,0,0
123113,1,1,22,0,0,0,0,0,0,0,0,0
123113,2,1,13,13,13,13,13,13,13,13,13,13
123114,1,1,4,4,4,4,4,4,4,4,4,4
123114,2,1,0,0,0,0,0,0,0,0,0,0
123115,0,1,10,10,10,10,10,10,10,10,10,10
123115,1,1,0,0,0,0,0,0,0,0,0,0
123116,1,1,0,0,0,0,0,0,0,0,0,0
123116,2,1,0,0,0,0,0,0,0,0,0,0
123117,0,1,0,12,0,0,0,0,0,0,0,0
123117,1,1,11,0,0,0,0,0,0,0,0,0
123118,1,1,0,0,0,7,0,0,0,0,0,0
123118,2,1,0,0,0,0,3,0,0,0,0,10
123118,3,1,0,0,0,0,0,0,0,0,0,0
123119,1,1,0,0,0,21,0,0,0,0,0,0
123119,2,1,9,9,9,9,9,9,9,9,9,9
123119,3,1,0,0,0,0,6,0,0,0,0,0
123120,0,1,0,0,0,0,0,0,30,0,0,0
123120,1,1,0,0,0,0,0,24,0,0,6,0
123121,0,1,16,25,0,0,24,13,14,0,0,0
123121,1,1,0,0,0,0,0,0,0,0,0,0
123121,2,1,0,0,0,0,0,0,0,0,0,0
123121,3,1,0,0,0,0,0,0,0,0,0,0
123121,4,1,0,0,0,0,0,0,0,0,0,0
123121,5,1,0,0,0,0,0,0,0,0,0,0
123122,0,1,0,0,0,0,0,0,0,0,0,0
123122,1,1,0,0,0,0,0,0,0,0,0,0
123124,0,1,0,0,0,0,0,0,0,0,0,0
123124,1,1,0,17,0,24,0,0,0,0,0,0
123126,1,1,2,2,2,2,2,2,2,2,2,2
123126,2,1,0,0,0,0,0,0,0,0,0,0
123127,1,1,9,0,36,0,0,0,0,4,0,0
123127,2,1,0,0,0,0,0,0,0,0,0,21
123128,0,1,0,0,0,0,0,0,0,0,0,0
123128,1,1,0,0,0,0,0,0,0,0,0,0
123129,0,1,0,0,0,0,0,0,0,0,0,0
123129,1,1,0,0,0,0,0,0,30,0,0,0
123129,2,1,0,0,0,0,0,0,0,0,0,0
123130,0,1,0,0,0,0,0,0,3,0,0,0
123130,1,1,0,24,0,0,18,0,0,0,0,0
123131,0,1,0,0,0,23,0,0,0,0,0,0
123131,1,1,17,0,0,0,0,0,0,0,31,0
123132,1,1,0,0,0,0,9,0,0,0,0,0
123133,0,1,0,0,0,0,0,0,0,0,0,0
123133,1,1,0,0,0,0,0,0,0,0,0,0
123134,0,1,0,0,0,0,0,0,15,0,31,0
123134,1,1,0,18,0,21,0,13,0,4,0,26
123135,0,1,0,0,0,53,0,0,0,0,0,0
123135,1,1,0,0,0,0,0,0,29,0,0,0
123136,1,1,0,0,0,0,0,0,0,0,0,0
123136,2,1,0,0,0,0,0,0,0,0,0,0
123137,1,1,13,13,13,13,13,13,13,13,13,13
123137,2,1,4,4,4,4,4,4,4,4,4,4
123138,1,1,13,13,13,13,13,13,13,13,13,13
123138,2,1,0,0,0,0,0,0,0,0,0,0
123139,1,1,0,0,0,0,0,0,0,0,0,0
123139,2,1,0,0,0,0,0,0,0,0,0,0
123140,1,1,5,5,5,5,5,5,5,5,5,5
123140,2,1,0,0,0,0,0,0,29,0,0,0
123141,0,1,23,23,23,23,23,23,23,23,23,23
123141,1,1,0,0,0,0,0,0,0,0,0,0
123142,0,1,23,1,24,17,16,10,23,22,5,33
123142,1,1,0,0,0,0,0,0,0,0,0,17
123143,0,1,16,0,0,0,0,0,0,16,0,16
123143,1,1,0,0,0,0,0,0,0,0,0,0
123143,2,1,0,0,4,0,0,0,1,0,0,0
123144,1,1,6,0,0,19,18,11,19,0,6,4
123144,2,1,0,0,0,0,0,0,0,0,0,0
123145,1,1,0,0,0,0,0,0,0,8,0,0
123145,2,1,0,0,0,0,0,0,0,0,0,0
123146,1,1,9,22,17,12,15,27,23,31,20,32
123146,2,1,6,0,0,0,0,0,0,0,0,0
123147,1,1,0,0,0,0,0,0,0,0,5,0
123147,2,1,0,0,0,0,0,0,0,0,0,0
123147,3,1,0,0,0,0,0,0,0,0,0,0
123147,4,1,0,0,0,0,16,0,0,0,0,12
123149,0,1,0,0,0,0,18,0,0,0,0,0
123149,1,1,0,0,0,0,0,0,0,0,0,0
123150,1,1,11,29,10,15,13,12,22,16,6,10
123150,2,1,0,15,0,0,0,0,0,0,0,0
123151,1,1,0,0,0,0,0,0,0,0,0,0
123151,2,1,0,0,0,0,0,0,0,0,0,0
123152,1,1,0,0,0,0,0,0,0,0,0,0
123152,2,1,0,0,0,0,0,0,0,0,0,0
123152,3,1,9,0,0,0,0,0,0,0,0,0
123153,1,1,0,0,0,0,14,0,0,0,0,0
123153,2,1,0,25,0,0,0,0,0,0,0,0
123154,0,1,0,0,0,0,0,0,0,0,22,0
123154,1,1,0,0,0,0,0,0,0,19,0,0
123155,0,1,0,0,0,0,0,0,0,0,0,0
123155,1,1,0,0,0,0,0,0,0,0,0,15
123156,1,1,23,23,23,23,23,23,23,23,23,23
123156,2,1,0,0,0,0,0,0,0,9,0,0
123157,1,1,0,8,22,0,11,21,0,20,0,0
123158,1,1,0,0,0,0,0,0,0,0,0,0
123158,2,1,0,0,0,0,0,0,0,0,0,0
123159,0,1,0,0,0,0,0,0,28,0,0,27
123159,1,1,0,0,0,0,0,0,0,0,0,0
123160,0,1,0,0,0,28,0,19,34,9,0,14
123160,1,1,11,0,0,0,12,7,0,0,15,0
123161,0,1,0,0,0,0,0,0,0,0,0,0
123161,1,1,0,0,0,18,0,0,0,0,0,0
123162,1,1,0,0,0,0,0,0,0,0,0,0
123162,2,1,0,0,0,0,0,0,0,0,0,0
123163,1,1,0,0,0,0,25,0,0,0,0,22
123163,2,1,0,0,0,0,0,0,0,0,0,0
123164,1,1,25,25,25,25,25,25,25,25,25,25
123166,1,1,21,0,0,0,0,0,0,0,0,13
123166,2,1,0,0,0,0,0,0,0,0,0,0
123167,1,1,0,0,0,0,0,0,0,0,0,0
123168,1,1,0,0,0,0,0,0,0,0,27,0
123169,1,1,0,25,0,0,21,0,0,0,10,0
123169,2,1,0,15,11,14,17,20,0,0,0,0