ST_CASE,VEH_NO,PER_NO,P1,P2,P3,P4,P5,P6,P7,P8,P9,P10
200327,1,1,0,0,0,0,0,0,0,0,0,0
200327,2,1,0,0,0,0,0,0,0,0,0,0
200327,3,1,0,0,0,0,0,0,0,0,0,0
200328,1,1,27,27,27,27,27,27,27,27,27,27
200329,1,1,0,0,0,0,0,0,0,18,0,0
200330,1,1,0,0,0,0,0,0,0,0,0,0
200330,2,1,0,0,0,0,0,0,0,0,0,0
200331,1,1,8,8,8,8,8,8,8,8,8,8
200332,0,1,0,0,0,0,0,0,0,0,19,0
200332,1,1,0,0,0,0,0,0,0,0,0,0
200333,1,1,0,0,0,0,0,0,7,15,0,0
200334,1,1,8,0,0,0,0,0,0,16,0,11
200335,1,1,0,14,0,0,0,0,0,0,0,0
200336,1,1,0,0,0,0,0,0,0,0,0,0
200336,2,1,0,0,0,0,0,0,0,0,0,0
200337,0,1,19,14,10,39,16,34,13,18,26,4
200337,1,1,0,0,0,0,0,0,27,0,0,0
200338,1,1,11,0,0,0,0,0,0,13,0,0
200339,1,1,0,0,0,15,0,0,0,0,0,0
200339,2,1,0,0,0,0,0,21,0,0,0,0
200340,0,1,0,0,0,0,0,0,0,0,21,0
200340,1,1,0,0,0,0,0,0,0,0,0,0
200341,1,1,23,23,23,23,23,23,23,23,23,23
200342,0,1,0,0,14,0,0,0,0,0,0,0
200342,1,1,0,0,0,0,0,0,22,0,0,22
200343,1,1,19,19,19,19,19,19,19,19,19,19
200344,1,1,0,0,0,0,0,0,0,0,0,0
200344,2,1,0,0,0,0,0,0,0,0,0,0
200345,1,1,0,0,0,0,0,0,0,0,21,0
200346,1,1,25,12,26,13,38,20,19,38,20,17
200347,1,1,0,18,27,0,14,15,0,20,6,0
200348,1,1,0,13,12,0,0,0,14,0,0,0
200349,1,1,0,0,0,0,0,0,0,0,0,0
200349,2,1,0,0,0,0,0,0,0,0,0,0
200349,3,1,0,0,0,0,0,0,0,0,0,0
200350,0,1,0,0,0,0,0,0,0,0,0,0
200350,1,1,29,24,13,20,14,11,14,9,13,7
200351,1,1,1,1,1,1,1,1,1,1,1,1
200351,2,1,0,0,0,0,0,0,0,0,0,0
200352,1,1,0,0,0,0,0,0,0,0,0,0
200353,1,1,0,0,0,9,0,0,0,0,0,0
200353,2,1,0,0,0,0,0,0,0,31,0,0
200353,3,1,0,0,0,0,0,0,0,0,0,0
200354,1,1,0,0,0,0,0,0,0,0,0,0
200354,2,1,0,0,0,0,0,0,0,0,0,0
200355,1,1,0,0,0,0,0,0,0,0,0,0
200355,2,1,0,0,0,0,0,0,0,0,0,0
200356,1,1,0,0,0,0,0,0,0,0,0,0
200356,2,1,0,0,0,0,0,0,0,0,0,0
200357,1,1,0,0,0,0,0,14,0,0,0,0
200358,0,1,0,0,0,0,0,0,0,0,0,0
200358,1,1,0,0,0,10,0,0,0,0,10,47
200359,1,1,0,0,0,0,0,0,0,0,0,0
200359,2,1,0,0,0,0,0,0,0,0,0,0
200360,1,1,0,0,0,0,0,0,0,0,0,0
200360,2,1,0,0,0,0,0,0,0,0,0,0
200361,1,1,0,0,0,0,0,0,0,0,0,0
200361,2,1,0,0,0,0,0,0,0,0,0,0
200362,1,1,0,0,0,0,0,0,0,0,0,0
200362,2,1,0,0,0,0,0,0,0,0,0,0
200363,1,1,0,0,0,0,0,0,0,12,0,0
200364,1,1,0,0,0,0,0,0,0,0,0,0
200364,2,1,0,0,0,0,0,0,0,0,0,0
200365,1,1,0,0,0,0,0,0,0,0,0,0
200366,1,1,0,0,0,0,0,0,0,0,0,0
200366,2,1,0,0,0,0,0,0,13,0,0,7
200367,1,1,0,0,0,0,0,0,0,0,0,0
200367,2,1,0,0,0,0,0,0,0,0,0,0
200368,1,1,0,0,0,0,0,0,0,0,0,0
200369,1,1,14,14,14,14,14,14,14,14,14,14
200369,2,1,0,0,0,0,0,0,0,0,0,0
200370,1,1,0,0,0,0,0,0,0,0,0,0
200371,1,1,0,0,0,0,0,0,23,0,25,0
200372,1,1,0,0,0,0,0,0,0,0,0,0
200373,1,1,0,0,0,20,0,0,0,0,0,0
200374,0,1,0,0,0,35,32,0,0,0,19,0
200374,1,1,16,0,0,27,0,12,27,17,0,28
200375,1,1,0,0,0,0,0,0,0,0,22,0
200376,1,1,25,25,25,25,25,25,25,25,25,25
200377,1,1,0,0,0,0,0,0,41,0,0,0
200377,2,1,0,0,0,0,0,0,0,0,0,0
200378,1,1,0,0,0,0,0,0,0,31,0,0
200378,2,1,0,0,0,16,0,0,0,0,0,0
200379,1,1,0,0,0,0,0,0,0,13,0,0
200379,2,1,0,0,2,0,0,25,0,0,0,25
200380,1,1,9,9,9,9,9,9,9,9,9,9
200381,1,1,0,0,0,0,0,0,0,0,0,0
200381,2,1,0,0,0,0,0,0,0,0,0,0
200382,1,1,0,0,0,0,0,0,0,0,0,0
200382,2,1,0,0,0,0,0,0,0,0,0,11
200383,1,1,20,20,20,20,20,20,20,20,20,20
200384,0,1,16,16,16,16,16,16,16,16,16,16
200384,1,1,0,23,0,0,0,0,0,0,0,0
200385,1,1,25,25,25,25,25,25,25,25,25,25
200385,2,1,0,0,0,0,13,0,0,9,0,0
200388,1,1,0,0,0,0,0,0,0,0,0,0
200389,1,1,0,0,0,0,0,0,0,0,0,0
200389,2,1,0,0,0,0,0,0,0,0,0,20
200390,1,1,0,0,0,0,0,0,0,0,0,0
210001,1,1,0,0,0,0,0,0,0,0,0,0
210001,2,1,0,0,0,0,0,0,0,0,0,0
210002,0,1,0,0,0,0,0,0,0,14,0,0
210002,1,1,0,0,0,0,0,0,0,0,0,0
210002,2,1,0,0,0,0,0,0,0,0,0,0
210003,1,1,0,0,0,0,0,0,0,0,0,0
210004,1,1,0,0,0,16,0,0,0,0,14,0
210005,0,1,0,0,0,0,0,0,0,0,0,0
210005,1,1,16,0,0,0,0,0,0,0,7,0
210006,1,1,0,0,0,0,0,0,0,0,0,0
210007,1,1,0,0,0,0,0,0,0,0,0,0
210008,1,1,12,12,12,12,12,12,12,12,12,12
210009,1,1,2,2,2,2,2,2,2,2,2,2
210010,0,1,0,0,0,0,0,0,0,0,0,0
210010,1,1,0,0,0,0,0,0,0,0,0,0
210011,1,1,18,18,18,18,18,18,18,18,18,18
210012,1,1,0,0,0,0,0,0,0,0,0,0
210012,2,1,0,0,0,0,0,0,0,0,0,0
210013,1,1,17,17,17,17,17,17,17,17,17,17
210014,0,1,0,0,0,0,0,0,0,0,0,0
210014,1,1,0,0,0,0,0,0,0,0,0,0
210015,1,1,0,0,0,0,0,0,0,0,0,0
210016,0,1,0,0,0,0,0,0,0,0,40,38
210016,1,1,0,0,0,0,0,0,0,0,0,0
210017,1,1,0,0,0,0,0,0,0,0,0,0
210017,2,1,0,0,0,0,0,0,0,0,0,0
210018,1,1,26,26,26,26,26,26,26,26,26,26
210018,2,1,0,0,0,0,0,0,0,0,0,0
210019,1,1,30,30,30,30,30,30,30,30,30,30
210019,2,1,0,0,0,0,0,0,0,0,0,0
210019,3,1,30,30,30,30,30,30,30,30,30,30
210019,4,1,0,0,0,0,0,0,0,0,0,0
210020,1,1,17,17,17,17,17,17,17,17,17,17
210020,2,1,0,0,0,0,0,0,0,0,0,0
210021,1,1,0,0,0,0,0,0,0,0,0,0
210022,1,1,0,0,0,0,0,0,0,0,0,0
210023,1,1,12,12,12,12,12,12,12,12,12,12
210023,2,1,0,0,0,0,0,0,0,0,0,0
210024,1,1,0,0,0,0,0,0,0,0,0,0
210025,1,1,45,45,45,45,45,45,45,45,45,45
210026,1,1,11,0,0,15,0,0,0,0,0,0
210026,2,1,0,0,0,0,0,0,14,0,0,0
210027,1,1,0,0,0,0,0,0,0,0,0,0
210027,2,1,0,0,0,0,0,0,0,0,0,0
210028,1,1,0,0,0,0,0,0,0,0,0,0
210028,2,1,0,0,0,0,0,0,0,0,0,0
210029,1,1,0,0,0,0,0,0,0,0,0,0
210030,1,1,0,0,0,0,0,0,0,0,0,0
210031,1,1,0,0,0,0,0,0,0,0,0,0
210031,2,1,0,0,0,0,0,0,0,0,0,0
210032,1,1,0,0,0,0,0,0,0,0,0,0
210032,2,1,0,0,0,0,0,0,0,0,0,0
210033,1,1,19,19,19,19,19,19,19,19,19,19
210033,2,1,0,0,0,0,0,0,0,0,0,0
210033,3,1,0,0,10,0,0,0,0,0,0,0
210033,4,1,0,0,0,0,0,0,0,0,0,0
210034,1,1,0,0,11,0,0,0,0,0,0,0
210035,1,1,0,0,0,0,0,0,0,0,0,0
210035,2,1,0,0,0,0,0,0,0,0,0,0
210036,1,1,0,0,0,0,0,0,0,0,0,0
210036,2,1,0,0,0,0,0,0,0,0,0,0
210037,1,1,0,0,0,0,0,0,0,0,0,0
210037,2,1,0,0,0,12,0,0,0,0,0,0
210037,3,1,0,0,0,0,0,0,0,0,0,0
210037,4,1,0,0,0,0,0,0,0,0,0,0
210038,0,1,0,0,0,0,0,0,29,0,0,40
210038,1,1,0,0,0,0,0,0,0,0,0,0
210039,1,1,16,16,16,16,16,16,16,16,16,16
210040,1,1,19,19,19,19,19,19,19,19,19,19
210041,1,1,0,0,0,0,0,0,0,0,0,0
210041,2,1,0,0,0,0,0,0,0,0,0,0
210041,3,1,0,0,0,0,0,0,0,0,0,0
210042,1,1,0,0,0,0,0,0,0,0,0,0
210042,2,1,0,0,0,0,0,0,0,0,0,0
210042,3,1,0,0,0,0,0,0,0,0,0,0
210043,1,1,15,15,15,15,15,15,15,15,15,15
210044,1,1,0,0,0,0,0,0,0,0,0,0
210045,1,1,0,0,0,0,0,0,0,0,0,0
210046,1,1,0,0,0,0,0,0,0,0,0,0
210046,2,1,0,0,0,0,0,0,0,0,0,0
210047,1,1,0,0,0,0,0,0,0,0,0,0
210048,0,1,36,36,36,36,36,36,36,36,36,36
210048,1,1,19,0,20,30,0,13,6,29,6,28
210049,1,1,16,11,0,0,0,0,0,0,0,0
210049,2,1,0,0,0,0,0,0,0,0,0,0
210050,1,1,0,0,0,0,0,0,0,0,0,0
210050,2,1,0,0,0,0,0,0,0,0,0,0
210051,1,1,0,0,0,0,0,0,0,0,0,0
210051,2,1,0,0,0,0,0,0,0,0,0,0
210052,0,1,0,0,0,0,0,0,0,0,0,0
210052,1,1,0,0,0,0,0,0,0,0,0,0
210053,1,1,0,0,0,0,0,0,0,0,0,0
210054,1,1,0,0,0,0,0,0,0,0,0,0
210055,0,1,0,0,0,0,0,0,0,0,0,0
210055,1,1,0,0,0,0,0,0,0,0,0,0
210056,1,1,0,0,0,0,0,0,0,0,0,0
210056,2,1,0,0,0,0,0,0,0,0,0,0
210056,3,1,0,0,0,0,0,0,0,0,0,0
210057,1,1,0,0,0,0,0,0,0,0,0,0
210058,1,1,14,14,14,14,14,14,14,14,14,14
210059,1,1,0,0,0,0,0,0,0,0,0,0
210060,0,1,0,0,0,24,21,0,0,0,0,19
210060,1,1,0,0,0,0,0,0,0,0,0,0
210061,1,1,0,0,23,0,0,0,0,6,0,0
210062,1,1,0,0,0,0,0,0,0,0,0,0
210062,2,1,0,0,0,0,0,0,0,0,0,0
210062,3,1,0,0,0,0,0,0,0,0,0,0
210063,0,1,0,0,0,0,0,0,0,0,0,0
210063,1,1,0,0,0,0,0,0,0,0,0,0
210064,1,1,0,0,0,0,0,0,0,0,0,0
210064,2,1,0,0,0,0,0,0,0,0,0,0
210064,3,1,0,0,0,0,0,0,0,0,0,0
210065,1,1,0,0,0,0,0,0,0,0,0,0
210066,1,1,4,4,4,4,4,4,4,4,4,4
210066,2,1,0,0,0,0,0,0,0,0,0,0
210066,3,1,0,0,0,0,0,0,0,0,22,0
210067,1,1,0,0,0,0,0,0,0,0,0,0
210067,2,1,0,0,0,0,0,0,0,0,0,0
210068,1,1,0,0,0,0,0,0,0,0,0,0
210069,1,1,20,20,20,20,20,20,20,20,20,20
210069,2,1,0,0,0,0,0,0,0,0,0,0
210070,1,1,0,0,0,0,0,0,0,0,0,0
210071,0,1,0,0,0,0,0,0,0,0,0,0
210071,1,1,0,19,8,0,31,0,20,0,0,0
210073,1,1,0,0,0,0,0,0,0,0,0,0
210074,1,1,19,19,19,19,19,19,19,19,19,19
210075,1,1,0,0,0,0,0,0,0,0,0,0
210075,2,1,0,0,0,0,0,0,0,0,0,0
210075,3,1,0,0,0,0,0,0,0,0,0,0
210076,1,1,0,0,0,0,0,0,0,0,0,0
210077,0,1,0,0,0,0,30,0,40,15,0,0
210077,1,1,0,0,0,0,0,0,0,0,0,0
210078,1,1,0,20,0,0,0,0,0,0,0,0
210078,2,1,0,0,0,0,0,0,0,0,0,0
210079,1,1,0,0,0,0,0,0,0,0,0,0
210079,2,1,0,0,0,0,0,0,0,0,0,0
210080,1,1,8,0,0,0,0,0,0,0,0,0
210080,2,1,0,0,0,0,0,0,0,0,0,0
210081,1,1,0,0,0,0,0,0,0,0,0,0
210081,2,1,0,0,0,0,32,0,0,0,0,0
210082,1,1,0,0,0,0,0,0,0,0,0,0
210083,0,1,0,0,0,0,0,0,0,0,0,0
210083,0,2,0,0,0,0,0,0,0,0,0,0
210083,1,1,0,0,0,0,0,0,0,0,0,0
210084,1,1,0,0,0,0,0,0,0,0,22,0
210084,2,1,0,0,0,0,0,0,0,0,0,0
210085,1,1,0,0,0,0,0,0,0,0,0,21
210085,2,1,0,0,0,0,0,0,0,0,0,0
210086,1,1,0,0,0,0,0,0,0,0,0,0
210086,2,1,0,0,0,0,0,0,0,0,0,0
210087,1,1,0,0,0,0,0,0,0,0,0,0
210087,2,1,0,0,0,0,0,0,0,0,0,0
210088,1,1,19,19,19,19,19,19,19,19,19,19
210088,2,1,0,0,0,0,0,0,0,0,0,0
210089,1,1,14,14,14,14,14,14,14,14,14,14
210090,1,1,23,0,0,0,0,0,0,0,0,0
210091,1,1,0,0,0,0,0,0,0,0,0,0
210091,2,1,0,0,0,0,0,0,0,0,0,0
210092,1,1,0,0,0,0,0,0,0,0,0,0
210092,2,1,0,0,0,0,0,0,0,0,0,0
210093,1,1,15,15,15,15,15,15,15,15,15,15
210094,1,1,0,0,0,0,0,0,0,0,0,0
210094,2,1,0,0,0,0,2,0,18,0,0,0
210095,1,1,0,0,0,0,0,0,0,0,0,0
210095,2,1,0,0,0,0,0,0,0,0,0,0
210096,1,1,11,11,11,11,11,11,11,11,11,11
210097,1,1,0,0,0,0,0,0,0,0,0,0
210098,1,1,26,26,26,26,26,26,26,26,26,26
210099,1,1,6,6,6,6,6,6,6,6,6,6
210100,1,1,16,16,16,16,16,16,16,16,16,16
210101,0,1,0,0,0,0,0,0,0,0,0,0
210101,1,1,0,0,0,0,0,0,0,0,0,0
210102,1,1,24,24,24,24,24,24,24,24,24,24
210103,1,1,0,0,0,0,0,0,0,0,0,0
210103,2,1,0,0,0,0,0,0,0,0,0,0
210104,1,1,14,14,14,14,14,14,14,14,14,14
210105,1,1,0,17,0,0,0,0,24,0,0,19
210106,1,1,0,0,0,0,0,0,0,0,0,0
210107,1,1,0,0,0,0,0,0,0,0,0,0
210107,2,1,0,0,0,0,0,0,0,0,0,0
210108,1,1,0,0,0,0,0,0,37,0,0,0
210109,1,1,0,0,0,0,0,0,0,0,0,0
210109,2,1,0,0,0,0,0,0,0,0,0,0
210110,1,1,9,9,9,9,9,9,9,9,9,9
210111,1,1,0,0,0,0,0,0,0,0,0,0
210112,1,1,12,12,12,12,12,12,12,12,12,12
210113,0,1,19,19,19,19,19,19,19,19,19,19
210113,1,1,0,9,0,0,0,9,0,0,0,0
210114,1,1,21,21,21,21,21,21,21,21,21,21
210115,1,1,0,0,0,0,0,0,0,0,0,0
210116,0,1,17,17,17,17,17,17,17,17,17,17
210116,1,1,0,0,0,0,0,0,0,0,0,0
210117,1,1,0,17,0,7,0,0,0,0,0,0
210118,1,1,0,0,0,0,0,0,0,0,0,0
210118,2,1,0,0,0,0,0,0,0,0,0,0
210119,1,1,0,0,0,0,0,0,0,0,0,0
210120,1,1,0,0,0,0,0,0,0,0,0,0
210120,2,1,0,0,0,0,0,0,0,0,0,0
210121,1,1,10,13,19,22,6,9,21,14,16,15
210122,1,1,0,0,0,0,13,0,0,0,0,0
210122,2,1,0,14,27,13,24,23,23,0,9,14
210123,1,1,0,0,0,0,0,0,0,0,0,0
210123,2,1,0,0,0,0,0,0,0,0,0,0
210124,1,1,0,0,0,0,0,0,0,0,0,0
210124,2,1,0,0,0,0,0,0,0,0,0,0
210125,1,1,23,16,12,13,25,5,20,6,0,14
210126,1,1,23,23,23,23,23,23,23,23,23,23
210127,1,1,0,0,0,0,0,0,0,0,0,0
210128,1,1,0,0,0,0,0,0,0,0,0,0
210128,2,1,0,0,0,0,0,0,0,0,0,0
210129,1,1,0,0,0,0,0,0,16,0,9,0
210129,2,1,0,0,0,0,0,0,0,0,0,0
210130,1,1,0,0,0,0,0,0,0,0,0,0
210131,0,1,0,0,0,0,0,0,0,0,0,0
210131,1,1,33,18,0,0,12,17,27,8,3,13
210132,0,1,0,0,0,0,0,0,0,0,0,0
210132,1,1,0,0,0,0,0,0,0,0,0,0
210133,1,1,18,18,18,18,18,18,18,18,18,18
210135,1,1,0,0,0,0,0,0,0,0,6,0
210136,1,1,0,0,0,0,0,0,0,0,0,0
210137,1,1,0,0,0,0,0,0,0,0,0,0
210138,1,1,0,0,0,0,0,0,0,0,0,0
210138,2,1,0,0,0,0,0,0,0,0,0,0
210139,1,1,0,0,0,0,0,0,0,0,0,0
210139,2,1,0,0,0,0,0,0,0,0,0,0
210140,1,1,0,0,0,0,0,0,0,0,0,0
210141,1,1,0,0,0,0,0,0,0,0,0,0
210141,2,1,0,0,0,0,0,0,0,0,0,0
210142,1,1,21,21,21,21,21,21,21,21,21,21
210143,1,1,8,8,8,8,8,8,8,8,8,8
210143,2,1,0,0,0,0,0,0,0,0,0,0
210144,1,1,0,0,0,0,0,0,0,0,0,0
210144,2,1,0,0,0,0,0,0,0,0,0,0
210145,1,1,8,8,8,8,8,8,8,8,8,8
210146,1,1,0,0,0,0,0,0,0,0,0,0
210146,2,1,0,0,0,0,0,0,0,0,0,0
210147,1,1,0,0,0,0,0,0,0,0,0,0
210148,1,1,16,16,16,16,16,16,16,16,16,16
210148,2,1,0,0,0,0,0,0,0,0,0,0
210149,1,1,0,0,0,0,0,0,0,0,0,0
210150,1,1,0,0,0,0,0,0,0,0,0,0
210150,2,1,0,0,0,0,0,0,0,0,0,0
210151,1,1,15,15,15,15,15,15,15,15,15,15
210151,2,1,0,0,0,0,0,0,0,0,0,0
210152,1,1,25,25,25,25,25,25,25,25,25,25
210152,2,1,0,0,0,0,0,0,0,0,0,0
210153,1,1,0,0,0,0,0,0,0,0,0,0
210153,2,1,0,0,0,0,0,0,0,0,0,0
210154,1,1,0,0,0,0,0,0,0,0,0,0
210155,0,1,48,48,48,48,48,48,48,48,48,48
210155,1,1,13,0,6,0,0,0,12,0,19,0
210156,0,1,0,0,0,0,0,0,0,0,0,0
210156,1,1,0,0,20,0,0,0,0,0,0,0
210157,1,1,0,0,0,0,0,0,0,0,0,0
210158,1,1,0,0,0,0,0,0,0,0,0,0
210159,1,1,0,0,0,0,0,0,0,0,0,0
210160,1,1,0,0,0,0,0,0,0,0,0,0
210161,1,1,16,16,16,16,16,16,16,16,16,16
210161,2,1,0,0,0,0,0,0,0,0,0,0
210162,1,1,0,0,0,0,0,0,0,0,0,0
210163,1,1,0,0,0,0,0,0,0,0,0,0
210164,1,1,0,0,0,0,0,0,0,0,0,0
210165,1,1,0,0,0,0,0,0,0,0,0,0
210165,2,1,0,0,0,0,0,0,0,10,0,0
210166,1,1,0,0,0,0,0,0,0,0,0,0
210167,1,1,9,9,9,9,9,9,9,9,9,9
210168,1,1,0,0,0,0,0,0,0,0,0,0
210168,2,1,0,0,0,0,0,0,0,0,0,0
210169,1,1,0,0,0,0,0,0,0,0,0,36
210169,2,1,0,0,0,0,0,0,0,0,0,0
210170,0,1,13,13,13,13,13,13,13,13,13,13
210170,1,1,29,0,0,0,4,0,0,0,12,7
210170,2,1,0,0,0,0,0,0,0,0,0,0
210170,3,1,0,0,0,0,0,0,0,18,0,0
210171,1,1,0,0,0,0,0,0,0,0,0,0
210171,2,1,0,0,0,0,0,0,0,0,0,0
210172,1,1,5,5,5,5,5,5,5,5,5,5
210173,1,1,5,5,5,5,5,5,5,5,5,5
210174,1,1,0,0,0,0,0,0,0,0,0,0
210175,1,1,0,0,0,0,0,0,0,0,0,0
210175,2,1,0,0,0,0,0,0,0,0,0,0
210176,1,1,0,0,0,0,0,0,0,0,0,0
210177,1,1,0,0,0,0,0,0,0,0,0,0
210177,2,1,0,0,0,0,0,0,0,0,0,0
210178,1,1,0,0,0,0,0,0,0,0,0,0
210179,1,1,0,0,0,0,0,0,0,0,0,0
210180,1,1,0,0,0,0,0,0,0,0,0,0
210180,2,1,0,0,0,0,0,0,0,0,0,0
210181,0,1,42,42,42,42,42,42,42,42,42,42
210181,1,1,0,15,0,0,0,24,0,21,22,2
210182,1,1,17,17,17,17,17,17,17,17,17,17
210182,2,1,0,0,0,0,0,0,0,0,0,0
210183,1,1,25,25,25,25,25,25,25,25,25,25
210184,1,1,0,0,0,0,0,0,0,0,0,0
210184,2,1,0,0,0,0,0,0,0,0,0,0
210184,3,1,0,0,0,0,0,0,0,0,0,0
210184,4,1,0,0,0,0,0,0,0,0,0,0
210185,1,1,15,15,15,15,15,15,15,15,15,15
210185,2,1,0,0,0,0,0,0,0,0,0,0
210186,1,1,0,0,0,0,0,0,0,0,0,0
210186,2,1,0,0,0,0,0,0,0,0,0,0
210187,1,1,8,8,8,8,8,8,8,8,8,8
210187,2,1,0,0,0,0,0,0,0,0,0,0
210188,1,1,12,12,12,12,12,12,12,12,12,12
210188,2,1,0,0,0,0,0,0,0,0,0,0
210188,3,1,0,0,0,0,0,0,0,0,0,0
210188,4,1,0,0,0,0,0,0,0,0,0,0
210189,1,1,16,16,16,16,16,16,16,16,16,16
210190,1,1,0,0,0,0,0,0,0,0,0,0
210191,1,1,0,9,0,0,0,26,0,0,0,0
210192,1,1,0,0,0,0,0,0,0,0,0,0
210192,2,1,0,0,0,0,0,0,0,0,0,18
210193,1,1,0,0,0,0,0,0,0,0,0,0
210193,2,1,0,0,0,0,0,0,0,0,0,0
210194,1,1,0,0,0,0,0,0,0,0,0,0
210194,2,1,0,0,0,0,0,0,0,0,0,0
210195,1,1,22,22,22,22,22,22,22,22,22,22
210196,1,1,0,0,0,0,0,0,0,0,13,0
210197,1,1,6,6,6,6,6,6,6,6,6,6
210198,1,1,0,0,0,0,0,0,0,0,0,0
210199,0,1,0,0,0,0,0,0,0,0,0,0
210199,0,2,0,0,0,0,0,0,0,0,0,0
210199,1,1,0,0,0,0,0,0,0,0,0,0
210200,1,1,0,0,0,0,0,0,0,0,0,0
210200,2,1,0,0,0,0,0,0,0,0,0,0
210201,1,1,0,0,0,0,0,0,0,0,0,0
210201,2,1,0,0,0,0,0,0,0,0,0,0
210202,1,1,0,0,0,0,0,0,0,0,0,0
210202,2,1,0,0,0,0,0,0,0,0,0,0
210203,0,1,0,27,0,0,0,0,20,0,5,14
210203,1,1,0,0,0,0,0,0,0,0,0,0
210204,1,1,0,0,0,0,0,0,0,0,0,0
210205,1,1,0,0,0,0,0,0,0,0,0,0
210205,2,1,0,0,0,0,0,0,0,0,0,0
210206,0,1,0,0,0,0,0,0,0,0,0,0
210206,1,1,0,0,0,0,0,0,0,0,0,0
210207,1,1,0,0,0,0,0,0,0,0,0,0
210207,2,1,0,0,0,0,0,0,0,0,0,0
210208,1,1,0,0,0,0,0,0,0,0,0,0
210208,2,1,0,0,0,0,0,0,0,0,0,0
210209,1,1,0,0,0,0,0,0,0,0,0,0
210210,1,1,22,22,22,22,22,22,22,22,22,22
210210,2,1,0,0,0,0,18,0,0,0,0,15
210211,1,1,13,13,13,13,13,13,13,13,13,13
210212,1,1,0,0,0,0,0,0,0,0,0,0
210212,2,1,0,0,0,0,0,0,0,0,0,0
210212,3,1,0,0,0,0,0,0,0,0,0,0
210213,1,1,0,0,0,0,0,0,0,0,0,0
210214,1,1,0,0,0,0,0,0,0,0,0,0
210214,2,1,0,0,0,0,0,0,0,0,0,0
210214,3,1,0,0,0,0,0,0,0,0,0,0
210215,1,1,0,0,0,0,0,0,0,0,0,0
210216,0,1,6,0,0,0,12,0,15,0,23,0
210216,1,1,0,0,0,19,0,0,0,0,0,0
210217,1,1,0,0,0,0,0,0,0,0,0,0
210218,1,1,0,0,0,0,0,0,0,0,0,0
210219,1,1,0,0,0,0,0,0,0,0,0,0
210219,2,1,0,0,0,0,0,0,0,0,0,0
210220,1,1,0,0,0,0,0,0,0,0,0,0
210220,2,1,0,0,0,0,0,0,0,0,0,0
210221,1,1,0,0,0,0,0,0,0,0,0,0
210221,2,1,0,0,0,0,0,0,0,0,0,0
210222,1,1,0,0,0,0,0,0,0,16,0,0
210222,2,1,0,0,17,0,0,0,0,0,0,0
210223,1,1,30,30,30,30,30,30,30,30,30,30
210223,2,1,0,0,0,0,11,0,0,17,0,0
210224,1,1,0,0,0,0,0,0,0,0,0,0
210225,1,1,12,12,12,12,12,12,12,12,12,12
210226,1,1,7,7,7,7,7,7,7,7,7,7
210226,2,1,0,0,0,0,0,0,0,0,0,0
210227,1,1,27,7,15,18,19,22,34,19,3,10
210228,1,1,0,0,16,0,0,0,0,0,0,0
210229,1,1,0,0,0,0,0,0,0,0,0,0
210230,1,1,20,20,20,20,20,20,20,20,20,20
210231,1,1,0,0,0,0,0,0,0,0,0,0
210231,2,1,0,0,0,0,0,0,0,0,0,0
210231,3,1,0,0,8,0,0,0,0,0,0,0
210231,4,1,0,0,0,0,0,0,0,0,0,0
210231,5,1,0,0,0,0,0,0,0,0,0,0
210232,1,1,0,0,0,0,0,0,0,0,0,0
210232,2,1,0,0,0,0,0,0,0,0,0,0
210233,1,1,0,0,0,0,0,0,0,0,0,0
210233,2,1,0,0,0,0,0,0,0,0,0,0
210233,3,1,0,0,0,0,0,0,0,0,0,0
210234,0,1,0,0,0,0,0,0,0,0,0,0
210234,1,1,0,0,0,0,0,0,0,0,0,0
210235,1,1,0,0,0,0,0,0,0,0,0,0
210235,2,1,0,0,0,0,0,0,0,0,0,0
210236,1,1,0,0,0,0,0,0,0,0,0,0
210236,2,1,0,0,0,0,0,0,0,0,0,0
210237,1,1,0,0,24,0,0,0,0,0,0,0
210238,1,1,10,10,10,10,10,10,10,10,10,10
210239,1,1,0,19,18,26,15,38,16,19,19,11
210240,1,1,0,0,0,0,0,0,0,0,0,0
210240,2,1,0,0,0,0,0,0,0,0,0,0
210241,1,1,0,32,0,14,0,0,0,20,0,0
210243,1,1,5,5,5,5,5,5,5,5,5,5
210244,1,1,0,0,0,0,0,0,0,0,0,0
210244,2,1,0,0,0,0,0,0,0,0,0,0
210245,1,1,0,0,0,0,0,0,0,0,0,0
210245,2,1,0,0,0,0,0,0,0,0,0,0
210246,1,1,12,12,12,12,12,12,12,12,12,12
210247,1,1,0,0,0,0,0,0,0,0,0,0
210247,2,1,0,0,0,0,0,0,0,0,0,0
210248,1,1,0,0,0,0,0,0,0,0,0,0
210248,2,1,0,0,0,0,0,0,0,0,0,0
210248,3,1,0,0,31,0,0,7,0,0,0,0
210249,0,1,0,0,0,0,0,0,0,0,0,0
210249,1,1,0,0,3,0,0,0,0,0,0,0
210250,1,1,20,20,20,20,20,20,20,20,20,20
210251,1,1,0,0,0,0,0,0,0,0,0,0
210252,1,1,0,0,0,0,0,0,0,0,0,0
210252,2,1,0,0,0,0,0,0,0,0,21,0
210253,1,1,0,0,0,0,0,0,0,0,0,0
210254,1,1,0,0,0,0,0,0,0,0,0,0
210255,1,1,0,0,0,0,0,0,0,0,0,0
210255,2,1,0,0,0,0,0,0,0,0,0,0