ST_CASE,VEH_NO,PER_NO,P1,P2,P3,P4,P5,P6,P7,P8,P9,P10
270304,2,1,0,0,0,0,0,0,0,0,0,0
270305,1,1,22,22,22,22,22,22,22,22,22,22
270306,1,1,0,0,0,0,0,0,0,0,0,0
270307,1,1,0,0,0,0,0,0,0,0,0,0
270307,2,1,0,11,0,0,0,0,0,9,0,0
270307,3,1,0,0,0,0,0,0,0,0,0,0
270308,1,1,20,20,20,20,20,20,20,20,20,20
270309,1,1,0,0,0,15,0,0,0,0,0,0
270310,1,1,10,10,10,10,10,10,10,10,10,10
270310,2,1,14,14,14,14,14,14,14,14,14,14
270311,1,1,0,0,0,0,0,0,0,0,0,0
270312,1,1,0,0,9,0,0,0,0,0,0,0
270312,2,1,0,0,0,0,0,0,0,0,0,0
270313,0,1,0,0,0,0,0,0,0,0,0,0
270313,0,2,0,0,0,0,0,0,0,0,0,0
270313,1,1,0,0,0,0,17,0,0,0,0,0
270314,1,1,0,0,0,0,0,0,0,0,0,0
270315,1,1,0,0,0,0,0,0,0,0,0,0
270315,2,1,0,0,0,0,0,0,0,0,0,0
270316,1,1,0,0,4,0,0,0,0,28,0,16
270316,2,1,0,0,0,0,0,0,0,0,0,0
270316,3,1,0,0,0,0,0,0,0,0,0,0
270317,1,1,0,0,0,0,0,0,0,0,0,0
270319,1,1,0,0,0,0,0,0,0,0,0,0
270320,1,1,15,15,15,15,15,15,15,15,15,15
270321,1,1,12,12,12,12,12,12,12,12,12,12
270322,1,1,0,0,0,0,0,0,0,0,0,0
270322,2,1,0,0,0,0,0,0,0,0,0,0
270323,1,1,0,0,0,0,0,0,0,0,0,0
270324,1,1,0,0,0,0,0,0,0,0,0,0
270324,2,1,3,3,3,3,3,3,3,3,3,3
270325,1,1,0,0,0,0,0,0,0,0,0,0
270326,1,1,0,0,0,0,0,0,0,0,0,0
270326,2,1,0,0,0,0,0,0,0,15,0,0
270327,1,1,0,0,0,0,0,0,0,0,0,0
270328,1,1,0,0,0,0,0,0,0,0,0,0
270328,2,1,0,0,0,0,0,0,0,0,0,0
270329,0,1,0,0,0,0,0,0,0,0,0,0
270329,1,1,0,0,0,0,4,0,0,0,0,0
270330,1,1,0,0,0,0,0,0,0,0,0,0
270331,1,1,0,0,0,0,0,0,0,0,0,0
270331,2,1,0,0,0,0,0,0,0,0,0,0
270333,0,1,0,0,0,0,0,0,0,0,0,0
270333,1,1,0,0,0,0,0,0,7,0,0,0
270334,1,1,0,0,0,0,0,19,0,0,0,0
270334,2,1,0,0,0,0,0,0,0,0,0,0
270335,1,1,0,0,0,11,0,0,0,0,0,0
270336,1,1,0,0,0,0,0,0,0,0,0,0
270337,1,1,0,0,0,0,0,0,0,0,0,0
270338,1,1,0,0,0,0,0,0,0,0,0,0
270338,2,1,0,0,0,0,0,0,0,0,0,0
270339,1,1,0,0,0,0,0,0,0,0,0,0
270339,2,1,0,0,0,0,0,0,0,0,0,0
270339,3,1,0,0,0,0,0,0,0,0,0,0
270340,1,1,0,0,7,0,0,10,0,0,0,0
270340,2,1,0,0,0,0,0,0,0,0,0,0
270340,3,1,0,0,0,0,0,0,0,0,0,0
270341,0,1,0,0,0,0,0,0,25,0,0,0
270341,0,2,0,0,0,0,12,0,23,0,0,0
270341,0,3,0,0,25,0,38,25,0,0,0,0
270341,1,1,0,0,0,0,0,0,0,0,0,0
270341,2,1,0,0,0,0,0,0,12,0,0,0
270342,1,1,12,12,12,12,12,12,12,12,12,12
270343,1,1,0,0,0,0,0,0,0,0,0,0
270344,1,1,0,0,0,0,0,0,0,0,0,0
270345,1,1,7,7,7,7,7,7,7,7,7,7
270346,1,1,23,23,23,23,23,23,23,23,23,23
270347,1,1,25,25,25,25,25,25,25,25,25,25
270348,1,1,0,0,0,0,0,0,0,0,0,0
270348,2,1,0,0,0,0,0,0,0,0,0,0
270349,0,1,0,0,0,0,0,0,0,0,0,0
270349,1,1,0,0,0,0,0,0,0,0,0,0
270350,1,1,0,0,0,0,0,0,0,0,0,0
270351,1,1,17,17,21,18,26,24,7,9,24,16
270352,1,1,16,16,16,16,16,16,16,16,16,16
270353,0,1,0,0,0,0,0,0,0,0,0,0
270353,1,1,0,0,0,0,0,0,0,0,0,0
270354,1,1,0,0,0,0,0,0,0,0,0,0
270355,0,1,0,0,0,0,0,0,0,0,0,0
270355,1,1,0,0,0,0,0,0,0,0,0,0
270355,2,1,0,0,0,0,0,0,0,0,0,0
270355,3,1,0,0,0,0,0,0,0,0,0,0
270355,5,1,0,0,0,0,0,0,0,0,0,0
270356,1,1,0,0,0,0,0,0,0,0,0,0
270357,1,1,0,0,0,0,0,0,0,0,0,0
270357,2,1,0,12,0,0,0,0,0,0,0,0
270358,1,1,0,0,0,0,0,0,0,0,0,0
270359,1,1,0,0,0,0,0,0,0,0,0,0
270359,2,1,0,0,0,0,0,0,0,0,0,0
270360,1,1,0,0,0,0,0,0,0,0,0,0
270361,1,1,0,0,0,0,0,0,0,0,0,0
270361,2,1,0,0,0,25,0,0,0,0,0,0
270362,1,1,0,0,0,0,0,0,0,0,0,0
270363,1,1,16,13,0,18,25,12,7,13,26,19
270363,2,1,26,0,21,15,25,23,11,10,14,14
270364,1,1,28,28,28,28,28,28,28,28,28,28
270365,1,1,10,10,10,10,10,10,10,10,10,10
270366,1,1,19,19,19,19,19,19,19,19,19,19
270367,1,1,2,2,2,2,2,2,2,2,2,2
270368,1,1,0,0,0,0,0,0,0,0,0,0
270369,1,1,18,28,14,14,15,19,10,28,0,16
270370,0,1,53,53,53,53,53,53,53,53,53,53
270370,1,1,0,0,0,0,14,0,38,0,0,0
270370,2,1,0,0,0,0,0,0,0,0,0,0
270371,1,1,0,0,0,0,0,0,0,0,0,0
270371,2,1,0,0,0,0,0,0,0,0,0,0
270372,1,1,9,9,9,9,9,9,9,9,9,9
270373,1,1,26,26,26,26,26,26,26,26,26,26
270373,3,1,0,0,0,0,0,0,0,0,0,0
270374,0,1,30,30,30,30,30,30,30,30,30,30
270374,1,1,0,0,0,0,0,0,0,0,0,0
270375,1,1,0,0,0,0,0,0,0,0,0,0
270376,1,1,0,0,0,0,0,0,0,0,0,2
270377,1,1,0,0,0,0,0,0,0,0,0,11
280001,1,1,17,0,0,0,0,0,0,0,0,20
280002,1,1,0,0,0,0,0,0,0,0,0,0
280002,2,1,0,0,18,0,0,0,0,0,0,22
280003,0,1,17,0,0,0,0,0,0,0,0,0
280003,1,1,0,0,0,0,0,0,0,0,0,0
280004,0,1,0,0,0,0,0,0,0,0,0,0
280004,1,1,0,6,0,25,0,5,30,30,0,0
280005,0,1,0,0,0,0,0,0,0,0,0,0
280005,1,1,0,0,0,0,0,0,0,0,0,0
280006,0,1,20,20,20,20,20,20,20,20,20,20
280006,1,1,0,0,0,0,0,0,0,0,0,0
280007,0,1,0,34,0,0,19,0,5,0,0,0
280007,1,1,0,0,0,0,0,0,12,0,0,25
280010,1,1,0,0,0,0,0,0,0,0,0,0
280011,0,1,0,0,16,22,24,38,26,18,27,0
280011,1,1,0,0,0,0,0,0,0,0,0,0
280012,1,1,20,20,20,20,20,20,20,20,20,20
280013,1,1,0,0,0,15,0,0,0,0,0,0
280013,2,1,0,0,0,0,0,0,0,0,0,0
280013,3,1,0,0,0,0,0,0,0,0,0,0
280013,4,1,0,0,0,0,0,0,0,0,0,0
280014,1,1,0,23,26,0,0,0,0,0,0,0
280014,2,1,0,0,0,0,0,0,0,0,0,0
280015,1,1,2,2,2,2,2,2,2,2,2,2
280015,2,1,0,0,0,0,0,0,0,0,0,0
280016,1,1,20,0,27,0,0,0,20,0,0,8
280017,1,1,0,0,0,0,0,0,0,0,0,12
280018,1,1,0,0,0,0,0,0,0,0,0,0
280018,2,1,0,0,0,0,0,0,0,0,0,0
280019,1,1,0,0,0,0,0,0,0,0,0,0
280019,2,1,0,0,0,0,0,0,0,0,43,0
280020,0,1,16,0,42,0,0,0,0,0,0,0
280020,1,1,0,0,0,0,0,0,0,0,0,0
280021,1,1,0,0,0,0,0,0,0,0,0,0
280021,2,1,0,0,0,22,0,0,0,0,0,0
280022,1,1,0,0,0,0,0,0,0,0,0,0
280023,1,1,0,0,0,0,0,0,0,0,0,0
280023,2,1,0,0,0,0,0,0,0,0,0,0
280024,1,1,0,0,0,0,0,0,0,0,0,0
280025,1,1,21,21,21,21,21,21,21,21,21,21
280026,1,1,24,10,16,22,19,15,19,35,32,22
280027,0,1,0,0,0,0,0,0,0,0,0,0
280027,1,1,0,0,0,0,0,0,0,0,0,0
280028,1,1,0,0,0,0,0,0,0,0,0,0
280029,1,1,0,0,0,0,0,0,0,0,0,0
280030,1,1,11,11,11,11,11,11,11,11,11,11
280031,1,1,0,0,0,0,0,0,0,0,0,0
280032,0,1,21,21,21,21,21,21,21,21,21,21
280032,1,1,0,0,0,0,0,0,0,0,0,0
280033,1,1,0,0,0,0,0,0,0,0,0,0
280034,1,1,0,0,0,0,0,0,0,0,0,11
280035,1,1,0,0,0,0,0,0,16,0,0,0
280035,2,1,0,0,0,0,0,0,0,0,0,0
280036,1,1,0,0,0,0,0,0,0,0,0,0
280037,1,1,0,0,0,0,0,0,0,0,0,0
280037,2,1,0,0,0,0,0,0,0,0,0,0
280038,1,1,0,24,0,0,0,0,0,0,0,0
280039,1,1,0,13,10,23,39,13,38,21,9,29
280041,1,1,0,0,0,0,0,14,16,0,0,0
280041,2,1,0,0,0,0,0,0,0,15,0,0
280042,1,1,0,0,0,0,0,0,0,0,0,0
280043,1,1,0,0,0,0,0,0,0,0,0,0
280043,2,1,0,0,0,0,0,0,0,0,0,18
280044,1,1,0,0,0,0,0,0,0,0,0,0
280044,2,1,0,0,10,0,0,0,0,0,0,0
280045,1,1,0,34,0,0,0,0,0,0,0,0
280046,1,1,0,0,0,0,0,0,0,0,0,0
280046,2,1,40,40,40,40,40,40,40,40,40,40
280047,0,1,0,0,0,21,0,0,18,28,0,0
280047,1,1,0,0,0,0,0,0,0,0,0,0
280048,1,1,22,7,13,13,22,15,26,24,19,15
280049,1,1,0,0,33,0,0,0,0,0,0,0
280050,0,1,16,0,0,30,0,12,0,11,0,0
280050,1,1,21,0,14,0,15,9,19,16,0,4
280051,1,1,0,0,0,0,0,0,0,0,0,0
280051,2,1,0,0,0,0,0,0,0,0,0,0
280052,1,1,0,0,0,0,0,0,0,0,0,0
280053,1,1,30,11,35,6,16,15,20,15,16,6
280054,1,1,0,0,0,0,0,0,0,0,0,0
280054,2,1,0,0,0,27,0,0,0,0,0,0
280054,3,1,0,0,0,0,0,7,13,0,0,0
280055,1,1,15,12,5,16,0,7,22,21,12,15
280056,1,1,0,0,0,0,0,0,0,0,0,0
280056,2,1,0,0,0,0,0,0,0,0,0,0
280057,1,1,0,0,13,0,0,0,0,0,0,0
280057,2,1,19,0,0,0,0,0,0,0,0,0
280058,1,1,0,0,0,0,0,0,0,0,0,0
280058,2,1,0,0,0,0,0,0,0,0,0,0
280059,1,1,0,0,0,0,0,12,0,0,0,0
280060,1,1,0,0,4,0,38,0,0,0,0,8
280063,1,1,0,0,0,36,0,0,0,0,0,0
280063,2,1,0,0,0,7,0,0,0,0,0,0
280064,0,1,5,15,0,21,34,34,26,16,48,25
280064,1,1,0,0,0,0,0,0,0,16,0,0
280065,1,1,0,0,0,0,0,0,0,0,0,16
280065,2,1,0,0,0,0,0,0,0,0,0,0
280066,1,1,0,16,0,0,0,0,0,0,0,0
280067,0,1,0,0,0,0,0,0,0,0,0,0
280067,1,1,0,0,6,15,0,0,0,0,0,0
280068,1,1,0,0,0,0,0,0,0,19,0,0
280068,2,1,0,0,0,0,0,0,0,19,0,0
280069,1,1,0,0,0,0,0,0,0,0,0,0
280069,2,1,0,0,0,0,0,0,0,0,0,0
280070,0,1,25,25,25,25,25,25,25,25,25,25
280070,1,1,0,0,0,0,0,15,0,0,0,9
280071,1,1,0,0,0,0,0,0,0,0,0,0
280071,2,1,16,0,0,0,0,0,0,0,7,0
280072,1,1,0,0,0,0,0,0,0,0,0,0
280073,1,1,0,0,11,0,0,0,0,0,0,0
280074,0,1,0,0,0,0,0,9,0,0,24,0
280074,1,1,0,0,0,0,0,0,0,0,0,0
280075,1,1,14,14,14,14,14,14,14,14,14,14
280076,1,1,0,0,27,0,0,0,0,0,0,0
280076,2,1,2,0,0,0,0,8,0,0,0,0
280077,1,1,0,0,0,0,0,0,30,0,0,0
280078,1,1,0,0,0,0,0,0,0,0,0,0
280079,1,1,0,18,0,0,0,0,0,0,0,0
280079,2,1,0,0,0,0,0,30,0,0,0,0
280080,1,1,0,0,0,0,0,0,0,0,0,0
280081,1,1,0,0,17,31,0,0,0,0,0,0
280082,1,1,41,0,0,0,0,0,27,20,0,0
280083,1,1,0,0,0,0,0,0,0,0,0,0
280083,2,1,15,15,15,15,15,15,15,15,15,15
280084,0,1,0,15,0,0,6,0,0,0,0,9
280084,1,1,0,0,0,0,0,0,0,0,0,0
280085,0,1,0,15,0,0,0,0,0,0,0,0
280085,1,1,0,0,0,0,0,0,0,0,0,0
280086,1,1,0,0,0,0,0,0,0,0,0,0
280087,1,1,14,0,0,0,0,8,0,0,0,0
280087,2,1,0,0,0,0,0,0,0,0,0,0
280087,3,1,0,0,0,0,0,0,0,0,0,0
280087,4,1,0,0,0,0,0,0,0,0,0,0
280088,1,1,0,0,0,0,0,0,0,0,0,0
280089,1,1,24,24,24,24,24,24,24,24,24,24
280090,0,1,0,0,0,0,0,0,0,0,0,0
280090,1,1,0,0,0,0,0,0,0,0,0,0
280091,0,1,25,25,25,25,25,25,25,25,25,25
280091,1,1,7,7,7,7,7,7,7,7,7,7
280092,0,1,0,0,0,15,30,25,0,0,15,0
280092,1,1,0,28,0,0,0,0,0,0,0,0
280093,1,1,0,0,0,0,0,0,0,0,0,0
280094,1,1,0,0,0,16,21,0,0,0,0,0
280095,1,1,0,0,16,0,0,0,0,0,0,0
280095,2,1,0,0,0,0,0,0,0,0,0,0
280096,1,1,0,0,0,0,0,0,0,0,0,0
280096,2,1,0,0,0,0,0,0,22,0,0,0
280097,1,1,0,0,0,0,0,0,0,0,0,0
280097,2,1,0,0,0,0,0,0,0,0,0,0
280098,1,1,0,0,0,0,0,0,0,0,0,0
280099,1,1,0,14,0,0,0,0,0,0,0,0
280100,1,1,33,31,0,0,0,0,9,0,0,16
280101,1,1,0,0,0,0,0,0,0,0,0,0
280102,1,1,0,0,0,0,21,0,0,0,0,0
280102,2,1,0,0,0,0,0,0,0,0,0,0
280103,1,1,0,7,0,0,0,0,0,0,0,0
280104,1,1,0,0,0,0,0,18,0,0,0,0
280104,2,1,0,0,0,0,19,0,0,0,0,0
280105,1,1,0,0,0,21,0,0,0,0,0,0
280105,2,1,0,0,0,0,0,0,0,0,0,0
280106,1,1,0,0,0,0,0,0,0,0,0,0
280106,2,1,0,0,0,0,0,0,0,0,0,0
280107,1,1,0,0,0,0,0,0,25,0,0,0
280107,2,1,0,0,0,0,0,0,0,0,0,0
280107,3,1,0,0,0,0,0,0,0,0,0,0
280108,1,1,0,0,0,0,0,22,22,0,0,0
280109,1,1,0,0,0,0,0,0,0,0,0,0
280110,1,1,4,0,0,0,0,0,0,0,0,0
280110,2,1,0,0,0,0,0,0,0,0,0,0
280111,1,1,0,0,0,0,0,0,0,0,0,0
280112,1,1,6,0,22,0,0,12,0,0,0,0
280113,1,1,24,24,24,24,24,24,24,24,24,24
280113,2,1,0,0,0,0,0,0,0,0,0,0
280114,1,1,0,0,0,0,0,0,0,0,0,0
280114,2,1,0,0,0,0,0,0,0,0,0,0
280115,1,1,0,0,0,0,0,0,0,0,0,0
280115,2,1,0,0,0,0,0,0,0,0,0,0
280116,1,1,0,0,0,0,0,0,0,0,0,0
280116,2,1,0,0,0,0,0,0,0,3,0,0
280117,1,1,0,21,0,0,0,0,0,0,0,0
280118,1,1,0,0,0,0,0,0,0,0,15,0
280119,1,1,0,0,0,0,0,0,0,0,20,0
280119,2,1,0,0,0,0,0,0,0,0,0,0
280121,1,1,0,0,0,0,0,0,15,0,0,0
280123,1,1,0,0,0,0,0,0,0,0,0,0
280124,1,1,0,0,0,0,0,1,25,0,0,0
280124,2,1,0,0,0,0,0,0,0,0,0,0
280124,3,1,0,0,0,0,0,0,12,0,0,0
280125,1,1,0,0,0,0,0,14,0,0,0,0
280125,2,1,0,0,0,0,0,0,0,0,0,0
280126,1,1,0,0,0,0,0,0,0,0,0,0
280127,0,1,53,0,31,0,0,3,0,0,0,0
280127,1,1,0,0,0,0,0,0,0,24,0,0
280128,0,1,7,0,0,0,0,30,24,0,0,0
280128,1,1,6,0,0,0,0,0,0,0,0,0
280129,1,1,21,21,21,21,21,21,21,21,21,21
280130,1,1,0,0,0,0,0,0,0,0,0,0
280131,1,1,4,4,4,4,4,4,4,4,4,4
280132,2,1,0,0,0,0,0,0,0,0,21,0
280133,1,1,0,0,0,0,0,25,0,0,0,0
280134,1,1,0,0,0,14,0,0,0,0,0,0
280135,1,1,0,0,0,0,0,0,0,0,0,0
280136,1,1,0,0,0,0,0,0,16,0,0,0
280137,1,1,0,0,0,0,0,0,0,0,0,0
280137,2,1,0,0,0,16,0,0,0,0,0,0
280138,1,1,0,20,5,8,0,7,5,12,5,17
280139,1,1,0,0,0,0,0,0,0,0,0,0
280139,2,1,0,0,0,0,0,0,0,0,0,0
280140,1,1,0,0,0,0,21,0,0,7,0,0
280141,1,1,22,0,0,0,14,12,0,0,12,0
280142,0,1,0,24,0,0,13,0,0,32,0,0
280142,1,1,0,6,0,0,0,5,19,10,0,17
280143,1,1,0,0,0,0,0,0,0,0,0,0
280144,1,1,0,0,0,0,0,0,0,0,0,0
280145,1,1,0,0,0,0,0,0,0,0,0,0
280146,1,1,0,0,0,0,0,0,20,0,28,0
280147,1,1,5,0,0,0,0,0,0,0,0,0
280148,1,1,0,0,0,4,0,0,25,0,0,0
280149,0,1,0,0,0,0,0,0,0,0,0,0
280149,1,1,0,0,0,0,0,0,0,0,0,0
280150,1,1,0,0,0,0,12,0,0,0,0,0
280151,1,1,0,0,0,0,0,0,0,0,0,0
280151,2,1,0,0,0,0,0,0,0,0,0,0
280152,1,1,0,0,0,0,0,0,0,0,0,7
280153,1,1,0,0,0,0,0,0,46,0,0,0
280154,0,1,0,4,0,0,0,0,0,0,0,17
280154,1,1,0,0,0,0,0,0,0,0,0,0
280155,1,1,3,3,3,3,3,3,3,3,3,3
280156,1,1,0,12,23,0,0,11,13,0,0,0
280157,1,1,0,0,0,0,0,0,0,0,0,0
280158,1,1,0,12,6,0,15,13,21,3,12,9
280159,1,1,0,0,0,0,0,0,0,0,0,0
280159,2,1,0,0,0,0,0,0,0,0,0,0
280160,1,1,0,0,0,0,0,0,0,0,0,0
280160,2,1,0,0,0,0,0,0,0,0,0,0
280161,1,1,18,18,18,18,18,18,18,18,18,18
280161,2,1,8,8,8,8,8,8,8,8,8,8
280162,1,1,0,0,0,0,0,0,0,0,0,0
280162,2,1,0,0,13,0,0,0,0,0,0,0
280163,1,1,3,26,5,6,5,23,15,18,17,27
280164,1,1,0,0,0,0,0,0,0,0,0,0
280165,1,1,0,0,0,0,0,0,0,0,0,0
280165,2,1,0,0,20,0,0,0,0,0,0,0
280166,1,1,0,0,0,0,0,0,0,0,0,0
280166,2,1,22,22,22,22,22,22,22,22,22,22
280167,1,1,0,0,0,0,0,0,0,0,0,0
280168,1,1,0,0,10,0,0,0,0,0,0,0
280168,2,1,11,0,0,11,0,5,0,12,0,0
280168,3,1,0,0,0,0,0,0,15,0,0,0
280169,0,1,0,0,13,0,27,0,3,0,15,22
280169,1,1,0,14,0,0,0,0,0,0,0,0
280170,1,1,0,0,0,0,0,0,0,0,0,0
280171,1,1,18,9,0,0,14,14,2,8,10,25
280172,1,1,0,0,0,0,0,0,0,0,0,0
280172,2,1,14,14,14,14,14,14,14,14,14,14
280173,1,1,0,0,0,0,17,0,0,29,0,0
280174,1,1,0,0,0,0,0,0,0,0,0,0
280175,1,1,20,20,20,20,20,20,20,20,20,20
280176,1,1,14,14,14,14,14,14,14,14,14,14
280176,2,1,0,0,0,0,0,0,0,0,0,0
280177,0,1,0,0,0,0,0,0,0,0,0,0
280177,1,1,0,0,0,0,0,0,17,0,0,0
280178,0,1,0,0,0,0,0,0,0,0,0,0
280178,0,2,0,0,0,0,0,0,0,0,0,14
280178,1,1,17,0,0,0,17,4,0,13,0,22
280179,1,1,0,0,0,0,0,13,16,0,17,16
280180,1,1,0,0,0,0,0,26,0,0,0,0
280180,2,1,0,0,8,0,7,0,0,0,0,0
280181,0,1,0,0,0,0,0,0,0,0,0,0
280181,1,1,25,0,0,0,0,0,0,0,0,0
280182,1,1,0,0,0,0,19,0,0,0,0,0
280183,1,1,0,0,0,0,0,0,0,0,0,0
280184,1,1,27,28,12,0,9,21,15,13,13,26
280185,1,1,0,0,0,0,0,0,0,0,0,0
280185,2,1,0,0,0,0,0,0,0,0,0,0
280187,1,1,0,0,0,0,0,0,0,0,0,0
280187,2,1,0,0,0,0,11,0,0,0,0,0
280188,1,1,0,0,0,0,0,0,0,0,0,0
280189,1,1,0,0,0,19,0,0,0,0,0,0
280190,1,1,0,0,0,0,0,0,0,0,0,0
280191,1,1,0,0,0,0,0,0,22,0,0,0
280192,1,1,0,0,0,0,0,0,0,0,0,0
280192,2,1,0,0,0,0,0,0,0,0,0,0
280193,1,1,0,0,0,0,0,0,0,0,0,0
280194,1,1,0,0,0,0,0,0,0,0,0,0
280195,1,1,0,0,0,0,0,0,0,0,0,0
280196,1,1,0,6,0,0,0,0,0,0,0,0
280196,2,1,0,0,0,0,0,0,0,0,0,0
280197,1,1,13,17,16,11,17,10,8,12,19,14
280198,0,1,24,0,0,0,0,19,0,0,0,0
280198,1,1,0,0,0,0,0,0,0,0,0,0
280199,1,1,27,27,27,27,27,27,27,27,27,27
280200,1,1,0,0,13,29,0,14,0,0,0,0
280201,1,1,0,0,0,0,0,0,5,0,0,0
280201,2,1,0,0,0,0,0,0,0,0,0,0
280202,1,1,0,0,0,0,0,0,0,0,0,0
280203,1,1,0,0,0,0,0,0,0,0,0,0
280203,2,1,0,0,0,0,0,24,0,0,0,0
280204,1,1,0,0,0,0,0,0,0,0,0,0
280204,2,1,0,0,0,0,0,0,0,10,0,0
280205,1,1,0,12,0,17,0,0,0,0,0,0
280206,1,1,0,0,0,0,0,0,0,0,0,0
280207,1,1,0,5,0,0,0,0,0,0,0,0
280207,2,1,0,0,0,0,0,0,0,0,0,0
280208,1,1,0,0,0,0,0,0,0,0,0,0
280208,2,1,0,0,0,0,0,0,0,12,0,0
280209,1,1,0,0,0,0,8,0,0,22,0,0
280210,0,1,0,0,0,0,0,0,0,0,0,0
280210,1,1,0,0,0,0,0,0,0,0,0,0
280211,1,1,16,7,9,17,15,0,25,12,26,17
280212,1,1,0,0,0,0,0,0,0,0,0,0
280212,2,1,0,0,0,0,0,0,0,0,0,0
280213,1,1,0,0,0,0,0,0,0,0,6,23
280214,1,1,0,0,0,0,0,0,0,0,0,0
280215,1,1,0,0,0,0,0,0,42,0,0,0
280216,1,1,0,0,0,0,0,0,0,0,0,0
280217,1,1,0,0,0,0,0,0,0,0,0,0
280218,1,1,0,0,0,0,0,0,0,0,0,0
280218,2,1,0,0,0,0,0,0,0,0,0,0
280219,0,1,28,0,0,0,0,0,0,0,4,0
280219,1,1,0,0,0,0,0,0,0,0,0,0
280220,1,1,0,0,0,0,12,0,0,0,25,13
280221,1,1,0,0,0,0,0,0,0,0,0,0
280221,2,1,0,0,0,0,0,0,0,0,0,0
280222,1,1,0,0,0,0,0,0,0,0,0,0
280222,2,1,0,0,0,0,0,0,0,0,0,0
280223,1,1,0,0,0,17,0,0,0,0,0,0
280223,2,1,0,0,0,0,9,0,0,0,0,0
280223,3,1,0,0,0,0,0,0,0,0,0,0
280224,1,1,14,23,0,7,15,14,0,10,0,0
280225,1,1,0,0,27,20,0,19,0,0,0,0
280226,1,1,5,12,19,20,0,22,0,18,29,30
280227,1,1,0,0,0,0,0,0,0,0,0,0
280228,1,1,18,0,0,19,0,0,0,0,0,0
280229,1,1,0,0,0,0,0,0,17,0,16,0
280230,0,1,0,17,0,0,12,0,0,0,0,0
280230,1,1,31,35,0,12,0,15,0,0,21,0
280231,1,1,0,0,0,0,0,0,0,0,0,0
280232,1,1,0,0,0,16,0,0,0,0,0,0
280233,0,1,9,0,25,25,7,32,23,32,6,16
280233,1,1,0,16,0,38,5,0,6,0,21,21
280234,2,1,0,0,0,0,0,0,0,0,0,0
280235,1,1,0,0,0,0,0,0,0,0,0,23
280235,2,1,22,22,22,22,22,22,22,22,22,22
280236,1,1,30,30,30,30,30,30,30,30,30,30
280237,1,1,0,0,0,0,0,0,0,0,0,0
280238,0,1,0,0,0,0,0,0,0,0,0,0
280238,1,1,0,0,0,0,0,0,0,0,18,0
280239,1,1,0,0,0,0,0,0,0,0,14,0
280240,1,1,18,18,18,18,18,18,18,18,18,18
280241,1,1,0,0,0,0,0,0,0,0,0,0
280242,0,1,9,9,9,9,9,9,9,9,9,9
280242,1,1,0,0,0,0,0,0,0,0,0,0
280243,1,1,14,19,14,9,18,4,13,19,10,11
280243,2,1,8,29,20,15,21,17,11,14,12,17
280244,1,1,0,17,21,0,0,0,0,28,0,0
280245,1,1,15,13,28,5,7,16,22,12,22,18
280246,1,1,0,0,0,0,0,0,0,0,32,0
280246,2,1,0,0,0,0,0,0,0,0,0,0
280247,1,1,0,0,0,0,0,0,0,0,0,0
280248,1,1,0,0,0,0,0,0,0,0,0,0
280248,2,1,0,0,0,0,0,0,0,0,0,0
280249,1,1,0,0,0,0,0,0,0,0,0,0
280249,2,1,0,0,29,0,0,0,0,0,0,0
280250,1,1,0,0,0,0,0,0,9,0,0,0
280251,1,1,0,0,0,0,11,0,0,0,0,0
280252,1,1,0,0,0,0,0,0,0,0,0,0
280252,2,1,0,0,0,0,0,0,0,0,0,0
280252,3,1,0,0,0,0,0,0,0,0,0,0
280253,1,1,0,0,0,19,0,0,0,0,0,0
280254,1,1,0,0,0,0,0,0,0,0,0,0
280255,1,1,0,0,0,0,0,0,38,18,0,0
280256,0,1,0,32,0,0,0,0,0,14,11,0
280256,1,1,14,14,14,14,14,14,14,14,14,14
280257,1,1,0,0,0,10,0,0,0,0,0,0
280258,1,1,15,15,15,15,15,15,15,15,15,15
280259,1,1,0,0,0,0,0,0,0,0,0,0
280259,2,1,0,0,0,0,0,0,0,0,0,0
280260,1,1,0,0,0,0,0,0,0,0,0,0
280261,1,1,0,0,0,0,11,0,0,0,0,15
280263,0,1,29,0,16,26,0,0,18,0,0,16
280263,1,1,0,0,0,0,0,0,0,0,0,0
280264,1,1,0,0,0,0,0,0,0,0,0,0
280265,1,1,0,0,0,0,0,0,10,0,0,0
280265,2,1,0,0,0,24,0,0,0,0,0,0
280266,1,1,0,0,0,0,0,0,0,0,0,0
280267,1,1,0,0,0,0,0,0,0,0,0,0
280267,2,1,19,19,19,19,19,19,19,19,19,19
280267,3,1,0,0,0,0,0,0,0,0,0,0
280268,0,1,0,0,0,26,0,0,0,11,4,17
280268,1,1,0,0,0,19,0,0,0,0,0,14
280268,2,1,0,0,0,0,0,0,0,0,0,0
280268,3,1,0,0,0,0,0,0,0,0,0,0
280268,4,1,0,12,0,0,0,5,0,12,0,10
280268,5,1,8,0,7,6,9,20,18,0,2,20
280269,1,1,0,0,0,0,0,0,0,0,0,0
280269,2,1,0,0,0,0,0,0,0,0,0,0
280270,1,1,0,0,0,0,0,0,0,0,6,0
280270,2,1,0,0,0,0,0,0,0,0,0,0
280271,1,1,0,0,0,0,0,0,0,0,29,0
280273,1,1,0,0,0,0,0,0,0,0,0,0
280273,2,1,0,0,0,0,0,0,0,0,0,0