ST_CASE,VEH_NO,PER_NO,P1,P2,P3,P4,P5,P6,P7,P8,P9,P10
280601,1,1,12,0,0,0,0,0,0,0,0,0
280602,1,1,2,2,2,2,2,2,2,2,2,2
280602,2,1,22,22,22,22,22,22,22,22,22,22
280603,1,1,0,0,0,5,0,0,0,0,0,0
280604,1,1,0,0,0,0,0,0,0,0,0,0
280604,2,1,0,0,0,0,0,0,0,0,0,0
280605,1,1,0,0,0,2,0,0,0,0,0,0
280605,2,1,0,0,0,0,0,0,0,0,0,0
280606,0,1,0,0,0,25,0,9,0,0,0,11
280606,1,1,0,0,0,0,0,0,0,0,0,0
280607,1,1,0,0,0,0,0,0,0,0,0,0
280607,2,1,0,0,0,0,0,0,0,0,0,0
280608,0,1,0,41,22,0,49,7,26,12,11,0
280608,1,1,9,9,9,9,9,9,9,9,9,9
280609,1,1,0,0,0,0,0,0,0,0,0,19
280610,1,1,0,0,0,0,0,0,0,0,0,0
280610,2,1,5,0,0,0,0,0,0,0,0,0
280611,1,1,0,0,11,0,0,0,0,0,0,0
280611,2,1,0,29,0,0,21,0,0,0,0,0
280612,0,1,0,0,0,0,0,0,0,0,0,0
280612,1,1,0,0,0,0,0,0,0,0,0,0
280613,1,1,0,0,0,0,0,0,0,0,0,0
280614,1,1,0,0,0,0,0,7,0,0,0,0
280615,0,1,0,0,0,0,0,0,0,0,0,0
280615,1,1,0,0,0,0,0,0,0,0,0,0
280616,1,1,0,0,0,0,14,0,0,0,0,0
280616,2,1,0,0,0,0,0,0,0,0,0,0
280617,0,1,13,0,0,0,0,0,0,0,19,0
280617,1,1,8,0,6,16,24,0,15,5,25,14
280618,1,1,0,0,0,0,0,0,0,0,0,0
280618,2,1,0,0,0,0,0,0,0,0,0,0
280619,0,1,0,0,0,0,0,0,0,0,0,0
280619,2,1,0,0,0,0,0,0,0,0,0,0
280620,0,1,0,0,0,0,0,0,0,0,0,0
280620,0,2,0,0,0,0,0,0,0,0,0,0
280620,1,1,0,0,0,0,0,0,0,0,0,0
280621,1,1,0,0,0,0,0,0,0,0,0,0
280621,2,1,0,0,0,0,0,0,0,0,0,0
280622,1,1,0,0,0,0,0,0,0,29,0,0
280623,0,1,0,0,0,22,0,11,17,0,0,24
280623,0,2,0,0,0,0,0,17,0,0,0,0
280623,0,3,0,0,27,0,0,22,0,21,0,0
280623,1,1,0,0,0,0,0,0,0,0,0,0
280624,0,1,18,0,7,10,0,10,18,0,0,22
280624,1,1,0,0,0,0,0,20,0,0,0,0
280625,1,1,0,0,0,0,0,0,0,0,0,0
280626,1,1,0,0,0,0,0,0,0,0,0,0
280626,2,1,0,0,0,0,0,0,0,0,0,0
280627,1,1,0,0,0,0,0,0,0,0,0,0
280627,2,1,0,0,0,0,0,0,0,0,0,0
280628,0,1,0,0,0,0,0,0,0,0,0,0
280628,1,1,0,0,0,0,0,0,0,0,0,0
280629,1,1,0,0,0,0,0,0,0,0,0,0
280629,2,1,14,0,0,0,0,0,0,0,0,0
280630,1,1,0,0,0,0,0,0,0,0,0,0
280630,2,1,0,0,0,0,0,0,0,0,0,0
280631,1,1,0,0,0,0,0,0,0,0,0,0
280632,1,1,0,0,24,0,0,0,0,0,0,0
280633,1,1,0,0,0,0,0,0,0,0,0,0
280633,2,1,0,0,0,0,0,0,0,0,0,0
280634,1,1,0,17,0,0,0,0,11,0,0,0
280635,0,1,20,0,0,40,21,0,0,0,0,20
280635,1,1,0,0,0,0,0,0,0,0,8,17
280636,1,1,0,0,0,0,0,0,15,15,0,0
280636,2,1,0,0,0,0,0,0,0,0,0,0
280637,1,1,0,0,0,0,0,0,0,0,0,0
280638,1,1,0,0,0,0,0,0,0,0,0,0
280638,2,1,0,0,0,0,0,0,0,0,0,0
280639,1,1,0,0,0,0,0,0,0,0,0,0
280640,0,1,0,0,0,0,29,0,0,0,0,0
280640,1,1,0,0,13,0,0,0,0,14,0,0
280641,1,1,0,0,0,0,0,0,0,0,0,14
280642,1,1,0,0,18,0,0,0,0,0,2,0
280642,2,1,0,0,0,0,0,0,0,0,0,0
280643,1,1,0,0,0,0,0,0,0,0,0,0
280643,2,1,12,15,9,22,7,15,20,6,27,0
280644,1,1,0,0,0,0,0,0,0,0,0,0
280644,2,1,0,0,0,0,0,0,0,0,0,0
280645,1,1,0,0,0,0,0,0,0,0,0,0
280645,2,1,0,0,0,0,0,0,0,0,0,0
280646,1,1,0,0,0,0,0,0,0,0,0,0
280646,2,1,0,0,0,0,0,0,0,0,0,0
280647,1,1,14,14,14,14,14,14,14,14,14,14
280647,2,1,0,0,0,0,0,0,0,0,0,0
280648,0,1,0,0,17,20,0,8,0,0,5,0
280648,1,1,0,7,0,0,0,0,0,0,0,0
280649,1,1,32,14,35,11,12,18,19,7,11,40
280650,1,1,0,0,31,0,0,0,0,0,0,0
280651,1,1,0,0,0,0,0,0,0,0,0,0
280652,1,1,0,0,0,0,0,0,0,0,0,31
280652,2,1,0,0,12,0,0,0,0,0,9,0
280653,1,1,0,0,0,0,0,0,0,0,0,0
280653,2,1,0,0,0,0,0,0,0,0,0,0
280654,0,1,22,0,0,0,0,0,0,13,0,0
280654,1,1,3,3,3,3,3,3,3,3,3,3
280655,0,1,11,0,0,0,0,0,0,18,0,0
280655,1,1,0,0,0,0,0,0,0,0,0,0
280656,1,1,9,9,9,9,9,9,9,9,9,9
280656,2,1,0,0,0,0,9,0,0,15,10,0
280657,1,1,0,0,0,0,0,0,0,0,0,0
280657,2,1,0,0,0,0,0,0,0,0,0,0
280658,1,1,0,0,0,0,0,21,0,0,0,0
280659,1,1,0,0,0,0,0,0,0,0,0,0
280660,1,1,26,7,27,52,17,19,9,8,3,14
280662,1,1,0,0,0,0,0,0,0,0,17,0
280663,1,1,0,0,0,0,0,0,0,0,0,0
280664,1,1,0,5,0,11,11,0,0,0,0,0
280665,1,1,18,18,18,18,18,18,18,18,18,18
280666,1,1,16,16,16,16,16,16,16,16,16,16
280667,1,1,0,0,0,0,0,0,0,0,0,0
280667,2,1,0,0,0,0,0,0,0,0,0,0
280668,1,1,0,0,0,0,0,0,0,0,0,0
280668,2,1,0,0,0,0,0,0,0,0,0,0
280669,1,1,0,0,0,0,0,0,23,0,0,0
280670,1,1,0,0,0,0,0,0,0,0,23,0
280671,1,1,0,0,0,0,11,0,0,0,0,0
280672,1,1,0,16,3,0,12,9,28,0,13,12
280673,0,1,0,0,0,0,0,0,0,2,0,0
280673,1,1,0,0,0,0,0,0,0,0,0,0
280674,1,1,0,0,0,0,0,0,0,0,23,0
280675,1,1,18,0,32,25,9,10,0,0,0,0
280676,1,1,37,37,37,37,37,37,37,37,37,37
280677,1,1,0,0,19,12,0,0,0,0,26,0
280678,0,1,0,8,27,0,18,0,0,31,0,0
280678,1,1,0,0,0,0,23,8,0,15,0,0
280679,1,1,10,16,11,21,20,15,0,13,47,16
280680,0,1,22,22,22,22,22,22,22,22,22,22
280680,1,1,14,0,4,19,6,25,0,8,14,21
280681,0,1,0,0,0,0,0,0,0,0,0,0
280681,1,1,16,17,0,0,21,10,0,10,0,0
280682,1,1,17,27,17,15,0,0,0,15,0,6
280683,1,1,0,0,0,0,0,0,0,0,0,0
280684,1,1,0,0,0,0,0,0,15,0,0,0
280684,2,1,0,0,0,0,0,36,0,16,0,0
280685,1,1,10,21,0,26,9,14,23,26,15,0
280686,1,1,24,0,16,0,0,0,0,0,0,0
280686,2,1,0,0,40,0,0,0,0,0,0,0
280686,3,1,19,0,7,0,0,8,6,0,21,18
280687,1,1,0,0,0,0,0,0,0,13,0,0
280688,1,1,0,0,0,0,0,0,0,0,0,0
280689,1,1,0,0,0,0,0,14,12,0,0,0
280689,2,1,0,0,0,0,0,0,10,0,0,0
280689,3,1,0,0,0,0,0,0,0,20,0,0
280690,1,1,12,0,0,0,0,12,0,0,0,0
280690,2,1,0,0,0,0,0,0,0,0,0,0
280691,1,1,0,0,0,0,0,0,26,0,0,0
280692,0,1,11,11,11,11,11,11,11,11,11,11
280692,1,1,0,0,0,0,0,0,15,0,0,0
280693,1,1,0,0,0,0,0,0,0,0,0,0
280694,0,1,0,0,17,0,6,9,39,0,0,0
280694,1,1,0,0,11,6,8,0,0,0,0,0
280695,1,1,0,0,0,0,0,0,0,18,0,0
280696,1,1,27,0,0,0,0,0,0,0,0,0
280697,0,1,17,17,17,17,17,17,17,17,17,17
280697,1,1,0,0,0,0,0,0,0,0,0,0
280698,1,1,0,0,0,0,0,0,0,0,0,0
280698,2,1,33,33,33,33,33,33,33,33,33,33
280699,1,1,0,0,0,0,0,0,0,0,0,0
280700,1,1,0,0,0,0,0,0,0,0,0,0
280700,2,1,0,0,0,0,0,0,0,0,0,0
280701,1,1,0,0,0,0,0,0,0,0,0,0
280702,1,1,0,0,0,0,0,0,0,0,0,0
280703,1,1,0,0,0,37,0,0,0,0,0,8
280704,1,1,0,0,0,0,0,0,0,0,0,0
280704,2,1,0,0,0,0,0,0,0,0,0,0
280705,1,1,0,0,36,0,0,0,0,0,0,0
290001,1,1,23,23,23,23,23,23,23,23,23,23
290002,1,1,0,0,0,13,0,0,0,0,0,0
290002,2,1,0,0,0,10,15,16,0,0,0,0
290003,1,1,0,0,0,0,0,0,0,0,0,0
290003,2,1,0,0,0,0,0,0,0,0,0,0
290003,3,1,0,0,0,0,0,0,0,0,0,0
290004,1,1,30,0,0,0,0,0,0,0,0,0
290005,1,1,0,0,0,0,0,0,0,0,0,0
290006,0,1,38,35,37,16,0,17,18,27,19,0
290006,1,1,0,0,9,0,0,0,0,0,0,0
290007,1,1,15,17,13,0,17,24,0,40,16,0
290008,1,1,0,0,0,0,0,0,0,0,0,0
290010,1,1,0,0,0,0,0,0,0,0,0,0
290011,1,1,0,0,0,0,0,0,0,0,0,0
290011,2,1,0,0,0,0,0,0,0,0,0,0
290012,1,1,0,0,0,0,0,0,0,0,0,0
290013,1,1,0,0,0,0,0,0,0,0,0,0
290013,2,1,0,0,0,0,0,0,0,0,0,0
290014,0,1,18,18,18,18,18,18,18,18,18,18
290014,0,2,25,7,20,37,32,22,10,27,4,25
290014,0,3,18,5,24,25,9,28,18,2,33,9
290014,1,1,0,0,0,0,0,0,0,0,0,0
290015,0,1,0,0,0,0,0,0,0,0,0,0
290015,1,1,0,0,0,0,0,0,0,0,0,0
290016,1,1,0,0,0,0,0,0,0,0,0,0
290017,1,1,12,16,0,0,0,8,23,0,22,12
290018,1,1,38,38,38,38,38,38,38,38,38,38
290019,1,1,0,0,0,0,0,0,0,0,0,0
290020,1,1,0,19,0,21,0,0,0,0,9,11
290020,2,1,0,0,0,0,0,0,0,0,0,0
290021,1,1,0,0,0,0,0,0,0,0,0,0
290021,2,1,0,0,0,0,0,0,0,0,0,0
290022,1,1,0,0,0,0,0,0,0,0,0,0
290022,2,1,0,0,0,0,0,0,0,0,0,0
290023,1,1,0,0,0,0,0,0,0,0,0,0
290024,1,1,0,0,0,0,0,0,0,0,0,0
290024,2,1,0,0,0,0,0,0,0,0,0,0
290025,1,1,0,0,0,19,0,0,23,0,0,22
290025,2,1,0,0,0,0,0,0,0,0,0,0
290026,1,1,14,14,14,14,14,14,14,14,14,14
290026,2,1,0,0,0,0,0,0,0,0,0,0
290028,1,1,12,12,12,12,12,12,12,12,12,12
290029,1,1,22,22,22,22,22,22,22,22,22,22
290030,0,1,0,0,0,0,0,0,0,0,0,0
290030,1,1,0,0,0,0,0,0,0,0,0,0
290031,1,1,0,0,0,0,0,0,0,0,0,0
290031,2,1,0,0,0,0,0,0,0,0,0,0
290032,1,1,0,0,0,0,0,0,0,0,0,0
290032,2,1,0,0,0,0,0,0,0,0,0,0
290033,1,1,0,0,0,0,0,0,0,0,0,0
290033,2,1,0,13,0,0,0,0,12,0,18,0
290034,0,1,0,0,0,0,0,0,0,0,0,0
290034,1,1,0,0,0,0,0,0,0,0,0,0
290035,1,1,0,0,0,0,0,0,0,0,0,0
290035,2,1,0,0,0,0,0,0,0,0,0,0
290036,0,1,0,0,0,0,0,0,14,0,8,14
290036,1,1,0,23,0,0,0,15,0,0,0,0
290037,1,1,0,0,0,0,0,0,0,0,0,0
290037,2,1,0,0,0,0,0,0,0,0,0,0
290038,1,1,22,22,22,22,22,22,22,22,22,22
290039,1,1,18,18,18,18,18,18,18,18,18,18
290039,2,1,0,0,0,0,0,0,0,0,0,0
290040,1,1,12,12,12,12,12,12,12,12,12,12
290041,1,1,8,8,8,8,8,8,8,8,8,8
290042,1,1,0,0,0,0,0,0,0,0,0,0
290042,2,1,0,0,0,0,0,0,0,0,0,0
290043,1,1,0,0,0,0,0,0,0,0,0,0
290043,2,1,0,0,0,0,0,0,0,0,0,0
290044,1,1,0,0,0,15,0,0,0,0,0,0
290045,0,1,22,22,22,22,22,22,22,22,22,22
290045,0,2,0,7,0,19,0,39,0,0,0,0
290045,1,1,0,0,21,0,0,0,24,3,0,0
290046,1,1,25,25,25,25,25,25,25,25,25,25
290046,2,1,11,11,11,11,11,11,11,11,11,11
290047,1,1,0,0,0,0,0,0,0,0,0,0
290047,2,1,0,0,0,0,0,0,0,0,0,0
290048,1,1,24,24,24,24,24,24,24,24,24,24
290049,0,1,0,0,0,0,0,0,0,0,0,5
290049,1,1,0,0,0,0,0,0,0,0,0,0
290050,1,1,18,18,18,18,18,18,18,18,18,18
290051,1,1,0,0,0,9,0,0,0,0,0,0
290051,2,1,0,0,0,0,0,0,0,0,0,0
290052,1,1,0,0,0,0,0,0,0,13,0,0
290052,2,1,0,0,0,0,0,0,0,0,0,0
290053,1,1,18,18,18,18,18,18,18,18,18,18
290054,1,1,0,0,0,0,0,0,0,0,0,0
290055,1,1,9,0,0,0,0,0,0,0,0,0
290055,2,1,0,0,0,0,0,0,0,0,0,0
290056,1,1,0,0,0,0,0,0,0,0,21,0
290057,1,1,0,0,0,0,0,0,0,0,0,0
290057,2,1,0,0,0,0,0,0,0,0,0,0
290057,3,1,0,0,0,0,0,0,0,22,0,0
290058,1,1,0,17,0,0,0,0,0,0,0,0
290059,1,1,0,0,0,0,0,0,0,0,0,0
290059,2,1,0,0,0,0,0,0,0,0,0,0
290060,1,1,0,11,0,0,0,0,0,0,22,0
290060,2,1,0,0,0,0,0,0,0,0,0,0
290061,1,1,0,0,0,0,0,0,0,0,0,0
290062,1,1,0,0,0,0,0,0,0,0,0,0
290062,2,1,0,0,0,0,0,0,0,0,0,0
290063,1,1,0,0,0,0,0,0,0,0,0,0
290064,0,1,0,0,0,0,0,0,0,0,0,0
290064,1,1,0,0,0,0,0,0,0,0,0,0
290065,1,1,39,39,39,39,39,39,39,39,39,39
290065,2,1,39,39,39,39,39,39,39,39,39,39
290065,3,1,16,4,0,17,0,19,8,0,0,16
290066,1,1,0,0,32,0,0,0,0,0,0,0
290067,1,1,26,26,26,26,26,26,26,26,26,26
290068,1,1,0,0,0,0,0,0,0,0,0,0
290069,1,1,0,0,0,0,0,0,0,0,0,0
290070,1,1,21,21,21,21,21,21,21,21,21,21
290070,2,1,0,0,0,0,0,0,0,0,0,0
290071,0,1,17,17,17,17,17,17,17,17,17,17
290071,1,1,0,0,0,0,0,0,0,0,0,0
290072,1,1,0,0,0,0,0,0,0,0,0,0
290073,1,1,0,0,0,0,0,0,0,0,0,0
290073,2,1,0,0,0,0,0,0,0,0,0,0
290074,0,1,0,0,0,0,24,0,0,0,22,0
290074,1,1,0,0,15,0,0,0,15,0,0,0
290075,0,1,0,0,0,0,0,0,0,0,0,0
290075,1,1,0,0,10,0,0,27,13,14,16,10
290076,1,1,0,0,0,0,0,0,0,0,0,0
290076,2,1,0,0,0,0,0,0,0,0,0,0
290077,1,1,39,39,39,39,39,39,39,39,39,39
290078,1,1,0,0,33,11,0,0,0,9,0,0
290079,1,1,0,0,0,0,0,0,0,0,0,0
290079,2,1,0,0,0,0,0,0,0,0,0,0
290079,3,1,0,0,0,0,0,0,0,0,0,0
290080,1,1,21,21,21,21,21,21,21,21,21,21
290081,1,1,0,0,0,0,0,0,0,0,0,0
290081,2,1,0,0,0,0,13,0,35,0,0,0
290082,1,1,0,0,0,0,0,0,0,0,0,0
290083,1,1,0,0,0,0,0,0,0,0,14,10
290083,2,1,0,0,0,12,0,0,26,0,0,0
290084,1,1,0,0,0,0,21,0,0,0,0,0
290085,1,1,0,0,0,0,0,0,0,0,0,0
290085,2,1,0,0,0,0,0,0,0,0,0,0
290086,1,1,0,0,0,0,0,0,0,0,0,0
290087,1,1,0,0,0,0,0,0,0,0,0,0
290087,2,1,0,0,0,0,0,0,0,0,0,0
290088,1,1,0,0,0,0,0,0,0,0,0,0
290088,2,1,0,0,0,0,0,0,0,0,0,0
290089,0,1,0,0,0,0,0,0,0,0,0,0
290089,2,1,0,0,0,0,0,0,0,0,0,0
290090,1,1,0,0,0,0,0,0,0,0,0,0
290091,1,1,15,15,15,15,15,15,15,15,15,15
290091,2,1,0,0,0,0,0,0,0,0,0,0
290091,3,1,0,0,0,0,0,0,0,0,0,0
290092,1,1,0,0,0,0,0,0,0,0,0,0
290093,0,1,0,0,0,0,0,0,0,0,0,0
290093,1,1,0,0,0,0,0,0,0,0,0,0
290094,1,1,0,0,0,0,0,0,0,0,0,0
290095,1,1,0,0,0,0,0,0,0,0,0,0
290096,1,1,21,21,21,21,21,21,21,21,21,21
290097,0,1,10,10,10,10,10,10,10,10,10,10
290097,1,1,0,0,0,0,0,0,0,0,0,0
290098,1,1,1,1,1,1,1,1,1,1,1,1
290099,1,1,4,4,4,4,4,4,4,4,4,4
290099,2,1,0,0,0,0,0,0,0,0,0,0
290100,1,1,25,25,25,25,25,25,25,25,25,25
290101,1,1,0,0,0,0,0,0,0,0,0,0
290102,1,1,0,0,0,0,0,0,0,0,0,0
290102,2,1,30,0,0,16,0,16,9,11,21,17
290103,1,1,0,0,0,0,0,0,0,0,0,0
290103,2,1,0,0,0,0,0,0,0,0,0,0
290104,1,1,0,0,0,0,0,0,0,0,0,0
290105,1,1,34,34,34,34,34,34,34,34,34,34
290105,2,1,0,0,0,0,0,0,0,0,0,0
290105,3,1,0,0,0,0,0,0,0,0,0,0
290106,1,1,0,0,0,0,0,0,0,0,0,0
290106,2,1,0,0,0,0,0,0,0,0,0,0
290107,1,1,13,0,0,0,0,13,24,0,0,6
290108,1,1,15,15,15,15,15,15,15,15,15,15
290108,2,1,0,0,0,0,0,0,0,0,0,0
290109,0,1,0,0,0,0,0,0,0,0,0,0
290109,1,1,0,0,0,0,0,0,0,0,0,0
290110,1,1,41,37,21,0,9,16,14,15,13,7
290111,1,1,21,9,0,16,0,22,5,4,3,6
290111,2,1,0,0,0,0,0,0,0,0,0,0
290111,3,1,0,0,0,0,0,0,0,0,0,0
290111,4,1,0,0,0,0,0,0,0,10,0,0
290112,1,1,0,0,0,0,0,0,0,0,0,0
290113,1,1,0,9,0,0,0,0,0,10,0,0
290114,1,1,2,2,2,2,2,2,2,2,2,2
290115,1,1,8,8,8,8,8,8,8,8,8,8
290116,1,1,0,0,0,0,0,0,0,0,0,0
290116,2,1,0,0,0,0,0,0,0,0,0,0
290117,1,1,0,0,0,0,0,0,14,0,31,21
290118,1,1,0,0,0,14,12,15,0,0,0,0
290118,2,1,5,21,0,22,0,0,26,0,0,0
290118,3,1,0,0,11,0,0,0,0,0,0,0
290119,0,1,0,19,0,0,0,15,0,0,7,13
290119,1,1,0,0,0,0,0,0,0,0,0,0
290120,1,1,14,14,14,14,14,14,14,14,14,14
290121,1,1,0,0,0,0,0,0,14,0,0,0
290121,2,1,9,9,9,9,9,9,9,9,9,9
290121,3,1,9,0,0,0,0,5,0,12,0,0
290121,4,1,0,0,0,0,0,0,0,0,0,16
290121,5,1,0,0,0,0,0,0,0,0,0,0
290122,1,1,4,4,4,4,4,4,4,4,4,4
290122,2,1,13,13,13,13,13,13,13,13,13,13
290123,1,1,0,0,0,0,0,0,0,0,0,0
290123,2,1,0,0,0,0,0,0,0,0,0,0
290124,1,1,0,0,0,0,0,0,0,0,0,0
290124,2,1,0,8,0,0,0,0,10,0,23,24
290125,1,1,39,39,39,39,39,39,39,39,39,39
290126,1,1,0,0,0,0,0,0,12,0,0,0
290126,2,1,0,0,0,0,0,0,0,0,0,0
290126,3,1,0,0,0,0,0,0,0,0,0,0
290127,1,1,19,19,19,19,19,19,19,19,19,19
290128,1,1,0,0,0,0,0,0,0,0,0,0
290128,2,1,0,0,0,0,0,0,0,0,0,0
290129,1,1,0,0,0,0,0,0,0,0,0,0
290129,2,1,0,19,30,30,0,0,0,0,0,0
290130,1,1,0,0,0,0,0,0,0,0,0,0
290130,2,1,0,24,10,14,20,0,0,0,0,0
290131,1,1,28,28,28,28,28,28,28,28,28,28
290132,1,1,0,0,0,0,0,0,0,0,0,0
290133,1,1,0,0,0,0,0,0,0,0,0,0
290133,2,1,0,0,0,0,0,0,0,0,0,0
290133,3,1,0,0,0,0,0,0,0,0,0,0
290134,1,1,25,0,22,15,26,25,0,21,18,0
290135,1,1,0,0,0,0,0,0,0,0,0,0
290136,1,1,10,7,2,7,6,21,0,13,29,12
290136,2,1,10,10,10,10,10,10,10,10,10,10
290137,1,1,0,0,0,0,0,0,0,0,0,0
290138,0,1,0,0,0,0,0,0,0,0,0,0
290138,1,1,0,0,0,0,0,0,0,0,0,0
290139,1,1,0,0,0,0,0,0,0,0,0,0
290139,2,1,0,0,0,0,0,0,0,0,0,0
290140,0,1,0,0,0,25,0,0,0,9,23,0
290141,1,1,22,22,22,22,22,22,22,22,22,22
290142,0,1,11,12,16,8,27,33,31,19,4,16
290142,1,1,0,0,0,0,0,0,0,0,0,0
290143,1,1,0,0,0,9,0,0,0,0,0,0
290143,2,1,0,0,0,0,0,0,0,0,0,0
290143,3,1,0,0,0,0,0,0,0,0,0,0
290144,1,1,0,0,0,0,0,0,0,0,0,0
290145,1,1,31,31,31,31,31,31,31,31,31,31
290145,2,1,0,0,0,0,0,0,0,0,0,0
290146,1,1,31,31,31,31,31,31,31,31,31,31
290146,2,1,0,0,0,0,0,0,0,0,0,0
290147,0,1,0,0,0,0,0,0,0,0,0,0
290147,1,1,0,0,0,0,0,0,0,0,0,0
290148,1,1,28,28,28,28,28,28,28,28,28,28
290149,1,1,27,0,0,0,0,15,23,0,11,19
290150,1,1,0,0,0,0,0,0,0,0,0,0
290150,2,1,0,0,0,0,0,0,0,0,0,0
290150,3,1,0,0,0,0,0,0,0,0,0,0
290151,1,1,0,0,0,0,0,0,0,0,0,0
290152,1,1,0,0,0,0,0,0,0,0,0,0
290152,2,1,0,0,0,0,0,0,0,0,0,0
290153,1,1,1,1,1,1,1,1,1,1,1,1
290154,1,1,0,0,0,0,0,0,0,0,0,0
290155,1,1,0,0,31,0,0,0,0,0,0,0
290156,1,1,0,0,0,0,0,0,0,0,0,0
290157,1,1,6,6,6,6,6,6,6,6,6,6
290158,1,1,0,0,0,0,0,0,0,0,0,0
290158,2,1,0,0,0,0,0,0,0,0,0,0
290159,0,1,0,0,0,0,0,0,0,0,0,0
290159,1,1,0,0,0,0,0,0,0,0,0,0
290160,1,1,0,0,0,0,14,16,0,0,0,0
290161,1,1,25,0,0,22,0,0,0,8,7,0
290161,2,1,0,0,0,0,20,0,14,17,0,16
290162,1,1,0,0,0,0,0,0,0,0,22,0
290162,2,1,0,0,0,0,0,0,0,0,0,15
290163,1,1,0,0,0,0,0,0,0,0,0,0
290164,1,1,17,17,17,17,17,17,17,17,17,17
290165,1,1,0,0,16,0,0,0,0,0,0,0
290166,0,1,0,0,0,0,0,0,0,0,0,0
290166,1,1,0,0,0,0,0,0,0,0,0,0
290167,1,1,0,15,0,0,0,0,0,0,0,23
290168,1,1,0,0,0,0,0,0,0,0,0,0
290169,1,1,0,0,5,11,0,0,0,0,0,0
290170,1,1,0,0,0,0,0,0,0,0,0,0
290170,2,1,8,11,0,18,5,12,13,17,0,0
290171,1,1,0,0,0,0,0,0,0,0,0,0
290172,0,1,34,34,34,34,34,34,34,34,34,34
290172,1,1,10,0,0,0,0,8,23,12,6,7
290173,0,1,0,0,0,0,0,0,0,0,0,0
290173,0,2,0,0,0,0,0,0,0,0,0,0
290173,1,1,0,0,0,0,0,0,0,0,0,0
290174,1,1,0,0,0,0,0,0,0,0,0,0
290174,2,1,7,0,0,0,0,10,23,0,13,9
290175,1,1,0,0,0,0,0,0,0,0,0,0
290175,2,1,20,12,0,0,0,0,0,0,9,22
290176,1,1,0,0,11,0,0,0,0,0,0,14
290177,1,1,0,0,0,0,0,0,0,0,5,0
290178,1,1,4,4,4,4,4,4,4,4,4,4
290179,1,1,11,11,11,11,11,11,11,11,11,11
290180,1,1,13,13,13,13,13,13,13,13,13,13
290180,2,1,0,0,0,0,0,0,0,12,0,0
290181,1,1,15,15,15,15,15,15,15,15,15,15
290182,1,1,10,10,10,10,10,10,10,10,10,10
290183,1,1,0,0,0,0,0,0,0,0,0,0
290184,1,1,57,57,57,57,57,57,57,57,57,57
290185,1,1,0,0,0,10,0,27,0,12,12,22
290186,1,1,0,0,0,0,0,0,0,0,9,0
290187,0,1,5,24,0,6,0,20,27,32,0,25
290187,1,1,31,39,22,44,0,0,11,21,18,23
290188,1,1,0,0,0,0,0,0,0,0,0,0
290188,2,1,0,0,0,0,0,0,0,0,0,0
290188,3,1,0,0,0,0,0,0,0,0,0,0
290189,1,1,0,0,0,0,0,0,0,0,0,0
290189,2,1,0,0,0,0,0,0,0,0,0,0
290190,1,1,0,0,0,23,0,19,14,0,0,0
290191,1,1,20,20,20,20,20,20,20,20,20,20
290191,2,1,0,19,0,0,0,0,0,0,0,0
290192,1,1,17,17,17,17,17,17,17,17,17,17
290192,2,1,0,0,0,0,6,0,0,0,3,7
290194,1,1,0,0,0,0,0,0,0,0,0,0
290195,0,1,0,0,17,0,0,0,0,13,0,0
290195,1,1,12,0,20,0,0,0,0,0,0,0
290196,1,1,0,0,0,0,0,21,0,14,0,0
290197,1,1,0,3,0,0,0,0,0,0,0,0
290198,1,1,6,0,18,22,16,0,25,0,12,15
290199,0,1,19,19,19,19,19,19,19,19,19,19
290199,1,1,0,23,0,15,15,17,5,12,0,27
290200,1,1,27,27,27,27,27,27,27,27,27,27
290201,1,1,0,0,0,0,0,0,0,0,0,0
290202,1,1,0,0,0,12,0,0,0,0,0,0
290202,2,1,0,0,0,0,0,0,0,0,0,0
290203,1,1,23,0,13,0,0,0,25,0,14,0
290203,2,1,0,0,0,0,1,0,24,0,0,0
290204,1,1,0,0,26,11,0,0,0,0,9,0
290205,1,1,0,0,0,0,9,0,0,0,0,0
290205,2,1,0,0,0,0,0,0,0,0,0,0
290205,3,1,0,0,0,0,0,0,0,0,0,0
290205,4,1,0,0,0,0,0,0,0,0,0,0
290206,1,1,18,18,18,18,18,18,18,18,18,18
290207,1,1,0,0,0,0,0,0,0,0,0,0
290208,1,1,0,0,0,0,0,0,0,0,0,0
290208,2,1,0,0,0,0,22,0,0,0,0,0
290208,3,1,0,18,0,0,0,0,0,0,14,0
290210,0,1,0,0,0,50,0,14,0,0,0,22
290210,1,1,0,0,0,0,0,0,0,0,0,0
290210,2,1,0,0,0,0,0,0,0,0,0,0
290211,0,1,0,0,0,0,0,0,0,0,0,0
290211,1,1,0,0,0,0,0,0,0,0,0,0
290212,1,1,12,12,12,12,12,12,12,12,12,12
290212,2,1,0,0,0,0,6,0,0,9,0,0
290213,1,1,11,11,11,11,11,11,11,11,11,11
290214,1,1,0,0,0,0,0,0,0,0,0,0
290215,1,1,0,0,0,0,0,0,0,0,0,0