ST_CASE,VEH_NO,PER_NO,P1,P2,P3,P4,P5,P6,P7,P8,P9,P10
340002,1,1,0,0,0,0,0,0,0,0,0,0
340003,1,1,0,0,0,0,0,0,0,0,0,0
340003,2,1,0,0,0,0,0,0,0,0,0,0
340004,1,1,0,11,0,0,0,0,0,0,0,0
340005,1,1,0,0,0,0,0,0,0,0,0,0
340006,1,1,0,0,0,0,0,0,0,0,0,0
340007,1,1,26,26,26,26,26,26,26,26,26,26
340008,1,1,2,2,2,2,2,2,2,2,2,2
340008,2,1,11,0,0,0,0,0,0,0,0,0
340008,3,1,0,0,17,0,0,0,0,0,0,0
340009,1,1,0,0,0,0,0,0,0,0,0,0
340010,1,1,0,0,14,21,0,0,0,0,0,0
340010,2,1,0,3,0,0,0,0,18,0,0,12
340011,0,1,0,0,0,0,0,0,0,0,0,0
340011,1,1,0,0,0,0,0,0,0,0,0,0
340012,0,1,20,20,20,20,20,20,20,20,20,20
340012,1,1,0,0,0,0,0,0,0,0,0,0
340013,0,1,0,0,0,0,0,0,0,0,0,0
340013,1,1,0,0,0,0,0,0,0,0,0,0
340014,0,1,0,0,0,0,0,0,0,0,0,0
340014,1,1,12,12,12,12,12,12,12,12,12,12
340015,0,1,0,0,0,0,0,0,0,0,0,0
340015,1,1,0,0,0,0,0,0,0,0,0,0
340016,1,1,0,0,0,0,0,0,0,0,0,0
340017,0,1,0,0,0,0,0,0,0,0,0,0
340017,1,1,0,0,0,0,0,0,0,0,0,0
340018,0,1,23,23,23,23,23,23,23,23,23,23
340018,1,1,0,0,23,0,0,0,0,7,0,12
340019,1,1,0,0,0,0,0,0,0,0,0,0
340020,1,1,22,0,14,17,0,0,0,33,0,0
340021,1,1,38,38,38,38,38,38,38,38,38,38
340022,0,1,0,0,0,0,0,0,0,0,0,0
340022,1,1,0,0,0,0,0,0,0,0,0,0
340023,0,1,28,28,28,28,28,28,28,28,28,28
340023,1,1,0,0,0,0,0,0,0,0,0,0
340024,1,1,0,0,0,0,0,0,0,0,0,0
340025,1,1,12,12,12,12,12,12,12,12,12,12
340026,1,1,13,13,13,13,13,13,13,13,13,13
340026,2,1,0,0,0,0,0,0,0,0,0,0
340026,3,1,0,0,0,0,0,0,0,0,0,0
340027,0,1,0,0,0,0,0,0,0,0,0,0
340027,1,1,0,0,0,0,0,0,0,0,0,0
340028,0,1,0,0,0,0,0,0,0,0,0,0
340028,1,1,0,0,0,0,0,18,0,31,13,24
340029,0,1,0,0,0,0,0,0,0,0,0,0
340029,1,1,0,0,0,0,0,0,0,0,0,0
340030,1,1,0,0,0,0,0,0,0,0,0,29
340031,1,1,0,0,0,0,0,0,0,0,0,0
340031,2,1,0,0,0,3,0,0,0,0,0,0
340032,1,1,0,0,0,7,0,0,0,0,0,0
340032,2,1,13,0,0,0,13,0,15,0,17,15
340033,0,1,0,0,0,0,0,23,0,0,37,0
340033,1,1,0,0,0,0,0,0,0,0,0,0
340034,1,1,0,0,0,26,0,0,0,0,0,0
340034,2,1,0,0,0,0,0,41,0,0,0,0
340035,0,1,22,22,22,22,22,22,22,22,22,22
340035,1,1,0,0,0,0,0,0,0,0,0,0
340036,1,1,0,0,0,0,0,0,0,0,0,0
340036,2,1,0,0,0,0,0,0,0,0,0,0
340036,3,1,0,0,0,0,0,0,0,0,0,0
340037,1,1,0,0,0,0,0,0,0,0,0,0
340038,1,1,24,24,24,24,24,24,24,24,24,24
340038,2,1,0,0,0,0,0,0,0,0,0,0
340039,2,1,0,0,0,0,0,0,0,0,0,0
340040,1,1,18,18,18,18,18,18,18,18,18,18
340042,1,1,0,0,0,0,0,0,0,0,0,0
340042,2,1,0,0,0,0,0,0,0,0,0,0
340043,0,1,0,0,0,0,0,0,0,0,0,0
340043,1,1,0,0,0,0,0,0,0,0,23,19
340044,1,1,0,0,0,0,0,0,0,0,0,0
340044,2,1,0,0,0,0,0,0,0,0,0,0
340045,1,1,0,0,0,0,0,0,0,0,0,0
340046,0,1,0,0,0,0,0,0,0,0,0,0
340046,1,1,0,0,0,0,0,0,0,0,0,0
340046,2,1,0,0,0,0,0,0,0,0,0,0
340048,0,1,28,28,28,28,28,28,28,28,28,28
340048,1,1,17,35,10,0,18,32,26,17,14,0
340049,0,1,0,0,0,0,0,0,0,0,0,0
340049,1,1,0,0,0,0,0,0,0,11,0,0
340050,1,1,0,0,0,0,0,0,0,0,0,0
340051,1,1,28,28,28,28,28,28,28,28,28,28
340052,1,1,20,20,20,20,20,20,20,20,20,20
340052,2,1,0,0,0,0,0,0,0,0,0,0
340053,0,1,0,0,0,0,0,0,0,0,0,0
340053,1,1,0,0,0,0,0,0,0,0,0,0
340054,1,1,0,0,0,0,0,0,0,0,0,0
340054,2,1,0,0,0,0,0,0,0,18,0,0
340055,1,1,8,8,8,8,8,8,8,8,8,8
340055,2,1,0,0,0,0,0,0,0,0,0,0
340056,1,1,16,16,16,16,16,16,16,16,16,16
340057,0,1,0,0,0,0,0,0,0,0,0,0
340057,1,1,22,32,17,0,8,0,27,3,13,0
340058,1,1,0,0,0,0,0,0,0,0,0,0
340058,2,1,0,18,0,0,0,0,19,14,0,0
340059,0,1,0,0,0,0,0,0,0,0,0,0
340059,1,1,0,0,0,0,0,21,0,0,0,0
340060,0,1,0,0,0,0,0,0,0,0,0,0
340060,1,1,0,15,0,0,0,0,0,0,0,0
340061,1,1,0,0,0,37,0,0,0,0,0,0
340062,1,1,0,0,21,14,0,0,0,0,0,0
340063,0,1,0,0,0,0,0,0,0,0,0,0
340063,1,1,0,0,0,0,0,0,0,0,0,0
340064,1,1,0,0,0,0,0,0,0,0,0,0
340064,2,1,0,0,0,0,0,0,0,0,0,0
340065,1,1,0,0,0,0,0,0,0,0,0,0
340065,2,1,0,6,0,0,0,0,0,0,0,0
340066,1,1,0,0,0,0,0,0,0,0,0,0
340066,2,1,0,0,0,0,0,0,0,0,0,0
340067,0,1,0,0,0,0,0,0,0,0,0,0
340067,1,1,0,0,0,0,0,0,0,0,0,0
340068,1,1,0,0,0,0,0,0,0,0,0,0
340068,2,1,0,0,0,0,0,0,0,0,0,0
340068,3,1,0,0,0,0,0,0,0,0,0,0
340069,0,1,15,15,15,15,15,15,15,15,15,15
340069,1,1,5,5,5,5,5,5,5,5,5,5
340070,0,1,0,0,0,0,0,0,0,0,0,0
340070,1,1,16,0,0,12,10,0,0,0,0,35
340071,1,1,0,0,0,0,0,0,0,0,0,0
340072,1,1,16,16,16,16,16,16,16,16,16,16
340073,0,1,7,0,0,0,24,0,0,0,0,0
340073,1,1,0,0,0,15,0,0,0,0,0,0
340074,1,1,0,0,0,0,0,0,0,0,0,0
340074,2,1,0,0,0,0,0,0,0,0,0,0
340074,3,1,0,0,0,0,0,0,0,0,0,0
340074,4,1,0,0,24,0,0,0,0,13,0,0
340076,0,1,16,16,16,16,16,16,16,16,16,16
340076,1,1,0,0,0,0,0,0,10,8,0,0
340077,1,1,0,0,0,0,0,0,0,0,0,0
340078,0,1,27,27,27,27,27,27,27,27,27,27
340078,1,1,0,0,0,0,0,0,0,0,0,0
340079,1,1,12,12,12,12,12,12,12,12,12,12
340080,1,1,0,0,0,0,0,0,0,0,0,0
340080,2,1,0,0,0,0,0,0,0,0,0,0
340081,0,1,0,0,0,0,0,0,0,0,0,0
340081,1,1,0,0,0,0,0,0,0,0,0,0
340081,2,1,0,0,0,0,0,7,0,0,0,0
340082,1,1,0,0,0,0,0,0,0,0,0,0
340082,2,1,0,0,0,0,0,0,0,0,0,0
340083,1,1,0,0,0,0,0,0,0,0,0,0
340083,2,1,0,0,0,0,21,0,0,0,0,17
340084,1,1,0,0,0,0,0,0,0,0,0,0
340085,1,1,0,0,0,0,0,0,0,0,0,0
340085,2,1,0,0,0,0,0,0,0,0,0,0
340086,1,1,0,0,0,0,0,0,0,0,0,0
340087,0,1,0,0,0,19,0,0,0,0,0,0
340087,1,1,0,0,0,0,0,0,0,0,0,0
340088,0,1,0,0,0,0,0,0,0,0,0,0
340088,1,1,0,0,0,0,0,0,21,0,0,0
340089,0,1,1,1,1,1,1,1,1,1,1,1
340089,1,1,0,0,0,0,0,0,0,0,0,0
340090,0,1,7,7,7,7,7,7,7,7,7,7
340090,1,1,0,0,0,0,0,0,0,0,0,0
340090,2,1,10,10,10,10,10,10,10,10,10,10
340091,1,1,10,10,10,10,10,10,10,10,10,10
340091,2,1,0,0,8,0,0,0,0,0,0,0
340092,0,1,0,0,0,0,0,0,0,0,0,0
340092,1,1,0,19,0,0,12,0,18,29,0,0
340093,1,1,10,10,10,10,10,10,10,10,10,10
340094,0,1,0,0,0,0,0,0,0,0,0,0
340094,1,1,0,22,0,0,0,0,26,13,10,20
340095,0,1,0,0,0,0,0,0,0,0,0,0
340095,1,1,0,0,0,0,0,0,0,0,0,0
340096,0,1,18,18,18,18,18,18,18,18,18,18
340096,1,1,0,0,0,0,0,0,0,0,0,0
340096,2,1,0,0,0,0,0,0,0,0,0,0
340098,0,1,0,0,0,0,0,0,0,0,0,0
340098,1,1,12,12,12,12,12,12,12,12,12,12
340098,2,1,0,0,0,0,5,19,0,15,12,15
340099,1,1,0,0,0,0,0,0,0,0,0,0
340100,0,1,29,29,29,29,29,29,29,29,29,29
340100,1,1,0,0,12,0,0,0,17,0,0,14
340101,1,1,0,0,0,0,0,0,0,0,0,0
340102,1,1,11,11,11,11,11,11,11,11,11,11
340103,1,1,0,0,0,0,0,0,0,0,0,0
340103,2,1,0,0,0,0,0,0,0,0,0,0
340104,0,1,0,0,0,0,0,0,0,0,0,0
340104,1,1,0,0,0,0,0,0,0,0,0,0
340105,0,1,22,0,0,0,30,0,22,0,0,0
340105,1,1,0,0,0,0,0,0,0,0,0,0
340106,1,1,0,0,0,0,0,0,0,0,0,0
340106,2,1,0,0,0,11,0,0,0,0,0,0
340107,0,1,0,0,0,0,0,0,0,0,0,0
340107,1,1,0,0,0,0,0,0,0,0,0,0
340108,0,1,30,30,30,30,30,30,30,30,30,30
340108,1,1,0,0,0,0,0,0,0,0,0,0
340109,0,1,0,0,0,0,31,0,0,0,0,0
340109,1,1,0,0,0,0,0,0,0,0,0,0
340110,1,1,24,24,24,24,24,24,24,24,24,24
340110,2,1,0,0,0,0,0,0,0,0,0,0
340110,3,1,0,0,0,0,0,0,0,0,0,0
340111,1,1,0,0,0,0,0,0,0,0,0,0
340111,2,1,0,0,0,0,0,0,0,0,0,0
340111,3,1,0,0,0,0,0,14,0,0,0,0
340112,1,1,15,15,15,15,15,15,15,15,15,15
340113,1,1,20,20,20,20,20,20,20,20,20,20
340114,0,1,0,0,0,0,0,0,0,0,0,0
340114,1,1,0,0,0,0,0,0,0,0,0,0
340115,0,1,0,0,0,0,0,0,0,0,0,0
340115,1,1,0,0,0,0,0,0,0,0,0,0
340117,0,1,0,0,0,0,0,0,0,0,0,0
340117,1,1,0,0,0,0,0,0,0,13,14,0
340118,0,1,0,0,0,0,0,0,0,0,0,0
340118,1,1,17,0,0,14,18,0,0,0,13,0
340118,2,1,0,0,0,0,0,11,0,0,0,0
340119,1,1,0,0,0,0,0,0,0,0,0,0
340120,1,1,14,14,14,14,14,14,14,14,14,14
340120,2,1,0,0,0,0,0,0,0,0,0,0
340120,3,1,0,0,0,0,0,0,0,0,0,0
340121,1,1,0,0,0,0,0,0,0,0,0,0
340121,2,1,0,0,0,0,0,0,0,0,0,0
340121,3,1,0,0,0,0,0,0,0,0,0,0
340122,0,1,0,0,0,0,0,0,0,0,0,0
340122,1,1,0,0,0,0,0,0,0,0,0,0
340123,1,1,0,0,11,16,8,0,0,0,0,0
340124,1,1,7,7,7,7,7,7,7,7,7,7
340124,2,1,0,0,0,0,0,0,0,0,0,0
340125,0,1,0,19,9,10,17,0,42,24,0,32
340125,1,1,0,0,0,0,0,0,0,0,0,0
340126,1,1,0,0,0,0,0,0,0,0,0,0
340126,2,1,0,0,0,0,0,0,0,0,0,0
340127,1,1,0,0,0,0,0,0,0,0,0,0
340128,1,1,0,0,0,0,0,0,0,0,0,0
340129,0,1,33,33,33,33,33,33,33,33,33,33
340129,1,1,0,0,0,0,0,0,0,0,0,0
340130,1,1,1,1,1,1,1,1,1,1,1,1
340130,2,1,0,0,0,0,0,0,0,0,0,0
340131,1,1,0,0,0,0,0,0,0,0,0,0
340131,2,1,0,0,0,0,0,0,0,0,0,0
340131,3,1,0,0,0,0,0,0,0,0,0,0
340132,1,1,0,0,0,0,0,0,0,0,0,0
340133,0,1,0,0,0,0,0,0,0,0,0,0
340133,1,1,9,9,9,9,9,9,9,9,9,9
340134,1,1,3,3,3,3,3,3,3,3,3,3
340135,1,1,0,0,0,0,0,0,0,0,0,0
340135,2,1,0,0,0,0,0,0,6,0,0,0
340136,0,1,0,0,0,0,0,0,0,0,0,0
340136,1,1,0,0,0,0,0,0,0,0,0,0
340137,1,1,0,0,0,0,0,0,0,0,0,0
340137,2,1,0,0,0,0,0,0,0,0,0,0
340138,1,1,0,0,0,0,0,0,0,0,0,0
340139,1,1,0,0,0,0,0,0,0,0,0,0
340139,2,1,0,0,0,0,0,0,0,0,0,0
340140,1,1,0,0,0,0,0,0,0,0,0,0
340141,0,1,13,13,13,13,13,13,13,13,13,13
340141,1,1,0,0,0,0,0,0,0,0,0,0
340142,1,1,0,0,0,0,0,0,0,0,0,0
340142,2,1,0,0,0,0,0,0,0,0,0,0
340143,0,1,0,0,0,32,29,0,17,0,0,0
340143,1,1,0,0,0,0,0,0,0,0,0,0
340144,1,1,39,39,39,39,39,39,39,39,39,39
340145,0,1,0,0,0,0,0,0,0,0,0,0
340145,1,1,0,0,0,0,0,0,0,0,0,0
340146,0,1,0,0,0,33,0,25,0,0,0,17
340146,1,1,0,0,0,0,0,0,0,0,0,0
340147,0,1,25,25,25,25,25,25,25,25,25,25
340147,1,1,0,0,0,7,16,0,0,0,0,0
340148,0,1,0,0,0,0,0,0,0,0,0,0
340148,1,1,0,0,0,0,0,0,19,0,0,0
340149,1,1,14,14,14,14,14,14,14,14,14,14
340150,0,1,33,33,33,33,33,33,33,33,33,33
340150,1,1,0,0,0,0,0,0,0,0,0,0
340151,0,1,0,0,0,0,0,0,0,0,0,0
340151,1,1,0,0,9,22,0,0,0,0,0,0
340152,1,1,12,12,12,12,12,12,12,12,12,12
340152,2,1,0,0,0,0,0,0,0,0,0,0
340153,0,1,29,29,29,29,29,29,29,29,29,29
340153,1,1,0,0,0,0,0,0,8,0,0,0
340154,0,1,0,0,0,0,0,0,0,0,0,0
340154,1,1,0,0,0,0,0,0,0,0,0,0
340155,0,1,0,24,0,0,0,0,0,0,0,0
340155,1,1,0,0,0,0,0,0,0,0,0,0
340156,0,1,0,0,0,0,0,0,0,0,0,0
340156,1,1,0,17,0,0,0,12,0,0,0,0
340157,1,1,0,0,0,0,0,0,0,0,0,0
340158,0,1,0,0,0,0,0,0,0,0,0,0
340158,1,1,10,23,13,18,0,5,13,19,22,0
340159,0,1,0,0,0,0,0,0,0,0,0,0
340159,1,1,6,6,6,6,6,6,6,6,6,6
340160,1,1,2,2,2,2,2,2,2,2,2,2
340160,2,1,0,0,0,0,0,0,0,0,0,0
340161,1,1,12,12,12,12,12,12,12,12,12,12
340162,1,1,0,0,0,0,0,0,0,0,0,0
340162,2,1,0,0,0,0,0,0,0,0,0,0
340162,3,1,0,0,0,0,0,0,0,0,0,0
340163,1,1,0,0,0,0,0,0,0,0,0,0
340163,2,1,0,0,0,0,0,0,0,0,0,0
340164,1,1,0,0,0,10,0,0,15,0,0,0
340164,2,1,0,0,0,0,0,0,0,0,0,0
340165,1,1,0,0,0,0,0,0,0,0,0,0
340166,1,1,0,0,0,0,0,0,0,0,0,0
340166,2,1,0,0,0,0,0,0,0,0,0,0
340167,1,1,26,0,0,0,0,0,0,0,0,6
340168,0,1,0,0,0,0,0,0,0,0,0,0
340168,1,1,0,0,0,0,0,0,0,0,0,0
340169,1,1,0,0,0,0,0,0,0,0,0,0
340170,0,1,0,0,0,0,0,0,0,0,0,0
340170,1,1,0,0,0,0,0,5,0,0,0,0
340171,1,1,0,0,0,0,0,0,0,0,0,0
340172,0,1,0,0,0,0,0,0,0,0,0,0
340172,1,1,0,0,0,0,0,0,0,0,0,0
340173,1,1,0,0,0,0,0,0,0,0,0,0
340174,1,1,22,22,22,22,22,22,22,22,22,22
340175,0,1,0,27,0,16,0,0,9,0,0,0
340175,1,1,3,0,0,0,31,0,0,0,0,0
340176,1,1,0,0,0,0,0,0,0,0,0,0
340177,0,1,23,23,23,23,23,23,23,23,23,23
340177,1,1,0,0,0,0,0,0,0,0,0,0
340178,1,1,0,0,0,0,0,0,0,0,0,0
340178,2,1,0,0,0,0,0,0,0,0,0,0
340179,1,1,22,22,22,22,22,22,22,22,22,22
340180,1,1,0,0,0,0,0,0,0,0,0,0
340181,1,1,0,0,0,0,0,0,0,0,0,0
340181,2,1,0,0,0,0,0,0,0,0,0,0
340181,3,1,0,0,0,0,0,0,0,0,0,0
340182,1,1,0,0,0,0,0,0,0,0,0,0
340182,2,1,0,0,0,0,0,0,0,0,0,0
340183,1,1,14,14,14,14,14,14,14,14,14,14
340184,1,1,15,15,15,15,15,15,15,15,15,15
340185,1,1,0,0,0,0,0,0,0,0,0,0
340185,2,1,0,0,0,0,0,0,0,0,0,0
340186,0,1,0,0,0,45,0,0,7,9,0,0
340186,1,1,0,0,0,0,0,0,0,0,0,0
340187,1,1,0,0,0,0,0,0,0,0,0,0
340188,1,1,7,7,7,7,7,7,7,7,7,7
340189,1,1,0,0,0,0,0,0,0,0,0,0
340189,2,1,0,0,8,0,0,0,0,0,0,0
340189,3,1,0,0,0,0,0,27,0,0,0,14
340190,0,1,0,0,0,0,0,0,0,0,0,0
340190,1,1,0,0,0,0,0,0,0,0,0,0
340191,1,1,0,0,0,0,0,0,0,0,0,0
340192,1,1,0,0,0,0,0,0,0,0,0,0
340192,2,1,0,0,0,0,0,0,0,11,0,0
340193,1,1,0,0,0,0,0,11,0,0,0,0
340193,2,1,30,0,0,0,0,0,0,0,0,0
340194,1,1,0,0,0,0,0,0,0,0,0,0
340195,1,1,0,0,0,0,0,0,0,0,0,14
340195,2,1,0,0,0,0,0,0,0,0,0,0
340196,0,1,0,0,0,0,0,0,0,0,0,0
340196,0,2,0,0,0,0,0,0,0,0,0,0
340196,1,1,0,0,0,0,0,0,0,0,0,0
340197,1,1,21,21,21,21,21,21,21,21,21,21
340198,1,1,0,0,0,0,0,0,0,0,0,0
340198,2,1,0,0,0,0,0,0,0,0,0,0
340199,1,1,0,0,0,0,0,0,0,0,0,0
340199,2,1,0,0,0,0,0,0,0,0,0,0
340199,3,1,0,0,0,0,0,0,0,0,0,0
340200,1,1,0,0,0,0,26,0,0,0,0,0
340200,2,1,0,0,0,0,0,0,0,0,0,0
340201,1,1,0,0,0,0,0,0,0,0,0,7
340201,2,1,0,0,0,0,0,0,0,0,0,0
340201,3,1,0,0,0,0,0,0,0,0,0,0
340202,1,1,0,0,0,0,0,0,0,0,0,0
340202,2,1,0,0,0,0,0,0,0,0,0,0
340203,1,1,11,11,11,11,11,11,11,11,11,11
340204,1,1,14,14,14,14,14,14,14,14,14,14
340205,1,1,0,0,8,0,28,0,0,3,0,0
340205,2,1,0,0,0,0,0,0,0,0,0,0
340205,3,1,0,0,0,0,0,0,0,0,0,0
340206,0,1,19,19,19,19,19,19,19,19,19,19
340206,1,1,0,0,0,0,9,25,0,0,0,0
340207,1,1,0,0,0,8,0,9,0,0,0,0
340208,1,1,0,0,0,0,0,0,0,0,0,0
340209,0,1,33,33,33,33,33,33,33,33,33,33
340209,1,1,0,0,0,14,19,27,0,16,0,0
340210,0,1,0,0,0,0,0,0,0,0,0,0
340210,1,1,0,0,0,0,0,0,0,0,0,0
340211,1,1,0,0,0,0,0,0,0,0,0,0
340212,1,1,0,0,0,0,0,17,0,0,0,0
340212,2,1,11,11,11,11,11,11,11,11,11,11
340213,1,1,0,0,0,0,0,0,0,0,0,0
340214,0,1,0,0,0,0,0,0,0,0,0,0
340214,1,1,0,0,0,0,0,0,0,0,0,0
340215,0,1,7,7,7,7,7,7,7,7,7,7
340215,2,1,0,0,0,0,0,0,0,0,0,10
340216,1,1,0,0,0,0,0,0,0,0,0,0
340216,2,1,0,0,0,0,0,0,0,0,0,0
340217,1,1,0,0,0,0,0,0,0,0,0,0
340218,1,1,0,0,0,0,0,0,0,0,0,0
340219,1,1,0,0,0,0,0,0,0,0,19,0
340220,1,1,0,0,0,0,0,0,0,0,0,0
340221,0,1,0,0,0,0,0,0,0,0,0,0
340221,1,1,22,0,0,0,0,0,0,0,0,0
340222,1,1,0,0,0,0,0,0,0,0,0,0
340222,2,1,0,0,0,0,0,0,0,0,0,0
340223,0,1,4,4,4,4,4,4,4,4,4,4
340223,1,1,19,8,0,0,21,0,0,11,0,0
340224,1,1,0,0,0,0,0,0,0,0,0,0
340224,2,1,0,0,0,0,0,0,0,0,0,0
340225,1,1,0,0,0,0,0,0,0,0,0,0
340225,2,1,0,0,0,0,0,0,0,0,0,0
340225,3,1,0,0,0,0,0,0,0,0,0,0
340226,0,1,0,0,0,0,0,0,0,0,0,0
340226,1,1,0,0,0,0,0,0,0,0,0,0
340227,1,1,0,6,20,0,32,0,17,12,24,19
340228,1,1,16,16,16,16,16,16,16,16,16,16
340228,2,1,0,0,0,0,0,0,0,0,0,0
340229,1,1,9,9,9,9,9,9,9,9,9,9
340229,2,1,4,4,4,4,4,4,4,4,4,4
340229,3,1,5,5,5,5,5,5,5,5,5,5
340230,1,1,0,0,0,0,0,0,0,0,0,0
340230,2,1,0,0,14,0,0,0,0,0,0,0
340231,1,1,0,0,0,0,0,0,0,0,0,0
340231,2,1,0,0,0,0,0,0,0,0,0,0
340232,0,1,0,0,0,0,0,0,0,0,0,0
340232,1,1,0,19,0,0,0,0,0,16,0,0
340233,1,1,10,10,10,10,10,10,10,10,10,10
340233,2,1,0,0,0,0,0,0,0,0,0,0
340234,1,1,5,26,19,18,23,17,5,8,14,13
340234,2,1,0,0,0,0,0,0,0,0,0,0
340235,1,1,25,25,25,25,25,25,25,25,25,25
340235,2,1,0,0,0,0,0,0,0,0,0,0
340236,0,1,0,0,0,0,0,0,0,0,0,0
340236,1,1,0,0,0,0,0,0,0,0,0,0
340237,1,1,0,0,0,0,0,0,0,0,0,0
340238,0,1,33,45,0,0,8,16,21,25,33,10
340238,1,1,0,11,0,0,0,20,0,0,0,0
340239,0,1,20,20,20,20,20,20,20,20,20,20
340239,1,1,0,0,0,0,0,10,0,0,0,0
340240,0,1,0,0,0,0,0,0,0,0,0,0
340240,1,1,0,0,0,0,0,0,0,0,0,0
340240,2,1,0,0,0,0,0,0,0,0,0,0
340241,0,1,0,0,0,0,0,0,0,0,0,0
340241,1,1,0,27,18,0,0,0,26,0,0,0
340242,1,1,0,19,28,17,32,23,0,7,24,0
340243,0,1,2,2,2,2,2,2,2,2,2,2
340243,1,1,0,0,0,0,0,0,0,0,0,0
340244,1,1,19,19,19,19,19,19,19,19,19,19
340245,0,1,0,0,0,0,0,0,0,0,0,0
340245,1,1,7,7,7,7,7,7,7,7,7,7
340246,0,1,6,6,6,6,6,6,6,6,6,6
340246,3,1,0,0,0,8,0,0,0,0,0,0
340247,0,1,0,0,0,0,0,0,0,0,0,0
340247,1,1,22,0,17,11,10,0,14,29,0,0
340248,1,1,8,8,8,8,8,8,8,8,8,8
340248,2,1,0,0,0,0,0,0,0,0,0,0
340249,0,1,11,11,11,11,11,11,11,11,11,11
340249,1,1,0,0,0,0,0,0,0,0,0,0
340250,1,1,3,3,3,3,3,3,3,3,3,3
340251,1,1,0,19,14,21,13,14,17,8,12,21
340252,1,1,0,0,0,0,0,0,0,0,0,0
340252,2,1,0,0,0,0,0,0,0,0,0,0
340253,0,1,0,0,0,0,0,0,0,0,0,0
340253,1,1,0,0,0,0,0,0,0,0,0,0
340253,2,1,0,0,0,0,0,0,0,0,0,0
340254,1,1,0,0,0,0,3,0,0,0,0,0
340254,2,1,0,0,0,0,0,0,0,0,0,0
340255,1,1,0,0,0,0,0,0,0,12,0,0
340256,1,1,0,0,0,0,16,0,0,0,0,0
340256,2,1,0,0,0,0,0,0,0,19,0,0
340257,1,1,0,0,0,0,0,0,0,0,0,0
340258,1,1,0,0,0,0,0,0,0,0,0,0
340258,2,1,0,0,0,0,0,0,0,0,0,0
340259,1,1,0,0,0,0,0,0,0,0,0,0
340260,0,1,0,0,0,0,0,0,0,0,0,0
340260,1,1,0,0,0,0,0,0,0,0,0,0
340260,2,1,14,0,0,0,0,0,0,0,0,0
340261,1,1,4,4,4,4,4,4,4,4,4,4
340262,1,1,0,18,0,0,0,0,0,0,0,0
340262,2,1,7,7,7,7,7,7,7,7,7,7
340263,0,1,31,31,31,31,31,31,31,31,31,31
340263,1,1,0,0,0,0,0,0,0,0,0,0
340264,0,1,42,42,42,42,42,42,42,42,42,42
340264,1,1,13,0,0,0,0,0,11,0,21,4
340264,2,1,13,0,0,5,0,0,3,9,0,0
340265,0,1,0,0,0,0,0,0,0,0,0,0
340265,1,1,0,0,0,0,0,0,0,0,0,0
340266,1,1,0,0,0,0,0,0,0,0,0,0
340267,1,1,15,15,15,15,15,15,15,15,15,15
340268,1,1,4,4,4,4,4,4,4,4,4,4
340269,1,1,0,0,0,0,0,0,0,0,0,0
340269,2,1,0,0,0,0,0,0,0,0,23,0
340269,3,1,0,0,0,0,0,0,0,0,0,0
340270,1,1,21,21,21,21,21,21,21,21,21,21
340271,1,1,0,0,0,0,0,0,0,0,0,0
340271,2,1,0,0,0,0,0,0,0,0,0,0
340272,1,1,0,0,0,0,0,0,0,0,0,0
340272,2,1,0,0,0,0,0,0,0,0,0,0
340273,1,1,0,0,0,0,0,0,0,0,0,0
340273,2,1,0,0,0,0,0,0,0,0,0,0
340274,1,1,0,0,0,0,0,0,0,0,0,0
340274,2,1,0,0,0,0,0,0,0,0,0,0
340275,0,1,15,0,0,0,0,0,28,0,0,0
340275,1,1,0,0,0,0,0,0,0,0,0,0
340276,0,1,33,0,0,0,0,0,18,0,0,0
340276,1,1,24,0,0,0,0,0,0,0,0,0
340277,1,1,0,0,0,0,0,0,0,0,0,0
340278,1,1,10,10,10,10,10,10,10,10,10,10
340278,2,1,0,0,0,6,0,0,0,0,11,0
340279,1,1,0,0,0,0,0,0,0,0,0,0
340280,1,1,15,15,15,15,15,15,15,15,15,15
340281,1,1,0,0,0,0,0,0,0,0,0,0
340281,2,1,0,0,0,0,0,0,0,0,0,0
340281,3,1,0,0,0,0,0,0,0,0,0,0
340281,4,1,0,0,0,0,0,0,0,0,0,0
340282,1,1,0,0,0,0,0,0,0,12,0,0
340282,2,1,0,0,0,0,0,0,0,0,0,0
340283,1,1,0,0,0,0,0,0,0,0,0,0
340284,1,1,0,12,12,0,0,0,0,0,3,14
340285,1,1,0,24,0,0,0,0,0,0,0,0
340285,2,1,0,0,0,0,0,0,0,0,0,0
340285,3,1,8,8,8,8,8,8,8,8,8,8
340286,1,1,26,26,26,26,26,26,26,26,26,26
340286,2,1,0,0,0,0,0,0,0,0,0,0
340287,1,1,0,0,0,0,0,0,0,0,0,0
340289,0,1,0,0,0,0,0,0,0,0,0,0
340289,1,1,0,0,0,0,0,0,0,29,0,0
340290,0,1,30,30,30,30,30,30,30,30,30,30
340290,1,1,0,0,0,0,0,0,0,0,0,0
340291,0,1,0,0,0,0,0,0,0,0,0,0
340291,1,1,20,20,20,20,20,20,20,20,20,20
340292,0,1,0,44,0,0,6,0,0,0,0,26
340292,1,1,0,0,23,0,0,0,0,0,0,0
340292,2,1,0,0,0,0,0,0,0,0,0,0