ST_CASE,VEH_NO,PER_NO,P1,P2,P3,P4,P5,P6,P7,P8,P9,P10
350306,1,1,0,0,0,0,0,0,0,0,0,0
350307,1,1,20,20,20,20,20,20,20,20,20,20
350308,0,1,0,0,0,0,0,0,0,0,0,0
350308,1,1,0,0,0,0,0,0,0,0,0,0
350309,1,1,0,0,0,0,0,0,0,0,0,0
350309,2,1,0,0,0,0,0,0,0,0,0,0
350310,0,1,28,28,28,28,28,28,28,28,28,28
350310,1,1,0,0,0,0,0,0,0,0,0,0
350311,0,1,40,40,40,40,40,40,40,40,40,40
350311,1,1,0,0,0,0,0,0,0,0,0,0
350312,1,1,0,0,0,0,0,0,0,0,0,0
350313,0,1,20,20,20,20,20,20,20,20,20,20
350313,1,1,0,0,0,0,0,0,0,0,0,0
350314,1,1,0,0,0,0,0,0,0,0,0,0
350314,2,1,0,0,0,0,0,0,0,0,0,0
350315,0,1,0,0,11,0,28,30,0,27,12,0
350315,1,1,0,0,0,0,0,0,0,0,0,0
350316,1,1,0,0,0,0,0,0,0,0,0,0
350316,2,1,0,0,0,0,0,0,0,0,0,0
350316,3,1,0,0,0,0,0,0,23,0,0,0
350316,4,1,0,0,0,0,0,0,0,0,0,0
350317,1,1,13,13,13,13,13,13,13,13,13,13
350318,1,1,0,0,0,0,0,0,0,0,0,0
350318,2,1,0,0,0,0,0,0,0,0,0,0
350319,1,1,29,29,29,29,29,29,29,29,29,29
350319,2,1,0,0,0,0,0,0,0,0,0,0
350320,1,1,8,8,8,8,8,8,8,8,8,8
350320,2,1,0,0,0,0,0,0,0,0,0,0
350321,1,1,22,22,22,22,22,22,22,22,22,22
350322,0,1,0,0,0,0,0,0,0,0,0,0
350322,1,1,0,0,0,0,0,0,0,0,0,0
350323,0,1,0,0,0,0,0,0,0,0,0,0
350323,1,1,0,15,0,0,0,0,0,20,0,0
350324,1,1,0,0,0,0,0,0,0,0,0,0
350325,1,1,19,19,19,19,19,19,19,19,19,19
350326,1,1,0,0,0,0,0,0,0,0,0,0
350326,2,1,0,0,0,0,0,0,0,0,0,0
350326,3,1,0,0,0,0,0,0,0,0,0,0
350326,4,1,0,11,0,0,0,0,0,0,0,0
350327,0,1,0,0,0,0,0,0,0,0,0,0
350327,1,1,0,0,0,0,0,0,0,0,0,0
350328,1,1,0,0,0,0,0,0,0,0,0,0
350329,1,1,0,0,0,0,0,0,0,0,0,0
350329,2,1,0,0,0,0,0,0,0,0,0,0
350330,1,1,0,0,0,0,0,0,0,0,0,0
350331,1,1,0,0,0,0,0,0,0,0,0,0
350331,2,1,0,0,0,0,0,0,0,0,0,0
350332,1,1,28,28,28,28,28,28,28,28,28,28
350333,1,1,0,0,0,0,0,0,0,0,0,0
350333,2,1,0,0,0,0,0,0,0,0,0,0
350334,1,1,0,32,0,0,0,0,0,0,0,0
350335,1,1,0,6,0,25,14,0,0,17,0,24
350336,1,1,0,0,0,0,0,0,0,0,0,0
350336,2,1,0,0,0,0,0,0,0,0,0,0
350337,0,1,18,32,21,20,7,10,18,25,46,37
350337,1,1,0,0,0,0,0,0,0,0,0,0
350338,1,1,29,11,22,11,14,17,27,21,26,28
350338,2,1,0,23,0,0,0,0,0,0,0,0
350338,3,1,0,0,0,2,17,5,12,8,14,16
350339,1,1,0,0,0,0,0,0,0,0,0,0
350340,1,1,0,19,0,0,0,0,0,0,0,0
350340,2,1,0,0,0,0,0,13,0,0,0,0
350340,3,1,0,0,0,0,0,0,0,0,0,0
350341,1,1,24,24,24,24,24,24,24,24,24,24
350342,0,1,0,0,0,0,0,0,0,0,0,0
350342,1,1,0,0,0,0,0,0,0,0,0,0
350343,1,1,0,0,0,0,0,0,0,0,0,0
350343,2,1,0,0,0,0,0,0,0,0,0,0
350344,1,1,15,14,11,0,0,0,20,0,8,15
350345,1,1,0,0,0,0,0,0,0,0,0,0
350345,2,1,0,0,0,0,0,0,0,0,0,0
350346,0,1,0,0,34,0,0,0,0,39,12,0
350346,1,1,0,12,12,16,0,26,15,0,0,0
350347,1,1,22,22,22,22,22,22,22,22,22,22
350348,0,1,0,0,0,0,0,0,0,0,0,0
350348,2,1,6,0,0,0,0,6,0,0,0,0
350348,3,1,0,0,0,0,0,0,0,0,0,0
350349,0,1,0,0,0,0,25,0,30,5,0,17
350349,1,1,0,0,0,0,0,0,0,0,0,0
350350,1,1,0,0,0,0,0,0,0,0,0,0
350350,2,1,0,0,0,0,0,0,0,0,0,0
350351,1,1,0,22,0,0,0,14,0,13,22,0
350352,0,1,0,0,0,0,0,0,0,0,0,0
350352,1,1,16,8,0,0,0,0,26,10,0,4
350353,1,1,0,0,0,0,0,0,0,0,0,0
350353,2,1,0,0,0,0,0,0,0,0,0,0
350353,3,1,0,0,0,0,0,0,0,0,0,0
350353,4,1,0,0,0,0,0,0,0,0,0,0
350354,1,1,0,0,0,0,0,0,0,0,0,0
350354,2,1,0,8,0,0,0,0,0,0,0,0
350355,1,1,0,19,0,0,14,20,19,24,0,8
350356,1,1,0,0,0,0,0,0,0,0,0,0
350356,2,1,0,0,0,0,0,0,0,0,0,0
350356,3,1,0,0,0,0,0,0,0,0,0,0
350357,1,1,0,0,0,0,0,0,0,0,0,0
350357,2,1,22,0,0,0,0,0,0,0,0,0
350358,1,1,0,0,0,0,0,0,0,0,0,0
350358,2,1,0,0,0,0,0,0,0,0,0,0
350359,1,1,0,30,0,0,31,0,7,34,0,0
350360,1,1,0,0,0,0,0,0,0,0,0,0
350360,2,1,0,0,0,0,0,0,0,0,0,0
350361,0,1,2,0,0,0,0,0,0,0,0,0
350361,1,1,0,0,0,0,0,0,0,0,0,0
350362,1,1,0,0,0,0,0,0,0,0,0,0
350362,2,1,0,0,0,0,0,11,0,0,0,0
350362,3,1,0,0,0,0,0,0,0,0,0,0
350363,0,1,0,0,0,0,0,0,0,0,0,0
350363,1,1,0,0,0,0,0,0,0,0,0,0
350364,1,1,11,13,8,20,0,20,16,0,11,19
350365,0,1,22,8,9,14,5,20,9,15,15,16
350365,1,1,0,18,15,0,0,0,0,0,9,0
360001,0,1,0,0,0,0,0,0,0,0,0,0
360001,1,1,0,0,0,0,0,22,0,0,0,0
360002,0,1,26,26,26,26,26,26,26,26,26,26
360002,1,1,0,0,0,0,0,0,0,0,0,0
360003,0,1,0,0,0,0,0,0,0,0,0,0
360003,1,1,27,15,0,0,0,0,0,0,13,0
360004,0,1,0,0,0,0,0,0,0,0,0,0
360004,1,1,0,0,0,0,0,0,0,0,0,0
360005,1,1,0,0,0,0,0,0,0,0,0,0
360006,0,1,6,6,6,6,6,6,6,6,6,6
360006,1,1,0,0,0,0,0,0,0,0,0,0
360006,2,1,0,0,0,21,0,0,0,16,0,0
360007,1,1,0,27,0,28,0,0,24,22,0,13
360007,2,1,10,28,24,0,8,0,0,19,0,0
360008,0,1,34,34,34,34,34,34,34,34,34,34
360008,1,1,39,0,12,0,13,17,6,0,32,5
360009,1,1,0,0,0,0,0,0,0,0,0,0
360010,0,1,33,33,33,33,33,33,33,33,33,33
360010,1,1,0,0,0,0,0,0,0,0,8,0
360011,1,1,24,24,24,24,24,24,24,24,24,24
360012,1,1,0,0,0,0,0,0,0,0,0,0
360012,2,1,0,0,0,0,0,0,0,0,0,0
360013,1,1,0,0,0,10,0,0,0,0,7,0
360014,1,1,0,0,0,0,0,0,0,0,0,0
360014,2,1,0,0,0,0,20,0,0,0,0,0
360015,1,1,0,0,0,0,0,0,0,0,0,0
360015,2,1,0,0,0,0,0,15,0,0,0,0
360017,1,1,0,0,0,0,0,0,0,0,0,0
360018,1,1,0,13,0,0,0,0,0,0,0,0
360019,0,1,0,0,0,0,0,0,0,0,0,0
360019,1,1,0,0,0,0,0,0,0,0,0,0
360020,0,1,0,0,0,0,0,0,0,0,0,0
360020,0,2,0,0,0,0,0,0,0,0,0,0
360020,1,1,0,0,0,0,0,0,0,0,0,0
360021,0,1,0,0,0,0,0,0,0,0,0,0
360021,1,1,0,0,0,0,0,0,0,0,24,0
360022,0,1,0,0,0,0,0,33,13,0,0,28
360022,1,1,0,0,0,0,0,0,0,0,0,0
360023,1,1,8,10,0,0,10,0,0,16,19,0
360024,1,1,12,12,12,12,12,12,12,12,12,12
360026,1,1,0,0,0,0,0,0,0,27,0,0
360026,2,1,0,0,0,0,0,0,0,0,0,0
360027,0,1,0,0,0,0,0,0,0,0,0,0
360027,1,1,0,0,0,0,0,0,0,0,0,0
360028,1,1,12,14,23,6,6,25,12,10,38,11
360029,0,1,0,0,0,0,0,0,0,0,0,0
360029,1,1,0,0,13,3,0,0,0,0,15,0
360030,0,1,0,0,0,0,0,0,0,0,0,0
360030,1,1,0,0,0,0,0,0,0,0,0,0
360031,1,1,0,0,0,0,0,0,0,0,0,0
360031,2,1,25,7,20,11,11,13,17,29,17,21
360032,0,1,0,0,0,0,0,0,0,0,0,0
360032,1,1,0,0,0,0,0,0,0,0,0,0
360033,0,1,0,0,0,0,0,0,0,0,0,0
360033,1,1,0,0,0,0,0,0,0,0,0,0
360034,1,1,0,0,0,0,0,0,0,0,0,0
360035,1,1,0,0,0,0,0,0,14,0,10,0
360036,1,1,0,0,0,0,0,0,0,0,0,0
360036,3,1,0,0,0,0,0,0,11,0,0,0
360037,0,1,12,23,0,0,0,0,0,0,0,0
360037,1,1,0,0,0,0,0,0,0,0,0,0
360038,1,1,0,0,0,0,0,0,0,0,0,0
360038,2,1,0,0,0,0,0,8,0,0,0,0
360038,3,1,0,0,0,0,0,0,0,0,0,0
360039,0,1,0,0,0,0,0,0,0,0,0,0
360039,1,1,0,0,0,0,0,0,0,0,0,0
360040,1,1,0,18,11,21,15,4,0,0,0,5
360040,2,1,0,0,0,0,16,0,0,0,0,0
360041,1,1,0,0,0,0,0,0,0,0,0,0
360041,2,1,0,0,0,0,0,0,0,0,0,0
360042,0,1,0,0,0,0,0,0,0,0,0,0
360042,1,1,0,0,0,0,0,0,0,0,0,0
360043,1,1,0,0,0,0,0,0,0,0,0,0
360044,1,1,0,0,0,0,16,19,7,26,0,2
360045,0,1,0,0,0,0,0,0,0,0,0,0
360045,1,1,0,0,0,0,0,0,0,0,0,0
360046,0,1,0,0,0,0,0,0,0,0,0,0
360046,1,1,0,0,0,0,0,0,0,0,0,0
360047,1,1,0,0,0,0,0,0,0,0,0,0
360047,2,1,0,0,0,0,0,0,0,0,0,0
360049,0,1,6,6,6,6,6,6,6,6,6,6
360049,1,1,0,0,0,0,0,0,0,0,0,0
360050,1,1,0,22,0,0,0,0,0,0,0,0
360051,1,1,0,23,20,0,16,0,0,0,0,0
360053,1,1,0,0,0,0,0,0,0,0,0,0
360054,1,1,0,0,0,0,18,0,0,30,0,0
360056,1,1,0,0,0,0,0,0,0,0,0,0
360057,1,1,0,0,15,10,9,0,0,0,0,0
360057,2,1,0,0,0,0,0,0,0,0,0,0
360057,3,1,0,0,0,0,0,0,0,0,0,0
360058,1,1,0,0,0,0,0,0,0,0,0,0
360058,2,1,0,0,0,0,0,0,0,0,0,0
360059,0,1,0,0,0,0,0,0,0,0,31,46
360059,1,1,0,0,0,0,0,0,0,0,0,0
360059,3,1,0,0,0,0,0,0,0,0,0,0
360060,0,1,0,0,0,0,0,0,0,0,0,0
360060,1,1,0,0,0,0,0,0,0,0,0,0
360060,2,1,0,0,0,0,0,0,0,0,0,0
360061,0,1,0,0,0,0,0,0,0,0,0,0
360061,1,1,8,0,18,0,0,0,3,0,11,0
360062,1,1,0,0,0,0,0,0,0,0,0,0
360062,2,1,0,19,0,0,0,0,0,0,0,0
360063,0,1,20,0,0,0,0,23,0,0,0,0
360063,0,2,0,0,0,0,0,0,0,0,0,0
360063,1,1,0,0,0,0,0,0,0,0,0,0
360064,1,1,0,0,0,0,0,0,0,0,0,0
360065,1,1,20,20,20,20,20,20,20,20,20,20
360065,2,1,0,0,0,0,0,0,0,0,0,0
360066,0,1,0,0,0,0,0,0,0,0,0,0
360066,1,1,0,0,0,0,0,0,0,0,0,0
360067,0,1,20,20,20,20,20,20,20,20,20,20
360067,1,1,0,0,0,0,0,0,0,0,0,0
360068,1,1,0,0,0,0,0,0,0,0,0,0
360068,2,1,0,0,0,0,0,0,0,0,0,0
360070,1,1,0,0,0,0,0,0,0,0,0,0
360070,2,1,0,0,0,0,0,0,0,0,0,0
360072,1,1,0,0,0,0,0,0,0,0,0,0
360072,2,1,0,0,0,0,0,0,0,0,0,0
360073,1,1,0,0,0,0,0,0,0,0,0,0
360074,1,1,20,9,9,4,12,10,22,31,16,12
360074,2,1,0,0,0,0,0,0,0,0,0,0
360075,0,1,21,10,0,18,26,27,9,0,0,0
360075,1,1,0,0,0,0,0,0,0,0,0,0
360075,2,1,0,0,0,0,0,0,0,0,0,0
360076,0,1,0,0,0,0,0,0,0,0,0,0
360076,1,1,0,0,0,0,0,0,0,0,0,0
360077,0,1,0,0,0,0,0,0,0,0,0,0
360077,1,1,0,0,0,0,6,0,0,0,0,0
360078,1,1,26,6,0,17,19,8,9,6,6,18
360078,2,1,0,0,0,0,0,0,0,0,0,0
360079,0,1,0,14,8,0,0,0,0,0,0,0
360079,1,1,0,0,0,0,0,0,0,0,0,0
360080,0,1,19,19,19,19,19,19,19,19,19,19
360080,1,1,0,0,0,20,0,25,17,0,0,0
360081,1,1,0,0,0,0,0,0,0,0,0,0
360082,0,1,0,0,0,0,0,0,0,0,0,0
360082,1,1,0,0,0,0,0,0,0,0,0,0
360083,1,1,0,0,0,0,0,5,0,0,0,0
360084,1,1,0,22,0,0,14,0,0,0,0,0
360084,2,1,0,0,0,0,0,0,0,0,0,0
360085,1,1,0,0,0,0,0,0,0,0,0,0
360086,0,1,0,30,0,0,0,0,0,0,0,0
360086,1,1,0,0,0,0,0,0,0,0,0,0
360087,1,1,0,0,0,0,0,0,0,0,0,0
360087,2,1,0,0,0,0,0,0,27,0,0,0
360088,1,1,1,1,1,1,1,1,1,1,1,1
360089,1,1,0,0,0,0,0,0,0,0,0,0
360089,2,1,0,0,0,0,0,0,0,0,0,0
360090,1,1,0,0,0,0,0,0,0,0,0,0
360090,2,1,0,0,0,0,0,0,0,0,0,0
360091,1,1,0,0,0,0,0,0,0,0,15,0
360091,2,1,0,0,0,0,0,0,0,0,0,0
360092,1,1,0,0,12,11,0,11,0,0,14,11
360092,2,1,0,0,0,0,0,0,0,0,0,0
360093,1,1,2,2,2,2,2,2,2,2,2,2
360093,2,1,0,0,0,0,0,0,0,0,0,34
360094,1,1,21,21,21,21,21,21,21,21,21,21
360095,0,1,0,0,0,0,0,0,0,0,0,0
360095,1,1,0,11,17,0,0,0,9,13,0,0
360096,1,1,0,0,0,0,0,0,0,0,0,0
360096,2,1,0,7,0,0,0,0,0,0,0,10
360097,0,1,0,0,0,0,0,0,0,0,0,0
360097,1,1,0,0,21,0,3,0,0,0,0,0
360098,1,1,25,25,25,25,25,25,25,25,25,25
360099,1,1,0,8,5,13,27,23,0,18,23,5
360099,2,1,0,0,0,0,0,3,0,0,22,0
360099,3,1,0,0,0,0,0,0,0,11,0,0
360100,1,1,17,17,17,17,17,17,17,17,17,17
360100,2,1,0,0,0,0,0,0,0,0,0,0
360101,0,1,0,0,0,0,0,0,0,0,0,0
360101,1,1,0,0,0,0,0,0,0,0,0,0
360102,1,1,0,10,0,0,0,0,18,0,0,0
360102,2,1,0,0,0,0,0,0,0,0,0,0
360103,1,1,20,26,0,0,18,0,18,0,17,0
360103,2,1,11,0,10,0,13,23,15,0,18,23
360104,1,1,0,0,0,0,0,0,0,0,0,0
360105,1,1,16,0,19,20,0,0,8,25,0,0
360105,2,1,0,20,0,0,0,6,0,0,0,0
360106,1,1,0,0,0,0,0,0,0,0,0,0
360106,2,1,0,0,0,0,0,0,0,0,0,0
360107,1,1,18,18,18,18,18,18,18,18,18,18
360107,2,1,0,0,0,0,0,0,0,0,0,0
360107,3,1,0,0,0,0,15,0,13,0,12,15
360107,4,1,12,18,7,0,0,21,12,35,21,0
360107,5,1,0,0,0,0,17,0,11,0,0,13
360107,6,1,0,15,0,0,0,20,0,17,17,0
360108,1,1,0,0,0,0,0,0,0,0,0,0
360108,2,1,0,0,0,0,0,0,0,0,0,0
360109,1,1,0,0,12,9,0,0,0,0,0,0
360109,2,1,18,18,18,18,18,18,18,18,18,18
360110,0,1,0,0,0,0,0,0,0,0,0,0
360110,1,1,0,0,12,0,8,0,0,0,0,0
360112,0,1,0,0,0,0,0,0,0,0,0,0
360112,1,1,0,11,0,0,5,0,0,0,0,0
360113,1,1,0,0,0,0,0,0,0,0,0,0
360113,2,1,0,0,0,0,8,15,10,0,0,0
360114,1,1,0,0,0,0,0,0,0,0,0,0
360114,2,1,0,0,0,0,0,0,0,0,0,0
360115,0,1,0,0,0,0,0,0,0,0,0,0
360115,1,1,0,0,0,0,0,0,0,0,0,0
360116,0,1,0,0,0,0,0,0,0,0,0,0
360116,1,1,0,0,0,0,0,0,0,0,13,0
360117,0,1,0,0,0,0,0,0,0,0,0,0
360117,1,1,0,0,28,0,0,0,0,0,9,0
360118,0,1,0,0,0,0,0,0,0,0,0,0
360118,1,1,23,0,0,0,0,0,9,17,0,0
360119,1,1,0,0,0,0,0,0,0,0,0,0
360119,2,1,0,19,0,0,0,0,12,27,0,0
360119,3,1,0,0,0,0,0,0,0,0,0,0
360120,1,1,30,0,28,20,0,25,0,0,0,17
360121,1,1,0,0,0,0,0,0,0,0,0,0
360121,2,1,0,0,0,0,0,0,0,0,0,0
360122,0,1,33,27,5,16,21,20,28,0,0,0
360122,1,1,0,19,0,0,0,0,0,0,0,0
360123,0,1,0,0,0,0,0,0,0,29,0,21
360123,1,1,0,0,0,0,0,0,0,0,0,0
360123,2,1,0,0,0,19,4,0,30,0,0,0
360123,3,1,0,25,0,0,0,7,0,0,20,0
360124,0,1,0,0,0,0,0,0,0,0,0,0
360124,0,2,0,0,0,0,0,0,0,0,0,0
360124,1,1,0,0,0,0,0,0,0,0,0,0
360125,0,1,0,0,0,0,0,0,0,0,0,0
360125,1,1,0,0,0,0,0,0,18,15,0,0
360126,0,1,19,19,19,19,19,19,19,19,19,19
360126,1,1,0,0,18,0,0,0,0,14,12,0
360126,2,1,0,0,0,7,0,0,0,0,0,0
360127,0,1,0,0,0,0,0,0,0,0,0,0
360127,1,1,13,28,0,7,28,0,26,0,35,29
360128,1,1,0,0,0,16,0,0,0,0,0,0
360129,1,1,0,19,0,0,24,0,0,0,0,20
360130,1,1,9,9,9,9,9,9,9,9,9,9
360130,2,1,0,0,0,0,0,0,0,0,0,0
360131,0,1,20,20,20,20,20,20,20,20,20,20
360131,1,1,0,0,0,0,17,0,0,0,0,0
360131,2,1,0,0,22,0,0,0,0,22,0,0
360132,0,1,0,0,0,0,0,0,0,0,0,0
360132,1,1,0,0,0,0,0,0,0,0,0,29
360133,0,1,31,31,31,31,31,31,31,31,31,31
360133,1,1,0,0,0,0,0,0,0,0,0,0
360134,1,1,0,0,0,0,0,0,0,0,0,0
360135,0,1,0,0,0,0,0,0,0,0,0,0
360135,0,2,0,0,0,0,0,0,0,0,0,0
360135,1,1,0,0,0,0,0,0,0,0,0,0
360136,1,1,0,0,0,0,0,0,0,0,0,0
360136,2,1,0,0,0,0,0,0,23,0,0,0
360137,1,1,0,0,0,0,0,0,0,0,0,0
360137,2,1,0,0,0,10,0,0,0,16,0,0
360138,1,1,0,0,0,0,0,0,0,0,0,0
360138,2,1,0,0,0,0,0,0,0,0,0,0
360139,0,1,0,0,0,0,0,0,0,21,0,39
360139,1,1,0,0,0,0,0,0,0,0,0,0
360140,1,1,18,18,18,18,18,18,18,18,18,18
360141,1,1,26,26,26,26,26,26,26,26,26,26
360142,1,1,15,0,10,0,0,10,0,0,11,0
360142,2,1,2,12,0,0,31,16,8,0,0,0
360143,0,1,0,0,0,0,0,0,0,0,0,0
360143,1,1,0,0,0,0,0,0,0,0,0,0
360144,1,1,23,15,10,15,15,32,0,12,29,17
360144,2,1,0,0,0,0,0,0,0,0,0,0
360145,0,1,10,0,4,0,5,9,0,0,23,0
360145,2,1,0,8,3,38,27,12,15,25,13,23
360146,1,1,0,0,0,0,0,0,0,0,0,0
360147,1,1,0,0,0,0,0,0,0,0,0,0
360148,1,1,19,0,0,0,0,0,0,12,0,0
360149,1,1,0,14,25,23,0,0,6,0,31,0
360150,1,1,0,0,0,0,0,0,0,0,0,0
360150,2,1,0,0,0,0,0,0,0,0,0,0
360151,0,1,0,0,0,0,0,0,0,0,0,0
360151,1,1,0,24,0,14,0,0,0,0,0,0
360152,1,1,0,0,0,0,0,0,0,0,0,0
360155,0,1,12,12,12,12,12,12,12,12,12,12
360155,1,1,0,0,0,0,0,0,0,0,0,15
360155,2,1,0,0,10,10,0,17,3,0,0,0
360156,1,1,20,23,0,0,6,14,0,13,0,0
360157,1,1,0,0,0,0,0,0,0,0,0,0
360158,1,1,0,0,0,0,0,0,0,0,0,0
360159,1,1,0,2,18,0,0,0,0,0,0,8
360159,2,1,0,0,0,0,0,0,0,0,0,0
360160,0,1,0,0,0,0,0,0,0,0,0,0
360160,1,1,0,0,0,0,0,0,0,0,0,18
360161,1,1,0,0,0,0,0,0,0,0,0,0
360162,1,1,0,0,0,0,0,0,0,0,0,0
360162,2,1,19,0,0,0,0,0,0,20,0,0
360163,1,1,0,0,0,0,0,0,0,0,0,0
360165,0,1,0,0,0,0,0,0,0,0,0,0
360165,1,1,0,0,0,0,15,0,0,0,0,0
360166,1,1,0,0,0,0,0,0,0,0,0,0
360167,1,1,27,0,0,0,0,0,0,0,0,0
360168,1,1,0,0,0,0,0,15,0,16,0,0
360168,2,1,0,0,0,0,0,0,0,0,0,0
360169,1,1,0,0,0,0,0,0,0,0,0,0
360170,1,1,19,19,19,19,19,19,19,19,19,19
360171,1,1,41,41,41,41,41,41,41,41,41,41
360171,2,1,0,0,0,0,0,0,0,0,0,21
360172,1,1,0,0,0,0,0,0,0,0,0,0
360173,1,1,0,0,0,0,0,0,0,0,0,0
360173,2,1,0,25,0,0,0,0,0,0,0,0
360173,3,1,0,0,0,0,0,0,0,0,7,0
360173,4,1,0,33,0,17,18,15,0,0,15,0
360174,1,1,0,0,15,0,0,0,0,0,0,0
360174,2,1,0,9,0,0,0,7,25,0,11,0
360175,1,1,0,0,0,0,0,0,0,0,0,0
360175,2,1,0,0,0,0,0,0,0,0,0,0
360177,1,1,14,14,14,14,14,14,14,14,14,14
360178,1,1,0,0,0,0,0,0,0,0,0,0
360179,1,1,0,0,0,0,0,0,0,0,0,11
360179,2,1,0,0,17,25,0,0,12,19,0,21
360180,1,1,0,0,0,0,0,0,0,17,0,0
360180,2,1,0,0,0,3,0,0,0,0,0,0
360181,1,1,0,0,0,0,0,0,0,0,0,0
360182,1,1,18,18,18,18,18,18,18,18,18,18
360183,1,1,0,0,0,0,0,0,0,0,0,0
360183,2,1,0,0,0,0,0,0,0,0,0,0
360184,1,1,18,18,18,18,18,18,18,18,18,18
360185,1,1,0,0,0,0,0,0,0,0,18,0
360186,0,1,0,0,0,0,0,0,0,0,0,0
360186,1,1,0,0,19,0,0,19,0,0,26,0
360187,0,1,28,0,0,0,0,3,0,0,12,20
360187,1,1,0,0,0,0,0,0,0,6,0,0
360188,1,1,0,0,0,0,0,16,0,0,0,0
360188,2,1,0,0,0,0,0,0,0,0,0,0
360189,1,1,0,0,0,0,0,0,0,0,0,0
360189,2,1,22,0,0,0,0,5,0,24,10,23
360189,3,1,0,0,0,0,0,5,0,0,24,0
360190,0,1,0,0,0,0,0,0,0,0,0,0
360190,1,1,0,0,0,0,0,0,0,0,0,0
360190,2,1,0,0,14,0,0,0,0,0,0,0
360191,1,1,18,18,18,18,18,18,18,18,18,18
360192,1,1,0,0,0,0,0,0,0,0,0,0
360192,2,1,0,0,0,12,0,19,0,0,0,7
360193,1,1,13,0,12,0,0,0,0,0,0,0
360193,2,1,9,9,9,9,9,9,9,9,9,9
360194,1,1,0,0,0,5,0,0,0,0,0,0
360194,2,1,0,0,0,0,0,0,0,0,0,11
360195,1,1,7,7,7,7,7,7,7,7,7,7
360196,1,1,0,0,0,0,0,0,0,0,0,0
360197,1,1,0,0,0,0,0,0,0,0,0,0
360197,2,1,0,0,0,0,0,0,0,0,0,0
360198,1,1,27,27,27,27,27,27,27,27,27,27
360200,1,1,0,0,0,0,0,0,0,16,0,29
360201,1,1,0,0,0,0,0,0,0,0,0,0
360202,1,1,11,11,11,11,11,11,11,11,11,11
360203,1,1,0,21,0,0,0,0,0,0,0,0
360203,2,1,0,0,0,0,0,0,0,0,0,0
360203,3,1,17,0,0,0,0,0,0,0,0,0
360204,1,1,1,1,1,1,1,1,1,1,1,1
360204,2,1,0,0,0,0,0,0,0,0,0,0
360205,1,1,22,22,22,22,22,22,22,22,22,22
360205,2,1,0,0,0,0,0,0,0,0,0,0
360206,0,1,0,0,0,0,0,0,0,0,0,0
360206,1,1,0,0,0,0,0,0,14,0,0,0
360207,1,1,11,0,0,0,0,0,0,0,0,0
360207,2,1,0,5,0,0,0,0,0,0,0,0
360208,0,1,0,12,0,13,21,0,0,0,0,0
360208,1,1,0,12,0,23,27,0,22,0,0,0
360209,1,1,13,13,13,13,13,13,13,13,13,13
360210,1,1,0,0,0,0,0,0,0,0,0,0
360211,1,1,0,0,0,0,0,0,0,0,0,0
360211,2,1,0,0,0,0,0,0,0,0,0,0
360212,1,1,0,0,0,0,0,0,0,0,0,0
360213,0,1,0,0,0,0,0,0,0,0,0,0
360213,1,1,12,39,0,0,7,13,0,0,10,0
360214,1,1,27,0,6,10,2,10,8,28,19,13
360214,2,1,0,0,17,0,0,0,0,0,0,0
360215,1,1,16,16,16,16,16,16,16,16,16,16
360216,1,1,0,0,0,0,0,0,0,0,0,0
360216,2,1,0,0,31,0,0,0,0,0,0,0
360217,1,1,0,11,0,0,0,7,10,0,0,0
360217,2,1,0,0,0,0,0,0,0,0,0,0
360218,1,1,0,0,0,0,0,0,0,0,0,0
360219,1,1,0,0,0,0,26,0,0,0,0,14
360219,2,1,0,0,0,0,0,0,0,0,0,0
360220,1,1,0,0,0,0,0,0,0,0,0,0
360221,1,1,0,0,0,0,0,0,0,0,0,0
360222,0,1,0,0,0,0,0,0,0,0,28,0
360222,1,1,21,21,21,21,21,21,21,21,21,21
360223,1,1,0,0,0,0,0,0,0,0,0,0
360223,2,1,8,33,0,0,0,16,0,12,0,14
360224,1,1,0,0,0,0,0,0,0,0,0,0
360226,1,1,0,0,0,0,0,0,0,0,0,0
360227,1,1,13,13,13,13,13,13,13,13,13,13
360228,1,1,0,12,0,0,0,0,0,0,0,0
360229,1,1,0,0,0,0,0,0,0,0,0,0
360230,1,1,12,12,12,12,12,12,12,12,12,12
360231,1,1,5,5,5,5,5,5,5,5,5,5
360233,1,1,0,0,0,0,0,0,0,0,0,0
360234,1,1,23,23,23,23,23,23,23,23,23,23
360235,0,1,0,0,0,0,0,0,0,0,0,0
360235,1,1,20,6,13,7,0,0,10,17,14,4
360236,0,1,20,20,20,20,20,20,20,20,20,20
360236,1,1,0,0,0,0,0,0,0,0,0,0
360237,0,1,0,0,0,0,0,0,0,0,0,0
360237,1,1,0,0,0,0,0,0,0,0,0,0
360238,0,1,0,0,0,0,0,0,0,0,0,0
360238,1,1,0,0,12,0,8,0,0,0,0,0
360239,0,1,0,0,0,0,0,0,0,0,0,0
360239,1,1,0,0,0,0,0,0,0,0,25,0
360240,1,1,25,25,25,25,25,25,25,25,25,25
360242,0,1,0,0,0,0,0,0,0,0,13,0
360242,1,1,0,0,0,0,0,0,0,0,0,0
360243,1,1,2,2,2,2,2,2,2,2,2,2
360243,2,1,0,0,0,14,0,0,0,0,0,0