ST_CASE,VEH_NO,PER_NO,P1,P2,P3,P4,P5,P6,P7,P8,P9,P10
360825,1,1,17,21,0,19,16,13,19,5,36,0
360826,1,1,0,0,0,0,0,0,0,0,0,0
360827,1,1,0,0,0,0,0,0,0,0,0,0
360828,1,1,0,14,0,0,0,0,0,0,0,0
360829,1,1,0,0,0,0,0,0,0,0,0,0
360830,1,1,11,11,11,11,11,11,11,11,11,11
360830,2,1,0,8,17,8,10,7,17,6,0,20
360831,0,1,0,0,0,0,0,0,0,0,0,0
360831,1,1,0,14,1,0,20,24,35,0,13,0
360832,0,1,0,0,0,0,0,0,0,0,0,0
360832,1,1,0,0,0,0,35,0,0,0,0,13
360833,1,1,1,1,1,1,1,1,1,1,1,1
360833,2,1,0,0,0,0,0,0,0,0,0,0
360834,0,1,7,7,7,7,7,7,7,7,7,7
360834,1,1,0,0,0,15,12,2,0,15,0,0
360835,1,1,0,0,0,0,0,22,0,0,0,0
360836,0,1,13,13,13,13,13,13,13,13,13,13
360836,1,1,0,0,0,0,0,0,0,0,0,0
360837,0,1,0,0,0,0,0,0,0,0,0,0
360837,1,1,0,0,0,0,0,0,0,0,0,0
360837,2,1,0,0,0,0,0,0,0,0,0,0
360838,1,1,0,0,0,0,0,0,0,0,0,0
360838,2,1,0,0,0,0,0,0,0,0,0,0
360839,1,1,0,0,0,0,0,0,13,0,0,0
360839,2,1,0,0,0,0,0,0,0,0,0,0
360840,1,1,0,0,0,0,0,0,0,0,0,0
360841,1,1,25,26,0,0,0,0,0,24,0,21
360842,1,1,0,39,3,12,22,28,6,23,21,20
360843,1,1,0,0,0,0,0,0,0,0,0,0
360844,1,1,18,18,18,18,18,18,18,18,18,18
360844,2,1,15,0,0,0,0,0,0,0,8,3
360844,3,1,9,0,0,13,0,0,0,9,0,0
360845,1,1,0,0,0,0,0,0,0,0,0,0
360846,0,1,0,0,0,0,0,48,0,0,0,0
360846,1,1,21,0,0,15,0,0,0,0,0,0
360847,0,1,0,0,0,0,0,0,0,0,0,0
360847,1,1,0,0,0,0,0,0,0,0,0,0
360848,1,1,0,0,0,0,0,0,0,0,0,0
360848,2,1,0,0,0,13,0,0,0,0,0,0
360849,1,1,0,15,0,23,0,0,0,0,0,0
360849,2,1,29,0,0,0,0,11,16,16,0,0
360850,0,1,0,0,0,0,0,0,0,0,0,0
360850,1,1,21,0,0,0,11,0,0,19,0,0
360851,1,1,26,26,26,26,26,26,26,26,26,26
360851,2,1,0,0,0,0,0,0,0,0,0,0
360852,1,1,0,0,0,0,0,0,0,0,0,0
360852,2,1,0,0,0,9,0,0,0,0,0,0
360853,1,1,2,2,2,2,2,2,2,2,2,2
360854,1,1,27,33,0,0,28,0,0,0,0,0
360854,2,1,0,0,0,0,0,0,0,0,0,0
360855,0,1,0,0,0,0,0,0,0,0,0,0
360855,1,1,0,0,14,16,33,2,23,0,0,10
360856,0,1,0,0,10,0,0,27,0,7,0,0
360856,1,1,18,12,6,41,22,15,10,11,21,9
360857,1,1,0,0,0,0,0,0,0,0,0,29
360858,1,1,0,0,19,0,0,4,0,0,0,0
360859,1,1,0,0,0,0,11,8,0,0,0,0
360859,2,1,0,0,0,0,0,0,0,0,0,0
360860,0,1,0,27,0,0,20,0,19,0,24,31
360860,1,1,0,38,0,0,0,0,0,0,0,15
360861,1,1,0,0,0,0,13,0,0,0,0,0
360861,2,1,0,0,0,0,9,0,17,0,13,15
360862,1,1,0,0,0,0,0,0,0,0,0,0
360863,1,1,0,0,0,0,0,0,0,0,0,0
360863,2,1,0,0,0,0,0,0,0,0,0,31
360864,0,1,0,0,0,10,0,0,0,0,0,0
360864,1,1,0,0,21,9,0,0,0,14,14,0
360864,2,1,0,0,0,17,0,21,0,0,0,0
360865,1,1,0,12,0,16,0,0,10,0,0,0
360866,1,1,0,0,11,0,10,0,0,0,24,26
360867,1,1,0,0,0,0,0,0,0,0,16,0
360867,2,1,0,0,0,0,0,0,0,0,0,0
360868,1,1,9,9,9,9,9,9,9,9,9,9
360868,2,1,0,0,0,0,0,0,0,0,0,0
360869,1,1,12,16,0,0,0,0,16,0,0,0
360870,1,1,0,0,0,0,0,0,0,0,0,0
360870,2,1,0,0,0,0,0,0,0,0,0,0
360871,0,1,0,0,0,0,0,0,0,0,0,0
360871,1,1,20,15,0,15,9,11,12,0,29,0
360871,2,1,13,0,8,0,7,0,0,0,0,0
360872,1,1,0,0,0,0,0,0,0,0,0,0
360872,2,1,0,0,0,0,0,0,0,0,0,0
360873,1,1,0,0,0,0,0,0,0,0,0,0
360873,2,1,0,0,0,0,0,0,0,0,0,0
360874,1,1,0,0,0,0,0,0,0,0,0,0
360874,2,1,4,0,0,0,0,0,9,18,0,0
360876,0,1,0,0,0,0,0,0,0,0,0,0
360876,1,1,0,0,13,9,0,21,21,0,0,14
360877,0,1,0,5,0,0,0,13,16,0,0,0
360877,1,1,0,0,21,0,0,0,0,0,0,13
360878,0,1,33,33,33,33,33,33,33,33,33,33
360878,1,1,22,0,0,0,0,0,0,0,25,0
360880,1,1,2,2,2,2,2,2,2,2,2,2
360881,0,1,0,0,0,0,0,0,0,0,0,0
360881,1,1,28,0,0,0,0,0,0,0,0,0
360882,0,1,0,0,0,0,0,0,0,0,0,0
360882,1,1,25,0,0,0,0,0,0,0,0,0
360883,0,1,0,0,38,0,8,0,0,0,7,0
360883,1,1,0,0,0,16,0,0,8,0,0,0
360884,1,1,21,21,21,21,21,21,21,21,21,21
360884,2,1,0,0,0,0,0,0,0,0,0,0
360885,1,1,0,0,0,0,0,0,0,0,11,0
360885,2,1,28,24,0,0,30,13,0,11,27,17
360886,1,1,0,0,0,0,0,15,0,20,21,0
360886,2,1,0,0,0,0,0,0,0,0,0,0
360886,3,1,0,0,0,0,15,0,0,0,31,0
360887,1,1,0,0,0,0,0,0,0,0,0,0
360887,2,1,0,0,0,0,0,0,14,0,0,0
360888,1,1,0,0,0,13,0,12,0,6,0,0
360889,1,1,0,0,0,4,0,0,0,8,0,26
360890,1,1,0,0,0,0,0,0,0,0,0,0
360890,2,1,0,0,27,0,0,0,0,0,0,0
360891,1,1,0,0,0,0,0,0,0,0,0,0
360891,2,1,0,0,0,0,0,0,0,7,0,0
360892,1,1,0,0,0,0,0,0,0,0,0,0
360892,2,1,0,0,0,12,0,13,23,22,0,0
360893,1,1,0,0,5,0,0,0,0,0,0,0
360893,2,1,0,0,9,23,0,0,0,24,0,0
360893,3,1,0,0,0,0,0,0,0,0,0,0
360894,1,1,0,0,16,0,0,0,0,19,0,0
360894,2,1,0,0,0,0,0,19,13,0,12,0
360895,1,1,0,0,0,0,0,0,0,0,0,0
360895,2,1,0,0,0,0,0,0,0,0,0,0
360895,3,1,0,0,0,0,0,0,0,0,0,0
360896,1,1,0,0,0,0,0,0,0,0,0,0
360896,2,1,0,0,0,0,0,0,0,0,0,0
360896,3,1,0,0,0,0,0,0,0,0,0,36
360896,4,1,0,0,0,0,0,0,0,0,0,0
360897,1,1,0,0,0,0,0,0,27,0,0,0
360898,1,1,22,22,22,22,22,22,22,22,22,22
360899,1,1,0,0,0,0,0,0,13,0,0,0
360900,1,1,0,0,11,0,0,0,0,0,0,15
360901,1,1,0,0,0,0,0,0,0,0,0,0
360901,2,1,0,0,17,0,6,0,0,0,0,0
360902,1,1,3,9,30,0,0,11,0,15,9,11
360902,2,1,8,0,8,18,0,0,0,0,0,0
360903,1,1,0,13,0,17,0,0,22,0,9,13
360904,1,1,0,0,0,0,0,0,0,0,0,0
360904,2,1,0,17,8,13,0,0,0,8,0,0
360905,1,1,0,0,5,0,23,0,0,0,8,0
360905,2,1,0,0,0,0,0,0,0,0,0,0
360906,1,1,0,0,18,0,8,0,0,21,24,0
360907,1,1,0,0,0,0,0,3,0,0,0,0
360908,1,1,7,19,8,26,25,16,19,12,18,7
360908,2,1,0,0,0,0,0,0,10,16,0,0
360908,3,1,14,0,27,0,0,0,0,0,0,9
360909,1,1,18,18,18,18,18,18,18,18,18,18
360910,0,1,0,0,0,0,0,0,0,0,0,0
360910,1,1,0,0,0,0,0,0,0,0,0,0
360911,1,1,0,0,0,0,24,9,0,34,10,0
360911,2,1,11,11,11,11,11,11,11,11,11,11
360912,1,1,0,0,0,0,0,0,13,0,0,0
360912,2,1,0,0,0,0,3,0,0,0,0,0
360913,0,1,0,0,0,0,0,0,0,0,0,0
360913,1,1,0,0,0,0,0,0,0,0,0,0
360914,0,1,0,0,0,0,0,0,0,0,0,0
360914,1,1,0,0,0,0,0,0,0,0,0,0
360915,0,1,0,0,0,0,0,0,0,0,0,0
360915,1,1,0,0,0,0,0,0,0,0,0,0
360916,1,1,0,0,0,0,0,0,0,0,0,0
360917,1,1,0,0,22,0,0,0,2,0,19,0
360917,2,1,0,0,0,5,13,11,25,0,16,0
360918,2,1,0,16,0,0,0,13,0,0,0,13
360919,1,1,0,0,0,0,0,10,53,0,16,8
360921,1,1,0,0,0,0,0,0,0,0,0,0
360921,2,1,0,0,0,0,0,0,0,0,0,0
360922,1,1,0,0,0,0,0,0,0,0,0,0
360922,2,1,0,0,0,0,0,14,0,0,0,0
360923,0,1,0,0,0,17,37,0,0,0,0,4
360923,1,1,17,17,11,3,0,0,36,4,19,27
360924,1,1,36,36,36,36,36,36,36,36,36,36
360925,1,1,0,0,26,0,0,0,0,0,0,0
360925,2,1,16,16,16,16,16,16,16,16,16,16
360926,1,1,0,0,0,0,0,0,0,0,0,0
360927,1,1,25,0,0,0,0,0,0,0,23,7
360927,2,1,0,0,0,0,0,0,0,0,5,0
360928,1,1,0,0,0,0,0,0,0,0,0,0
360928,2,1,0,0,0,0,0,0,0,0,0,0
360929,0,1,0,0,0,0,0,0,0,0,0,0
360929,1,1,16,0,9,0,14,23,24,13,22,11
360930,1,1,0,0,0,0,13,0,7,0,0,13
360931,1,1,0,0,0,19,0,0,0,0,0,0
360932,0,1,0,0,0,0,0,0,0,0,0,0
360932,1,1,0,0,0,0,15,0,0,0,0,0
360933,1,1,17,17,17,17,17,17,17,17,17,17
360934,1,1,22,0,0,0,0,7,0,0,0,0
360934,2,1,0,0,0,0,0,0,0,0,0,0
360935,1,1,0,0,0,0,0,0,0,0,0,0
360936,1,1,0,0,0,0,0,0,0,0,0,0
360936,2,1,0,0,0,0,0,0,0,0,0,0
360936,3,1,0,0,0,0,0,0,0,0,0,0
360937,1,1,0,0,0,0,0,0,13,0,0,0
360937,2,1,0,0,0,0,0,0,0,0,0,0
360937,3,1,0,0,0,0,0,6,0,0,0,0
360938,0,1,25,25,25,25,25,25,25,25,25,25
360938,1,1,0,8,0,0,0,14,26,22,0,0
360939,0,1,0,0,0,0,0,0,0,0,0,0
360939,0,2,0,25,0,0,0,25,0,27,0,21
360939,0,3,0,0,4,12,0,0,0,0,19,0
360939,1,1,0,0,0,0,0,0,0,0,0,0
360939,3,1,0,15,0,0,11,0,0,0,0,0
360940,0,1,22,22,22,22,22,22,22,22,22,22
360940,1,1,0,0,0,0,0,0,0,0,0,0
360941,0,1,0,0,0,0,0,0,0,0,0,0
360941,1,1,0,15,0,11,0,0,0,0,0,0
360943,0,1,20,20,20,20,20,20,20,20,20,20
360943,1,1,0,0,0,7,0,0,6,0,0,0
360944,1,1,11,24,14,12,12,0,8,17,3,19
360944,2,1,0,0,0,0,0,0,0,0,0,0
360945,0,1,6,6,6,6,6,6,6,6,6,6
360945,1,1,0,0,0,0,0,0,0,0,0,0
360946,0,1,34,0,0,0,0,0,6,0,0,0
360946,1,1,0,0,0,0,0,0,0,0,0,0
360947,0,1,0,0,0,0,0,0,0,0,0,0
360947,1,1,0,10,0,0,0,17,0,10,0,0
360948,1,1,27,12,16,7,31,0,10,12,0,0
360948,2,1,11,17,0,13,10,0,4,9,7,2
360949,0,1,13,0,24,28,20,0,0,14,0,0
360949,1,1,0,0,0,0,0,0,0,0,0,0
360950,1,1,12,19,10,10,0,36,6,14,18,27
360951,0,1,8,0,0,0,0,0,0,0,0,0
360951,1,1,0,0,0,0,0,0,0,0,0,0
360952,1,1,0,0,0,0,0,0,0,0,0,0
360953,1,1,0,0,0,0,0,0,0,0,0,0
360954,1,1,0,0,0,0,0,0,0,0,0,0
360954,2,1,0,0,0,0,0,0,0,0,0,0
360954,3,1,0,0,0,0,0,0,0,0,0,0
360955,1,1,0,0,0,0,0,0,0,0,0,0
360955,2,1,0,0,15,0,0,35,0,0,0,0
360956,1,1,0,0,0,0,0,0,0,0,0,0
360957,1,1,31,10,0,0,0,25,0,19,0,0
360958,1,1,0,0,0,0,0,0,0,0,0,0
360959,0,1,0,0,0,0,0,0,0,0,0,0
360959,1,1,0,0,0,0,0,0,0,0,0,0
360960,1,1,17,17,17,17,17,17,17,17,17,17
360961,1,1,0,0,0,0,0,0,0,0,0,0
360961,2,1,0,0,0,0,0,0,0,0,0,0
360961,3,1,0,0,0,0,0,0,0,0,0,19
360962,1,1,0,0,0,0,0,0,0,0,0,0
360963,1,1,7,7,7,7,7,7,7,7,7,7
360963,2,1,6,0,0,0,0,0,0,0,2,0
360964,0,1,36,36,36,36,36,36,36,36,36,36
360964,1,1,0,0,18,14,0,0,0,0,0,0
360965,1,1,0,0,20,0,0,0,0,29,0,0
360966,1,1,0,0,0,0,0,0,0,0,0,0
360967,1,1,18,18,18,18,18,18,18,18,18,18
360968,1,1,0,0,0,0,11,0,0,0,0,14
360968,2,1,0,14,0,0,0,0,0,0,0,0
360969,1,1,23,23,23,23,23,23,23,23,23,23
360970,1,1,0,0,27,7,0,0,0,0,0,0
360970,2,1,0,0,29,0,0,0,0,0,0,0
360970,3,1,0,0,0,0,0,0,0,0,0,0
360971,1,1,0,0,0,0,0,0,0,0,0,0
360972,1,1,16,16,16,16,16,16,16,16,16,16
360973,0,1,0,0,0,0,0,0,0,36,0,18
360973,1,1,0,0,0,0,0,0,0,0,0,0
360974,1,1,0,0,0,16,19,0,0,14,0,0
360974,2,1,0,0,0,0,0,0,0,0,0,0
360975,0,1,28,0,0,0,17,0,0,34,0,26
360975,1,1,25,0,0,0,11,9,21,0,16,0
360976,1,1,15,0,0,0,0,0,0,0,0,0
360976,2,1,0,0,0,0,0,0,0,0,0,0
360977,1,1,0,0,0,0,0,0,0,6,0,0
360978,0,1,0,0,24,0,0,6,0,0,14,0
360978,0,2,0,0,31,17,0,17,0,0,0,0
360978,1,1,10,10,10,10,10,10,10,10,10,10
360979,1,1,0,0,0,0,0,0,0,0,0,0
360980,1,1,0,0,0,17,16,24,19,0,0,0
360980,2,1,0,0,0,10,0,0,0,0,0,0
360981,0,1,0,0,0,0,0,0,0,0,0,0
360981,1,1,0,0,0,0,17,0,14,0,0,0
360982,0,1,26,26,26,26,26,26,26,26,26,26
360982,1,1,0,0,0,0,0,0,0,0,0,0
360983,0,1,21,21,21,21,21,21,21,21,21,21
360983,1,1,0,0,0,0,0,0,0,0,0,4
360984,1,1,25,25,25,25,25,25,25,25,25,25
360985,1,1,8,0,0,0,0,0,0,0,22,11
360985,2,1,0,0,0,0,0,0,0,0,0,0
360986,1,1,2,11,10,12,8,6,0,10,8,9
360986,2,1,4,4,4,4,4,4,4,4,4,4
360987,0,1,0,0,25,0,0,0,21,0,27,16
360987,1,1,0,0,0,0,0,0,0,0,0,0
360988,1,1,0,0,26,5,8,0,8,0,0,4
360989,1,1,0,0,0,0,0,0,0,0,0,0
360989,2,1,0,0,0,6,0,0,0,0,19,0
360989,3,1,0,0,0,0,0,0,0,0,0,0
360990,0,1,0,0,0,0,0,0,0,0,0,0
360990,1,1,0,0,0,0,0,27,0,0,0,0
360991,1,1,7,7,7,7,7,7,7,7,7,7
360991,2,1,6,4,17,0,3,23,0,0,6,0
360992,0,1,20,0,14,0,0,13,30,0,7,12
360992,1,1,23,6,13,0,0,6,13,14,0,5
360993,1,1,19,19,19,19,19,19,19,19,19,19
360994,1,1,0,0,15,16,0,0,0,0,0,13
360995,1,1,0,0,0,0,0,0,0,0,0,0
360996,0,1,0,0,0,0,0,0,0,0,0,0
360996,1,1,0,0,0,0,0,0,0,0,0,0
360997,0,1,0,0,0,0,0,0,0,0,0,0
360997,1,1,0,0,0,0,0,0,0,11,0,0
360998,1,1,15,21,10,19,0,0,0,0,18,0
360998,2,1,0,0,0,9,0,0,0,0,0,0
360999,1,1,0,0,0,0,0,0,0,0,0,0
360999,2,1,0,0,0,20,0,0,0,0,0,0
361000,0,1,42,42,42,42,42,42,42,42,42,42
361000,1,1,3,12,9,15,15,7,14,12,16,0
361001,1,1,0,0,0,0,0,0,0,0,0,0
361001,2,1,24,15,17,27,12,9,14,7,13,17
361002,0,1,0,0,0,0,0,0,0,0,0,0
361002,1,1,12,0,29,0,15,25,0,0,0,0
361002,2,1,27,0,0,0,0,0,0,0,0,0
361003,0,1,0,0,0,0,0,0,0,0,0,14
361003,1,1,7,14,21,22,25,12,14,24,0,26
361004,1,1,0,0,0,0,0,0,0,0,15,0
361004,2,1,0,0,0,0,0,4,0,0,6,0
361004,3,1,0,10,0,22,17,0,0,0,0,21
361004,4,1,8,0,0,0,0,25,11,0,0,34
361005,1,1,15,0,15,21,0,0,3,0,0,0
370001,0,1,24,24,24,24,24,24,24,24,24,24
370001,1,1,0,0,0,0,0,12,0,8,0,0
370002,0,1,14,14,14,14,14,14,14,14,14,14
370002,1,1,0,28,0,0,0,0,23,0,0,0
370003,1,1,0,0,0,0,0,0,0,0,0,0
370004,1,1,0,0,0,0,0,0,0,12,0,0
370004,2,1,0,0,0,0,0,0,0,0,0,0
370005,1,1,0,18,0,0,0,0,0,0,0,0
370006,1,1,0,0,0,0,0,0,0,0,0,0
370006,2,1,0,0,0,0,0,0,0,0,0,0
370007,1,1,0,0,0,0,0,0,0,0,0,0
370008,1,1,0,0,0,0,31,0,0,0,15,0
370009,1,1,0,0,31,0,0,0,0,0,0,0
370009,2,1,0,0,0,19,0,0,0,0,0,0
370010,0,1,0,9,0,0,11,0,0,0,0,0
370010,1,1,0,10,0,0,0,0,0,0,0,0
370011,1,1,0,8,0,0,0,0,0,0,0,0
370011,2,1,0,0,0,0,0,0,0,0,0,0
370012,0,1,0,26,0,0,0,0,0,0,0,0
370012,1,1,0,0,0,0,0,0,0,0,0,0
370013,1,1,0,0,0,0,0,0,0,0,0,0
370013,2,1,0,0,0,0,0,0,0,0,0,0
370014,1,1,0,0,0,0,0,0,0,0,0,0
370014,2,1,0,0,0,0,0,0,0,0,15,0
370015,0,1,22,22,22,22,22,22,22,22,22,22
370015,1,1,0,0,0,0,0,0,0,0,0,0
370015,2,1,13,0,0,0,0,0,0,0,0,0
370016,1,1,0,0,0,0,0,0,0,0,0,14
370017,1,1,0,0,0,0,0,0,0,0,0,0
370017,2,1,0,0,0,0,0,0,22,0,0,0
370018,1,1,0,0,0,0,0,0,0,0,0,0
370019,1,1,0,0,0,0,0,0,0,0,0,0
370019,2,1,0,0,0,0,0,0,0,0,10,0
370019,3,1,0,0,0,0,0,0,0,0,0,0
370020,0,1,0,0,0,0,0,0,0,0,0,0
370020,1,1,0,0,0,0,0,0,0,0,0,0
370021,0,1,4,4,4,4,4,4,4,4,4,4
370021,1,1,17,17,17,17,17,17,17,17,17,17
370022,1,1,0,0,0,0,0,0,0,0,0,0
370023,1,1,0,0,0,0,0,0,25,0,0,0
370024,1,1,0,0,0,0,0,0,0,0,0,0
370024,2,1,0,0,0,0,0,0,0,0,0,0
370025,1,1,13,0,0,0,0,0,0,0,0,0
370025,2,1,0,0,0,0,0,0,0,0,0,0
370026,0,1,0,0,0,0,0,0,0,0,0,0
370026,1,1,0,0,0,0,0,0,0,0,0,0
370027,1,1,0,0,0,0,0,0,0,0,0,0
370027,2,1,0,0,0,0,0,0,0,0,0,0
370028,0,1,15,15,15,15,15,15,15,15,15,15
370028,1,1,0,18,0,0,0,0,0,0,31,0
370029,0,1,0,0,0,0,0,0,0,0,0,0
370029,0,2,0,0,6,0,0,0,0,0,0,0
370029,1,1,0,0,0,12,0,0,0,0,0,0
370030,1,1,0,0,0,0,0,0,0,0,0,0
370030,2,1,0,0,0,0,0,0,0,0,0,0
370031,1,1,13,0,0,0,0,0,0,0,0,0
370031,2,1,10,0,0,0,4,0,0,0,0,0
370032,1,1,0,0,0,0,18,0,0,0,0,0
370032,2,1,0,0,0,0,0,0,0,0,0,0
370033,0,1,25,0,0,0,0,0,0,0,0,0
370033,1,1,0,0,0,0,0,0,0,0,24,0
370034,1,1,0,0,0,0,0,0,0,0,0,0
370035,0,1,18,18,18,18,18,18,18,18,18,18
370035,1,1,5,0,0,0,0,0,0,0,0,0
370035,2,1,23,0,0,0,0,0,0,0,0,0
370035,3,1,0,0,0,0,10,0,0,0,0,0
370035,4,1,0,0,0,0,0,0,0,0,0,0
370035,5,1,0,0,0,0,0,0,0,0,0,0
370036,1,1,7,0,0,17,0,0,14,8,0,0
370037,1,1,0,0,0,0,0,0,0,0,0,0
370037,2,1,0,0,0,0,0,8,0,0,0,0
370038,1,1,0,0,0,0,0,0,0,0,0,0
370038,2,1,0,0,0,0,0,0,0,0,0,0
370039,1,1,0,0,0,0,0,0,0,0,0,0
370039,2,1,0,0,21,20,12,0,0,0,42,0
370040,1,1,0,0,0,0,0,0,0,0,0,0
370040,2,1,0,0,0,3,0,0,0,0,0,0
370041,1,1,0,0,0,0,0,0,0,0,0,0
370042,1,1,0,0,0,0,0,0,0,0,0,0
370042,2,1,0,0,0,12,0,0,9,0,13,0
370043,1,1,25,19,24,18,6,21,19,31,24,5
370044,1,1,17,17,17,17,17,17,17,17,17,17
370045,1,1,0,0,9,0,0,0,0,0,18,0
370046,1,1,8,8,8,8,8,8,8,8,8,8
370047,0,1,23,23,23,23,23,23,23,23,23,23
370047,1,1,0,0,0,0,0,0,0,0,0,0
370048,1,1,0,0,0,0,0,0,0,0,0,0
370048,2,1,0,0,0,0,0,0,0,0,0,0
370049,0,1,21,21,21,21,21,21,21,21,21,21
370049,1,1,0,22,13,0,17,24,10,16,0,0
370050,1,1,0,0,14,0,0,0,0,0,0,27
370050,2,1,0,0,0,0,0,0,0,0,0,0
370051,0,1,0,0,0,0,0,12,0,0,0,0
370051,1,1,0,0,0,0,0,0,0,0,0,0
370052,1,1,0,0,0,0,0,0,15,0,0,0
370053,0,1,0,0,0,0,0,0,0,0,0,0
370053,1,1,20,11,0,0,0,0,0,0,0,0
370054,1,1,0,0,32,0,0,0,0,0,0,0
370054,2,1,0,1,0,0,0,0,0,0,0,0
370055,1,1,14,14,14,14,14,14,14,14,14,14
370055,2,1,0,0,0,0,0,0,0,0,0,0
370056,1,1,0,0,26,13,0,0,0,0,0,0
370056,2,1,0,0,0,0,0,0,0,0,0,0
370057,0,1,0,0,0,0,0,0,0,20,0,0
370057,1,1,12,0,0,0,0,0,11,0,0,0
370057,2,1,0,0,0,0,0,0,0,0,0,0
370058,0,1,0,0,0,0,0,0,0,0,0,0
370058,1,1,0,0,0,0,0,0,0,0,0,0
370059,1,1,0,0,0,0,0,0,0,0,0,13
370060,1,1,0,0,0,0,0,0,0,0,0,0
370061,1,1,0,0,0,0,0,0,0,0,0,0
370061,2,1,0,0,0,0,0,0,6,0,0,18
370062,1,1,30,30,30,30,30,30,30,30,30,30
370063,1,1,0,0,0,0,0,0,0,0,0,0
370064,1,1,27,27,27,27,27,27,27,27,27,27
370065,0,1,33,11,20,13,18,7,22,15,14,0
370065,1,1,0,0,13,0,0,0,0,0,0,0
370066,1,1,7,7,7,7,7,7,7,7,7,7
370066,2,1,0,0,0,0,0,0,24,0,0,9
370067,1,1,0,0,0,0,0,0,0,0,0,0
370067,2,1,0,0,0,0,0,0,0,0,0,0
370068,1,1,0,0,0,0,0,0,0,0,0,0
370068,2,1,0,0,0,0,0,0,0,0,0,0
370069,1,1,22,22,22,22,22,22,22,22,22,22
370070,0,1,0,0,23,23,36,0,0,15,0,0
370070,1,1,0,0,0,0,0,0,0,0,0,0
370071,0,1,0,0,0,0,12,0,0,0,0,22
370071,1,1,0,0,0,0,0,0,0,0,0,0
370072,1,1,18,18,18,18,18,18,18,18,18,18
370073,1,1,0,0,7,0,0,0,0,0,0,0
370074,1,1,0,0,0,0,0,0,0,0,0,0
370075,1,1,20,20,20,20,20,20,20,20,20,20
370076,1,1,0,0,0,0,14,0,0,17,0,0
370076,2,1,0,0,0,0,0,0,0,0,0,0
370077,1,1,10,10,10,10,10,10,10,10,10,10
370078,1,1,0,0,0,0,0,6,0,0,0,0
370079,0,1,20,20,20,20,20,20,20,20,20,20
370079,1,1,0,0,0,0,0,0,0,0,0,0
370080,0,1,0,0,0,0,0,44,0,24,0,0
370080,1,1,0,16,0,0,0,0,0,0,0,0
370081,1,1,28,0,0,0,0,0,0,0,10,0
370081,2,1,0,13,0,0,0,0,0,0,0,0
370082,1,1,18,12,0,0,0,0,20,20,0,8
370082,2,1,0,7,12,16,0,0,13,24,0,13
370083,1,1,0,0,0,0,0,0,0,0,0,0
370083,2,1,0,0,0,0,0,0,0,0,0,0
370084,1,1,14,14,14,14,14,14,14,14,14,14
370085,0,1,0,10,0,0,0,0,40,0,0,0
370085,1,1,0,0,0,0,0,0,0,0,0,0
370086,1,1,0,0,0,0,0,14,18,11,0,14
370087,1,1,0,0,0,0,0,0,0,0,0,0
370087,2,1,0,0,0,0,0,0,0,0,0,0
370088,1,1,0,0,0,0,0,0,0,0,0,0
370089,1,1,0,0,0,0,0,0,0,0,0,0
370089,2,1,0,0,0,0,0,0,0,0,0,0
370089,3,1,0,0,0,0,0,0,0,0,0,0
370090,1,1,0,9,0,0,0,0,0,0,0,0
370091,1,1,0,0,0,0,0,0,0,0,0,0
370091,2,1,0,0,0,0,0,0,0,0,0,0
370092,1,1,0,0,0,0,0,0,0,0,0,0
370093,1,1,20,9,20,21,0,18,0,0,31,0
370094,1,1,0,0,0,0,0,0,0,0,0,0
370094,2,1,0,0,0,0,0,0,0,0,0,0
370095,1,1,0,0,0,0,0,0,0,0,0,0
370096,1,1,0,0,0,0,0,0,0,0,0,0
370096,2,1,0,0,0,0,0,0,0,0,0,0
370097,0,1,12,12,12,12,12,12,12,12,12,12
370097,1,1,0,0,0,0,0,0,0,0,0,0
370098,0,1,0,0,0,0,0,0,0,0,0,0
370098,1,1,0,0,0,0,0,12,0,7,0,0
370099,0,1,21,0,0,0,0,0,0,0,0,0
370099,1,1,5,22,0,34,0,0,0,0,0,0
370100,1,1,0,0,0,0,0,20,0,0,0,0
370100,2,1,0,0,0,0,0,0,0,0,0,0
370101,0,1,16,20,0,7,24,0,0,0,20,0
370101,1,1,0,26,0,0,0,0,0,0,0,0
370102,1,1,7,7,7,7,7,7,7,7,7,7
370102,2,1,0,0,0,0,0,0,0,0,0,0
370102,3,1,0,0,0,0,0,0,0,0,0,0
370103,1,1,0,0,0,0,0,0,0,0,0,0
370103,2,1,0,0,0,0,0,0,0,0,0,0
370104,1,1,6,0,0,0,0,0,0,0,0,0
370104,2,1,0,0,0,0,0,0,0,0,0,0
370105,1,1,0,0,0,0,0,0,0,0,0,0
370105,2,1,0,0,0,0,0,0,0,0,0,0
370106,1,1,0,0,0,0,0,0,0,0,0,0
370106,2,1,0,0,0,0,0,0,0,0,0,0
370107,0,1,30,30,30,30,30,30,30,30,30,30
370107,1,1,0,0,0,24,0,0,0,0,0,0
370108,0,1,21,12,34,24,32,20,12,11,38,25
370108,1,1,0,0,0,0,0,0,0,0,0,0
370109,1,1,0,0,0,0,0,0,0,0,0,0
370109,2,1,0,0,0,0,0,0,0,0,0,0
370110,1,1,0,0,0,0,0,0,0,0,0,0