ST_CASE,VEH_NO,PER_NO,P1,P2,P3,P4,P5,P6,P7,P8,P9,P10
370410,1,1,0,0,0,0,0,0,0,0,0,0
370410,2,1,0,0,0,0,0,0,0,0,0,0
370411,1,1,0,0,0,27,0,0,0,0,0,0
370411,2,1,0,0,0,0,0,0,0,0,0,0
370411,3,1,0,0,0,0,0,0,0,0,0,0
370412,1,1,0,11,14,0,0,22,0,12,20,25
370413,1,1,28,28,28,28,28,28,28,28,28,28
370414,1,1,0,0,0,0,0,0,0,0,0,0
370414,2,1,12,0,0,0,0,0,0,0,0,0
370414,3,1,0,0,0,0,0,0,0,0,0,0
370414,4,1,0,0,0,0,0,0,0,0,0,0
370415,1,1,0,13,0,0,0,0,36,26,0,0
370416,0,1,0,0,0,0,0,0,0,0,0,0
370416,1,1,0,0,0,0,0,0,0,0,0,0
370417,0,1,12,12,12,12,12,12,12,12,12,12
370417,1,1,0,0,0,0,12,0,0,0,0,0
370418,1,1,0,0,0,0,0,0,0,0,0,0
370419,1,1,7,7,7,7,7,7,7,7,7,7
370420,1,1,0,22,24,0,0,0,37,0,0,0
370421,1,1,0,0,0,0,0,0,0,0,0,0
370422,1,1,0,0,0,0,0,0,0,0,0,0
370422,2,1,0,0,0,0,0,0,0,0,0,0
370423,1,1,13,18,9,24,0,30,10,13,19,13
370424,1,1,15,15,15,15,15,15,15,15,15,15
370424,2,1,8,0,0,0,0,0,0,0,0,0
370424,3,1,0,0,0,0,0,0,0,0,0,0
370425,0,1,27,35,0,7,23,29,22,9,17,12
370425,1,1,0,0,0,0,0,19,0,0,0,0
370426,1,1,0,6,13,0,0,8,0,0,7,0
370426,2,1,0,0,0,0,0,0,0,0,0,0
370427,1,1,0,0,14,0,20,0,0,0,0,0
370428,1,1,15,15,15,15,15,15,15,15,15,15
370429,1,1,21,23,0,18,46,21,0,0,0,0
370430,1,1,0,0,0,0,0,0,0,0,0,0
370430,2,1,0,32,0,0,0,0,0,0,3,27
370431,1,1,16,16,16,16,16,16,16,16,16,16
370432,1,1,0,0,0,0,0,8,0,0,0,0
370432,2,1,0,0,0,0,0,0,0,0,0,0
370433,1,1,18,18,18,18,18,18,18,18,18,18
370434,1,1,0,0,0,0,0,0,0,0,0,0
370434,2,1,6,6,6,6,6,6,6,6,6,6
370435,0,1,23,23,23,23,23,23,23,23,23,23
370435,1,1,19,18,0,0,0,12,7,0,23,29
370436,1,1,5,5,5,5,5,5,5,5,5,5
370437,1,1,0,9,0,0,0,0,0,0,0,0
370438,1,1,0,0,0,13,0,0,13,0,0,0
370438,2,1,0,0,0,0,0,0,0,0,0,0
370439,1,1,0,0,0,0,0,0,0,0,0,0
370439,2,1,0,0,0,0,0,0,0,0,0,0
370440,1,1,0,0,0,0,0,0,0,0,0,0
370440,2,1,0,0,0,0,0,0,0,0,0,0
370441,1,1,0,0,0,0,0,0,0,0,0,0
370441,2,1,18,0,0,0,0,0,0,0,0,0
370442,1,1,21,0,0,0,0,0,0,0,0,0
370442,2,1,0,0,18,0,0,0,0,0,0,0
370443,1,1,0,0,0,0,0,0,0,0,0,0
370443,2,1,0,0,0,0,0,0,0,0,0,0
370444,0,1,0,0,0,0,0,0,0,0,0,0
370444,1,1,0,0,0,0,0,0,0,0,0,0
370445,0,1,0,0,0,0,0,0,0,0,0,0
370445,0,2,0,0,0,0,0,0,0,28,0,0
370445,1,1,0,0,0,0,0,0,0,0,0,0
370445,2,1,0,0,0,0,0,0,0,0,0,0
370446,1,1,13,13,13,13,13,13,13,13,13,13
370447,1,1,25,15,20,0,38,0,0,13,11,0
370448,1,1,0,0,0,0,0,0,0,0,0,0
370449,1,1,0,0,0,0,0,0,0,0,0,0
370449,2,1,0,0,0,0,0,0,0,0,0,0
370450,1,1,37,37,37,37,37,37,37,37,37,37
370451,1,1,0,0,0,0,0,0,0,0,0,0
370451,2,1,0,0,0,0,0,0,0,0,0,0
370452,0,1,0,0,0,10,0,0,0,0,0,0
370452,1,1,9,0,0,0,0,0,0,0,0,0
370453,1,1,7,12,29,10,6,11,9,21,6,10
370454,1,1,3,3,3,3,3,3,3,3,3,3
370455,0,1,0,22,28,0,0,18,24,0,17,27
370455,1,1,0,0,0,0,0,0,0,0,0,0
370456,1,1,0,0,0,0,0,21,0,0,0,0
370456,2,1,0,0,0,0,0,0,15,0,18,0
370457,0,1,26,26,26,26,26,26,26,26,26,26
370457,1,1,0,0,0,0,0,0,0,0,0,0
370458,1,1,0,0,0,0,0,0,0,0,0,0
370459,1,1,26,26,26,26,26,26,26,26,26,26
370460,1,1,0,16,0,0,23,0,0,0,0,20
370460,2,1,8,0,0,6,10,24,0,0,0,0
370460,3,1,0,0,0,0,12,14,0,14,22,25
370461,0,1,39,39,39,39,39,39,39,39,39,39
370461,1,1,0,0,10,0,0,0,0,0,0,0
370462,0,1,27,27,27,27,27,27,27,27,27,27
370462,1,1,0,0,0,0,0,29,0,0,0,0
370463,1,1,19,15,16,15,22,5,9,8,21,22
370463,2,1,0,0,0,0,0,0,0,0,0,0
370464,1,1,0,0,0,0,0,0,0,0,0,0
370464,2,1,0,0,0,0,0,0,0,0,0,0
370465,1,1,0,0,0,0,0,0,0,0,0,0
370466,1,1,0,0,0,0,0,0,0,0,0,0
370467,1,1,0,0,0,0,0,0,0,0,0,0
370467,2,1,0,0,0,0,0,0,0,0,0,0
370468,1,1,21,21,21,21,21,21,21,21,21,21
370469,1,1,17,17,17,17,17,17,17,17,17,17
370470,1,1,0,0,0,0,0,0,0,0,0,0
370470,2,1,30,30,30,30,30,30,30,30,30,30
370471,0,1,0,0,0,0,0,0,0,0,0,0
370471,1,1,0,0,0,0,0,0,0,0,0,0
370472,1,1,0,12,0,0,0,0,0,0,0,0
370472,2,1,0,0,0,0,0,0,0,0,0,0
370472,3,1,0,0,0,0,0,0,0,0,0,0
370473,1,1,0,0,0,0,0,0,0,0,0,0
370473,2,1,0,0,0,0,0,0,0,0,0,0
370474,1,1,28,28,28,28,28,28,28,28,28,28
370474,2,1,0,0,0,0,0,0,0,0,0,0
370474,3,1,0,0,0,10,0,0,0,0,18,0
370475,1,1,0,0,0,0,0,0,0,0,0,0
370475,2,1,0,0,0,0,0,0,0,0,0,0
370476,1,1,13,10,16,0,12,25,12,36,23,24
370477,1,1,0,0,0,0,0,0,0,0,0,0
370477,2,1,0,0,0,0,0,0,0,0,0,0
370478,1,1,0,0,0,18,0,14,10,0,0,20
370479,1,1,13,3,0,0,0,0,0,0,0,0
370479,2,1,0,0,0,0,0,0,0,0,0,0
370480,1,1,6,11,18,0,8,4,26,9,11,14
370480,2,1,7,3,26,17,30,27,13,17,25,0
370481,1,1,19,19,19,19,19,19,19,19,19,19
370482,1,1,0,0,0,0,0,0,0,0,0,0
370482,2,1,18,0,0,8,0,0,0,0,20,0
370483,1,1,0,0,0,0,0,0,0,0,0,0
370484,1,1,8,8,8,8,8,8,8,8,8,8
370485,0,1,0,0,0,0,0,0,0,0,0,0
370485,0,2,17,0,20,3,0,0,38,0,0,0
370485,1,1,25,6,24,0,0,18,5,19,4,16
370486,1,1,6,6,6,6,6,6,6,6,6,6
370487,1,1,21,21,21,21,21,21,21,21,21,21
370487,2,1,0,0,0,0,0,0,0,0,0,0
370488,1,1,0,0,0,0,0,0,0,0,0,0
370489,1,1,0,0,0,0,0,21,0,0,32,0
370490,1,1,0,0,0,0,12,0,0,0,0,0
370491,1,1,0,0,0,0,0,0,0,0,0,0
370491,2,1,0,0,0,0,0,0,6,0,0,0
370492,1,1,0,0,0,0,10,0,0,0,13,0
370493,1,1,10,0,30,8,15,21,19,30,0,15
370494,1,1,0,0,0,0,0,0,0,0,0,0
370494,2,1,0,0,0,0,0,0,0,0,0,0
370495,1,1,0,0,0,18,0,0,0,0,0,0
370496,1,1,0,11,0,0,10,0,0,0,0,0
370496,2,1,0,0,0,0,0,0,0,0,0,0
370497,0,1,10,10,10,10,10,10,10,10,10,10
370497,1,1,0,0,0,0,0,0,0,5,0,0
370498,1,1,0,0,0,0,0,0,0,0,0,0
370498,2,1,0,0,0,0,0,0,0,0,0,0
370499,0,1,0,0,0,0,0,0,0,0,0,0
370499,1,1,9,0,0,0,0,0,0,0,0,0
370500,0,1,0,0,0,0,0,0,0,0,0,0
370500,1,1,0,0,0,0,0,0,0,0,0,0
370501,1,1,0,0,0,0,0,0,0,0,0,0
370501,2,1,0,0,0,0,0,0,0,0,0,0
370502,1,1,33,0,0,27,0,17,0,0,9,32
370502,2,1,0,0,0,0,0,0,0,0,0,0
370503,1,1,0,0,0,0,0,0,0,0,6,0
370504,1,1,13,13,13,13,13,13,13,13,13,13
370505,1,1,0,0,0,0,0,0,0,19,0,0
370506,1,1,0,17,0,0,0,0,0,0,0,0
370507,1,1,16,0,0,0,7,0,0,0,0,0
370507,2,1,0,0,0,4,0,0,0,0,0,0
370508,0,1,0,0,0,0,0,0,0,0,11,0
370508,1,1,0,0,10,0,0,0,0,16,0,14
370509,0,1,0,0,0,0,0,0,0,21,0,0
370509,1,1,0,7,3,0,16,0,19,0,9,13
370510,0,1,6,6,6,6,6,6,6,6,6,6
370510,1,1,0,0,0,0,0,0,0,0,0,0
370511,1,1,17,0,0,0,0,10,0,0,16,0
370512,1,1,0,0,0,0,0,0,0,0,0,0
370513,1,1,0,0,0,0,0,0,0,0,0,0
370514,1,1,0,0,0,0,0,0,0,0,0,0
370515,1,1,12,0,0,0,0,0,0,62,0,0
370516,1,1,0,0,0,10,40,0,0,0,0,0
370517,1,1,19,19,19,19,19,19,19,19,19,19
370518,1,1,17,26,0,0,12,0,0,0,0,29
370519,1,1,0,12,0,16,0,0,0,0,0,0
370520,1,1,0,0,0,14,32,0,0,0,0,0
370521,1,1,24,0,9,0,0,0,0,0,0,0
370521,2,1,0,0,0,0,0,0,0,0,0,0
370522,1,1,15,29,0,12,16,10,12,0,0,4
370523,1,1,19,0,0,0,26,14,11,19,7,0
370524,1,1,7,7,7,7,7,7,7,7,7,7
370526,1,1,0,0,0,0,0,0,0,0,0,0
370526,2,1,0,0,0,0,0,0,0,0,0,0
370527,1,1,27,0,0,0,0,0,16,0,0,19
370527,2,1,0,0,0,0,0,0,0,0,0,0
370528,0,1,0,28,7,18,17,18,45,27,0,4
370528,1,1,0,0,0,0,0,0,16,0,0,0
370528,2,1,0,0,0,27,0,0,0,0,0,0
370528,3,1,0,0,0,0,0,0,0,8,0,0
370529,1,1,0,0,0,26,0,6,0,0,0,0
370529,2,1,0,0,0,0,0,0,0,0,0,0
370529,3,1,0,0,0,0,0,0,0,0,0,0
370530,1,1,0,0,0,0,0,0,14,0,0,0
370531,1,1,0,0,0,0,0,0,0,0,0,0
370532,1,1,15,15,0,18,30,32,14,33,15,21
370533,1,1,25,25,25,25,25,25,25,25,25,25
370534,1,1,0,0,0,0,0,0,0,0,0,0
370534,2,1,0,0,0,24,0,0,11,0,14,19
370535,1,1,0,0,0,0,0,0,0,0,0,0
370536,1,1,12,12,12,12,12,12,12,12,12,12
370537,1,1,18,18,18,18,18,18,18,18,18,18
370538,1,1,0,0,0,0,0,0,0,9,0,0
370538,2,1,9,9,9,9,9,9,9,9,9,9
370539,1,1,0,0,0,0,0,0,0,0,0,0
370539,2,1,0,0,0,0,0,0,0,0,0,0
370540,1,1,0,0,0,0,0,0,0,0,0,0
370541,1,1,18,18,18,18,18,18,18,18,18,18
370542,1,1,0,0,0,0,0,0,0,0,0,0
370543,0,1,47,9,0,0,31,0,29,0,20,0
370543,1,1,9,9,9,9,9,9,9,9,9,9
370544,1,1,0,0,0,0,0,13,0,0,0,0
370544,2,1,0,0,0,0,0,0,0,0,0,0
370545,1,1,0,0,0,0,0,0,0,0,0,0
370545,2,1,0,0,0,0,0,0,0,0,0,0
370546,0,1,5,5,5,5,5,5,5,5,5,5
370546,1,1,0,0,0,0,0,0,0,0,0,0
370547,1,1,5,5,5,5,5,5,5,5,5,5
370548,1,1,0,0,0,0,0,0,0,0,0,0
370548,2,1,0,0,0,0,0,0,0,0,0,0
370549,1,1,0,0,0,0,0,0,0,0,0,0
370549,2,1,0,0,22,0,0,0,0,0,0,0
370549,3,1,0,0,0,0,0,0,0,0,0,0
370550,1,1,16,17,14,14,34,11,0,14,31,19
370551,1,1,0,0,0,0,0,0,0,0,51,0
370551,2,1,0,27,0,0,0,0,0,0,0,0
370552,1,1,0,0,0,0,0,0,0,19,0,0
370552,2,1,0,0,0,0,0,0,0,0,0,0
370553,1,1,0,15,10,16,0,9,6,0,10,0
370554,1,1,0,0,0,0,0,0,0,20,0,0
370554,2,1,0,0,0,0,0,0,0,0,0,0
370555,1,1,25,0,0,0,0,0,0,0,0,0
370556,1,1,19,19,19,19,19,19,19,19,19,19
370557,1,1,36,0,0,0,0,26,32,24,0,0
370558,1,1,0,0,13,0,0,0,0,13,0,31
370559,0,1,19,19,19,19,19,19,19,19,19,19
370559,1,1,0,0,0,0,0,0,0,0,0,0
370560,0,1,0,25,26,22,0,22,0,18,28,0
370560,1,1,0,0,0,0,15,0,0,0,5,0
370561,1,1,0,0,0,0,0,0,0,0,0,0
370562,1,1,0,0,13,0,0,0,0,0,0,20
370562,2,1,0,8,25,0,0,18,0,0,0,0
370563,1,1,0,0,0,0,0,0,0,0,0,0
370564,1,1,0,0,0,0,0,0,0,0,0,0
370565,2,1,30,0,5,17,18,15,24,14,8,16
370566,1,1,0,0,11,0,0,0,0,0,0,0
370566,2,1,0,0,0,0,0,0,0,0,0,0
370567,1,1,12,12,12,12,12,12,12,12,12,12
370568,0,1,16,16,16,16,16,16,16,16,16,16
370568,1,1,0,0,0,0,0,0,0,0,0,0
370569,1,1,0,34,22,12,0,0,0,0,0,0
370569,2,1,0,0,0,16,0,0,0,0,0,0
370570,0,1,10,10,10,10,10,10,10,10,10,10
370570,1,1,0,0,33,0,11,0,0,0,15,0
370571,0,1,15,15,15,15,15,15,15,15,15,15
370571,1,1,11,11,11,11,11,11,11,11,11,11
370572,1,1,14,14,14,14,14,14,14,14,14,14
370573,1,1,14,14,14,14,14,14,14,14,14,14
370574,1,1,0,0,0,0,0,0,0,0,0,35
370575,1,1,0,0,0,0,0,0,0,0,0,0
370575,2,1,9,12,0,0,0,0,0,0,0,0
370576,1,1,0,0,17,0,8,9,0,0,0,0
370576,2,1,0,0,0,0,0,0,0,0,0,0
370576,3,1,0,7,0,14,14,0,0,0,0,15
370577,1,1,0,0,0,0,0,0,25,0,0,0
370577,2,1,0,0,0,0,0,0,0,0,0,0
370578,1,1,0,0,0,0,0,0,0,0,0,0
370578,2,1,0,0,0,0,0,0,0,0,0,0
370579,1,1,0,0,24,0,0,0,0,0,0,0
370579,2,1,0,0,0,0,0,0,0,0,0,0
370580,1,1,0,0,0,0,10,0,0,12,0,0
370580,2,1,0,0,0,0,0,0,0,13,0,0
370581,1,1,0,0,0,0,0,0,0,0,0,0
370581,2,1,9,9,9,9,9,9,9,9,9,9
370582,0,1,0,0,0,0,0,0,0,0,0,0
370582,1,1,0,0,0,0,0,17,0,0,0,0
370583,1,1,0,0,11,0,0,0,25,0,0,0
370584,1,1,0,0,0,0,0,0,0,0,15,21
370584,2,1,0,0,0,0,0,0,0,0,0,0
370584,3,1,0,0,0,0,0,0,0,10,0,0
370585,1,1,0,0,0,0,0,0,0,0,0,0
370586,1,1,20,6,10,0,0,6,0,0,0,15
370586,2,1,0,0,0,0,0,0,0,0,0,0
370587,1,1,0,0,0,0,0,0,0,0,0,0
370587,2,1,0,7,0,0,0,0,16,0,0,0
370588,1,1,0,0,0,26,0,0,0,0,0,0
370589,1,1,21,21,21,21,21,21,21,21,21,21
370590,0,1,24,24,24,24,24,24,24,24,24,24
370590,1,1,18,18,18,18,18,18,18,18,18,18
370591,0,1,0,0,0,8,0,0,15,0,0,0
370591,1,1,30,0,0,0,0,0,0,0,0,0
370592,1,1,0,0,0,0,0,0,0,0,0,0
370592,2,1,0,0,0,0,0,0,0,0,0,0
370593,1,1,0,0,0,0,0,0,0,0,0,14
370594,0,1,15,0,0,9,0,36,0,16,34,35
370594,1,1,0,20,6,19,7,0,10,21,16,10
370595,0,1,0,0,0,11,0,22,0,0,0,0
370595,1,1,21,14,0,0,0,21,0,0,0,0
370596,1,1,0,11,0,0,0,0,17,0,2,13
370596,2,1,7,7,7,7,7,7,7,7,7,7
370597,1,1,0,0,0,0,0,0,0,0,0,0
370597,2,1,0,0,0,0,0,0,0,4,5,0
370598,1,1,23,18,0,0,0,0,0,15,0,0
370598,2,1,0,0,0,0,0,0,14,0,0,6
370599,1,1,0,0,0,0,0,0,0,0,0,0
370599,2,1,0,0,0,0,0,0,0,0,0,0
370600,1,1,0,0,0,0,0,0,0,0,0,0
370600,2,1,0,0,0,0,0,0,0,0,0,0
370601,1,1,0,0,3,0,0,0,0,0,0,0
370602,1,1,8,8,8,8,8,8,8,8,8,8
370603,1,1,0,0,0,0,0,0,0,0,0,32
370604,0,1,0,0,0,0,0,6,17,0,0,0
370604,1,1,0,7,15,0,0,3,17,21,12,0
370605,1,1,10,10,10,10,10,10,10,10,10,10
370605,2,1,0,0,0,0,0,0,0,0,0,0
370606,0,1,0,0,0,0,48,0,0,0,0,0
370606,1,1,0,0,0,0,0,0,0,0,0,0
370607,1,1,0,0,0,0,0,0,0,0,0,0
370607,2,1,0,0,15,0,0,0,0,0,0,0
370607,3,1,0,0,0,0,0,0,0,0,0,0
370607,4,1,0,0,0,0,0,0,0,5,0,22
370608,0,1,0,0,0,0,0,0,0,0,0,0
370608,1,1,0,0,0,0,14,0,0,0,0,0
370609,0,1,6,13,0,0,0,16,0,0,14,20
370609,1,1,0,0,0,0,0,0,0,0,0,0
370610,0,1,0,0,19,0,0,0,0,0,27,0
370610,1,1,15,13,21,10,0,0,47,0,14,0
370611,1,1,0,0,0,0,0,0,0,0,0,0
370611,2,1,0,8,0,0,0,0,0,0,0,0
370612,1,1,0,30,12,0,0,0,0,42,0,0
370612,2,1,0,0,0,0,0,0,0,0,0,0
370613,1,1,17,17,17,17,17,17,17,17,17,17
370614,1,1,0,0,0,0,0,0,0,0,0,0
370614,2,1,0,0,22,0,0,0,0,0,0,0
370615,1,1,12,26,0,0,0,0,0,0,12,0
370616,1,1,0,0,0,0,0,0,0,0,0,0
370617,1,1,0,0,0,0,0,21,17,0,0,0
370618,1,1,0,0,0,0,0,0,0,0,0,0
370618,2,1,0,0,0,0,0,0,0,0,0,0
370619,1,1,13,13,13,13,13,13,13,13,13,13
370620,1,1,11,15,15,26,19,3,16,25,0,14
370621,1,1,0,13,0,0,34,18,0,0,0,0
370622,1,1,0,0,0,11,0,0,0,0,0,0
370622,2,1,0,0,0,0,0,0,0,0,0,0
370622,3,1,0,0,0,0,0,0,0,0,0,0
370622,4,1,0,0,0,0,0,0,0,0,0,0
370622,5,1,0,0,0,0,0,0,13,0,0,0
370623,1,1,19,15,19,10,30,21,13,19,12,19
370624,1,1,0,0,0,0,0,0,0,0,0,0
370624,2,1,0,0,0,0,0,0,0,0,0,0
370625,1,1,18,13,20,10,18,9,0,18,13,24
370625,2,1,0,0,0,5,0,0,0,0,0,0
370626,1,1,0,0,0,0,0,0,0,0,0,0
370626,2,1,9,9,9,9,9,9,9,9,9,9
370627,1,1,7,7,7,7,7,7,7,7,7,7
370628,1,1,25,22,7,0,20,26,0,0,14,0
370629,1,1,0,0,0,9,26,0,0,0,0,6
370629,2,1,0,0,0,0,0,0,0,0,0,0
370630,1,1,34,18,0,25,0,0,0,24,11,0
370631,1,1,0,0,0,0,0,0,0,0,0,0
370632,1,1,25,25,25,25,25,25,25,25,25,25
370632,2,1,0,0,0,0,0,0,0,0,0,0
370633,1,1,0,0,0,0,0,0,0,0,10,0
370633,2,1,0,0,0,0,0,0,0,11,0,0
370634,1,1,26,6,0,38,16,8,7,5,5,27
370635,1,1,21,21,21,21,21,21,21,21,21,21
370636,1,1,0,0,0,0,0,0,0,0,0,0
370636,2,1,0,0,0,0,0,0,0,0,0,0
370637,1,1,0,0,0,0,6,0,0,7,14,0
370638,0,1,0,0,34,0,0,0,0,0,0,0
370638,1,1,21,0,0,0,0,0,20,0,0,0
370639,0,1,12,12,12,12,12,12,12,12,12,12
370639,2,1,0,0,0,0,0,0,0,0,0,0
370640,1,1,0,0,0,0,0,0,0,0,0,0
370640,2,1,0,0,0,0,0,0,0,0,0,0
370641,1,1,12,12,12,12,12,12,12,12,12,12
370641,2,1,0,0,0,14,0,0,0,0,0,0
370642,1,1,0,0,0,0,0,0,0,0,0,0
370642,2,1,0,0,0,0,0,0,0,0,0,0
370643,1,1,0,0,0,0,0,0,0,0,0,0
370644,1,1,7,7,7,7,7,7,7,7,7,7
370645,1,1,27,0,0,0,0,5,0,0,0,0
370646,1,1,0,0,0,5,23,0,0,0,0,0
370646,2,1,0,0,0,0,0,0,0,0,0,0
370647,1,1,0,0,0,0,7,0,0,0,0,0
370647,2,1,0,0,0,0,7,23,0,0,0,0
370648,1,1,22,22,22,22,22,22,22,22,22,22
370649,1,1,0,0,0,0,0,0,0,0,0,5
370650,1,1,0,0,0,0,0,0,0,0,0,0
370650,2,1,0,0,0,0,0,0,0,0,0,0
370651,1,1,0,0,0,0,0,0,0,0,0,0
370652,1,1,0,0,0,0,0,0,0,0,0,14
370652,2,1,0,0,0,0,0,0,0,0,0,0
370653,0,1,24,24,24,24,24,24,24,24,24,24
370653,1,1,17,0,0,10,0,0,15,8,0,0
370654,1,1,0,0,0,0,0,0,0,0,0,0
370654,2,1,0,8,0,0,0,0,0,0,0,0
370655,1,1,8,8,8,8,8,8,8,8,8,8
370655,2,1,0,25,0,0,0,0,0,0,0,0
370656,1,1,17,14,14,30,13,28,22,21,20,2
370658,1,1,0,0,0,0,0,0,0,0,0,0
370658,2,1,0,0,16,0,0,0,0,0,0,0
370658,3,1,0,0,0,0,0,0,0,0,0,0
370659,1,1,11,0,6,0,0,0,25,0,0,0
370659,2,1,0,0,0,0,0,0,0,0,0,0
370660,1,1,13,13,13,13,13,13,13,13,13,13
370661,1,1,0,0,0,0,0,0,0,18,0,0
370661,2,1,0,0,0,0,0,0,0,0,0,0
370662,1,1,0,0,0,0,0,0,0,0,0,0
370663,1,1,19,0,0,0,0,0,0,0,0,0
370663,2,1,0,0,0,0,0,0,0,0,0,0
370664,1,1,0,0,0,0,0,3,0,0,0,0
370664,2,1,0,0,0,0,0,0,0,0,0,0
370665,0,1,0,0,0,0,0,0,0,0,0,0
370665,1,1,0,0,0,0,0,12,29,0,0,9
370666,1,1,7,45,10,22,18,0,10,22,26,15
370666,2,1,0,0,0,0,0,0,0,0,0,0
370666,3,1,0,0,0,0,0,0,17,0,0,0
370666,4,1,0,0,0,0,0,0,0,0,0,0
370667,1,1,0,0,0,0,0,0,0,0,0,0
370668,1,1,13,13,13,13,13,13,13,13,13,13
370668,2,1,0,0,20,0,0,19,9,0,0,0
370669,1,1,0,0,0,0,0,0,0,0,0,0
370669,2,1,0,0,0,0,0,0,0,0,0,0
370670,1,1,6,6,6,6,6,6,6,6,6,6
370671,1,1,0,0,0,0,0,19,35,0,0,0
370672,1,1,13,13,13,13,13,13,13,13,13,13
370673,1,1,0,0,0,0,0,0,0,0,0,0
370674,1,1,0,0,0,0,0,0,0,0,0,0
370675,1,1,20,21,22,27,21,23,6,26,35,16
370676,1,1,10,10,10,10,10,10,10,10,10,10
370676,2,1,0,0,0,0,0,0,0,0,0,0
370676,3,1,0,0,0,0,0,0,0,0,0,0
370677,1,1,0,0,0,0,0,0,0,0,0,0
370677,2,1,0,0,0,0,0,0,0,0,0,0
370678,1,1,19,19,19,19,19,19,19,19,19,19
370678,2,1,0,0,0,0,0,0,0,0,10,0
370679,1,1,0,0,0,0,0,0,0,0,0,0
370679,2,1,0,0,0,0,19,0,0,14,0,30
370680,1,1,0,28,0,0,0,0,24,0,0,0
370681,1,1,18,18,18,18,18,18,18,18,18,18
370681,2,1,0,35,0,0,20,0,0,0,0,0
370682,1,1,15,15,15,15,15,15,15,15,15,15
370683,1,1,7,7,7,7,7,7,7,7,7,7
370684,1,1,0,0,0,0,0,0,0,0,0,0
370684,2,1,0,0,11,0,0,0,0,0,0,0
370684,3,1,0,0,0,0,0,0,0,0,0,0
370685,1,1,13,13,13,13,13,13,13,13,13,13
370686,1,1,18,18,18,18,18,18,18,18,18,18
370687,1,1,0,0,0,0,0,0,0,0,0,0
370688,0,1,0,22,0,34,0,22,0,18,11,0
370688,1,1,0,0,0,0,0,0,0,0,0,0
370689,1,1,20,20,20,20,20,20,20,20,20,20
370690,1,1,0,0,0,0,0,0,0,0,0,0
370690,2,1,0,0,0,0,0,0,0,0,0,0
370691,0,1,13,13,13,13,13,13,13,13,13,13
370691,1,1,0,24,0,0,0,0,0,0,0,9
370692,0,1,26,26,26,26,26,26,26,26,26,26
370692,1,1,0,22,0,7,11,0,6,31,11,7
370693,0,1,27,27,27,27,27,27,27,27,27,27
370693,1,1,0,0,0,0,0,0,0,0,0,0
370694,1,1,0,0,0,0,0,0,0,0,0,0
370695,1,1,0,0,0,0,0,0,0,15,0,0
370695,2,1,0,0,0,0,0,0,0,0,0,0
370696,1,1,0,0,0,0,0,0,0,0,0,0
370696,3,1,0,0,0,6,6,0,0,0,0,0
370697,1,1,26,26,26,26,26,26,26,26,26,26
370698,1,1,0,0,0,0,0,0,0,0,0,0
370698,2,1,11,0,0,0,0,0,0,0,0,0
370699,1,1,0,0,0,12,0,0,36,0,14,0
370699,2,1,0,0,0,0,0,0,0,0,0,0
370700,1,1,0,0,0,31,0,0,0,0,0,21
370700,2,1,16,0,0,24,0,0,0,0,0,0
370701,0,1,0,0,0,0,0,0,0,0,0,0
370701,1,1,0,0,0,0,0,0,0,0,0,0
370702,1,1,11,11,11,11,11,11,11,11,11,11
370703,1,1,0,0,40,0,47,14,0,55,49,0
370704,1,1,0,0,0,0,0,0,33,0,0,0
370705,2,1,26,26,26,26,26,26,26,26,26,26
370706,1,1,26,26,26,26,26,26,26,26,26,26
370707,1,1,2,2,2,2,2,2,2,2,2,2
370707,2,1,0,0,0,0,0,0,0,0,0,0
370708,1,1,0,0,0,0,0,0,0,0,0,0
370709,1,1,0,0,0,0,0,0,23,0,0,0
370709,2,1,4,4,4,4,4,4,4,4,4,4
370710,1,1,20,29,26,12,0,26,9,11,0,19
370711,1,1,0,0,0,0,0,0,0,0,0,0
370712,1,1,13,0,0,20,21,0,32,0,15,17
370713,1,1,35,0,0,0,0,0,0,0,0,0
370713,2,1,0,0,0,0,9,0,0,0,0,0
370714,0,1,0,22,15,0,0,0,0,0,0,0
370714,1,1,0,0,0,0,0,0,0,0,0,0
370715,1,1,0,0,0,0,0,0,21,0,0,0
370715,2,1,2,2,2,2,2,2,2,2,2,2
370716,1,1,24,24,24,24,24,24,24,24,24,24
370716,2,1,0,0,0,0,0,0,0,0,0,0
370717,1,1,9,0,0,0,0,0,0,0,0,0
370717,2,1,0,6,0,15,0,13,0,9,0,24
370718,1,1,0,0,0,0,0,0,0,0,0,0
370718,2,1,0,0,0,0,0,0,0,0,0,0
370719,2,1,0,0,15,0,0,0,0,0,0,0
370720,1,1,0,11,0,0,0,28,0,33,0,0
370721,1,1,12,25,0,0,10,9,0,16,13,0