ST_CASE,VEH_NO,PER_NO,P1,P2,P3,P4,P5,P6,P7,P8,P9,P10
370722,1,1,0,0,0,0,0,0,0,0,0,0
370722,2,1,0,0,0,0,0,0,0,0,0,0
370722,3,1,0,0,0,0,0,0,0,0,0,0
370723,1,1,0,0,0,0,0,0,0,0,0,34
370723,2,1,0,4,14,0,0,11,13,12,0,0
370724,1,1,0,12,15,8,0,0,14,0,37,13
370724,2,1,0,0,0,0,0,0,0,0,0,0
370724,3,1,0,0,0,0,0,0,0,0,0,0
370725,0,1,0,0,0,0,0,0,0,0,0,0
370725,1,1,0,0,0,0,0,0,0,0,0,0
370726,1,1,20,0,0,0,7,0,0,0,0,4
370726,2,1,0,0,0,0,0,0,0,0,0,0
370727,1,1,24,0,2,0,0,14,14,0,0,0
370727,2,1,0,0,0,0,0,0,0,0,0,0
370728,1,1,0,0,0,0,0,0,0,0,0,0
370729,1,1,0,6,0,0,0,13,6,0,0,0
370730,1,1,0,0,0,0,0,0,0,0,0,0
370730,2,1,0,0,15,0,0,0,0,0,0,0
370731,1,1,18,18,18,18,18,18,18,18,18,18
370732,1,1,21,21,21,21,21,21,21,21,21,21
370733,1,1,0,0,0,0,0,0,0,0,0,0
370733,2,1,0,0,0,0,0,0,0,0,0,0
370734,0,1,0,0,0,0,0,0,0,0,0,0
370734,1,1,7,17,8,3,21,12,16,15,17,18
370735,1,1,12,12,12,12,12,12,12,12,12,12
370736,1,1,0,0,0,0,0,0,0,0,0,0
370736,2,1,0,0,0,0,0,0,0,0,0,0
370737,1,1,21,21,21,21,21,21,21,21,21,21
370737,2,1,0,0,23,0,12,0,0,20,0,11
370738,1,1,0,0,0,0,11,0,0,16,0,15
370739,1,1,0,0,0,0,0,0,0,0,0,0
370740,0,1,34,34,34,34,34,34,34,34,34,34
370740,1,1,0,0,0,0,0,0,0,0,0,0
370741,1,1,26,26,26,26,26,26,26,26,26,26
370741,2,1,0,0,0,0,0,0,0,0,0,0
370741,3,1,12,0,0,10,0,19,11,6,0,21
370742,1,1,0,0,0,0,0,0,0,0,0,9
370743,1,1,0,9,27,13,22,3,0,15,20,0
370744,1,1,0,0,0,0,0,0,0,0,0,0
370744,2,1,0,0,0,10,0,0,0,0,0,0
370745,1,1,0,0,0,26,13,0,0,0,0,0
370745,2,1,0,0,0,0,0,0,0,32,0,0
370745,3,1,0,22,0,0,10,0,0,0,14,0
370746,1,1,23,23,23,23,23,23,23,23,23,23
370746,2,1,0,0,0,0,0,0,0,0,0,0
370747,0,1,24,24,24,24,24,24,24,24,24,24
370747,1,1,3,16,14,2,0,7,23,25,2,0
370748,1,1,0,0,26,0,0,0,15,0,16,10
370748,2,1,0,0,0,0,0,0,0,7,0,0
370749,1,1,0,0,9,0,0,0,0,0,0,0
370749,2,1,0,0,0,2,0,0,0,0,0,0
370750,1,1,9,9,9,9,9,9,9,9,9,9
370751,1,1,0,0,0,0,0,0,0,17,0,0
370752,1,1,0,0,0,0,0,0,0,13,0,0
370753,1,1,0,17,0,19,0,0,16,0,0,0
370754,1,1,14,18,19,30,0,32,36,0,0,0
370755,1,1,0,16,0,0,0,0,0,0,0,0
370756,1,1,0,0,0,0,0,0,0,0,0,0
370756,2,1,0,0,0,0,0,0,0,0,0,0
370757,1,1,0,0,0,0,0,0,0,0,0,0
370757,2,1,0,0,0,0,24,0,0,0,0,0
370758,1,1,0,23,0,7,0,0,0,0,0,17
370759,1,1,0,0,0,0,0,0,0,0,0,0
370759,2,1,0,9,0,0,0,0,0,0,0,0
370759,3,1,0,0,0,0,0,0,0,0,0,0
370760,1,1,0,0,0,0,0,0,0,0,0,0
370761,1,1,19,19,19,19,19,19,19,19,19,19
370762,1,1,0,0,23,17,0,0,0,0,0,19
370763,1,1,0,0,0,0,0,0,0,0,0,8
370763,2,1,0,0,0,0,0,0,0,0,0,0
370764,1,1,0,0,0,0,0,0,0,0,0,0
370764,2,1,0,0,0,34,0,0,0,0,0,0
370765,1,1,0,0,0,0,0,0,0,0,0,0
370765,2,1,0,0,21,0,0,0,0,8,0,0
370765,3,1,0,0,0,0,0,0,0,0,0,0
370766,0,1,5,0,0,18,0,0,13,30,0,0
370766,1,1,0,0,0,0,0,0,0,0,5,0
370767,0,1,0,0,0,0,0,0,0,0,0,0
370767,1,1,0,0,0,21,0,0,0,0,0,0
370768,0,1,0,29,0,0,0,0,0,0,0,0
370768,1,1,0,0,0,0,0,0,0,0,0,0
370769,1,1,0,25,12,0,0,0,0,0,0,0
370769,2,1,0,0,0,0,0,0,0,0,0,0
370769,3,1,0,0,29,12,0,17,0,0,0,15
370770,1,1,0,0,0,0,0,18,0,0,0,0
370771,0,1,28,28,28,28,28,28,28,28,28,28
370771,1,1,0,0,0,0,0,0,0,31,0,0
370772,1,1,0,0,4,0,0,0,0,0,0,0
370772,2,1,0,0,0,0,0,17,0,0,0,0
370773,1,1,0,0,0,0,0,0,0,0,0,0
370773,2,1,0,0,0,0,0,0,0,0,0,0
370774,0,1,0,0,17,0,0,33,0,0,0,17
370774,1,1,0,0,0,0,0,0,0,0,11,0
370775,1,1,0,0,0,0,0,0,0,0,0,0
370776,0,1,0,33,7,0,4,0,0,0,0,0
370776,1,1,0,0,0,0,7,0,0,0,0,0
370776,2,1,0,0,0,0,0,0,5,0,0,0
370777,1,1,15,15,15,15,15,15,15,15,15,15
370777,2,1,0,0,0,0,0,0,0,0,0,0
370778,1,1,0,0,0,0,11,17,0,13,32,14
370778,2,1,0,0,0,0,0,0,0,0,0,0
370779,1,1,0,0,0,0,0,0,0,0,0,0
370779,2,1,0,0,0,0,0,0,0,0,0,0
370779,3,1,0,0,0,0,0,0,0,0,0,0
370780,1,1,0,0,0,5,0,0,0,0,0,0
370780,2,1,0,0,0,0,0,0,0,0,0,0
370781,1,1,0,0,0,0,0,0,0,0,0,0
370781,2,1,0,18,0,0,0,0,0,0,0,0
370782,0,1,16,16,16,16,16,16,16,16,16,16
370782,1,1,0,16,0,30,0,11,12,3,26,25
370783,0,1,0,0,0,0,0,0,0,0,0,0
370783,1,1,0,17,15,19,0,17,22,8,0,0
370784,0,1,45,0,13,0,0,0,0,0,0,0
370784,1,1,0,0,0,0,0,0,0,0,0,0
370785,1,1,0,0,19,0,9,0,0,0,0,0
370786,1,1,7,7,7,7,7,7,7,7,7,7
370786,2,1,0,0,0,0,0,0,0,0,0,0
370786,3,1,0,0,0,0,0,0,0,0,0,0
370786,4,1,9,9,9,9,9,9,9,9,9,9
370787,1,1,27,0,0,0,0,0,0,0,0,0
370787,2,1,0,0,0,0,0,0,0,0,0,0
370787,3,1,0,0,0,0,0,0,0,0,0,0
370788,0,1,0,22,0,26,0,0,0,0,0,0
370788,1,1,0,0,0,0,11,0,0,0,0,0
370789,1,1,0,0,0,0,0,0,0,0,0,0
370789,2,1,3,0,0,0,0,0,0,0,0,37
370790,1,1,0,0,0,0,0,0,0,0,0,0
370790,2,1,0,0,0,0,0,0,0,0,0,0
370791,1,1,0,0,0,0,0,0,0,0,0,0
370792,1,1,6,6,6,6,6,6,6,6,6,6
370793,1,1,0,0,0,0,0,0,0,0,0,0
370793,2,1,0,0,0,0,0,0,0,0,0,0
370794,1,1,24,24,24,24,24,24,24,24,24,24
370795,1,1,12,21,22,0,45,10,16,12,20,29
370795,2,1,0,0,0,0,0,0,0,0,0,0
370795,3,1,0,0,0,0,0,0,0,0,0,0
370796,0,1,0,0,0,0,0,0,0,0,0,0
370796,1,1,0,0,0,0,0,0,0,0,0,0
370797,1,1,0,0,0,0,0,0,0,0,0,0
370797,2,1,0,0,0,0,0,0,0,0,0,0
370798,0,1,11,5,18,0,0,0,0,0,0,0
370798,1,1,13,0,0,0,4,0,0,0,5,0
370799,0,1,0,0,0,0,0,0,0,13,0,0
370799,2,1,0,0,0,0,0,0,0,0,0,0
370800,1,1,0,0,0,0,0,0,0,0,0,0
370801,1,1,32,32,32,32,32,32,32,32,32,32
370802,1,1,0,0,0,0,0,0,0,0,0,0
370802,2,1,16,0,0,0,18,0,0,0,0,0
370803,1,1,0,22,0,0,19,22,0,0,0,28
370804,1,1,20,0,0,16,0,7,14,24,18,6
370805,1,1,0,0,0,0,0,0,0,0,0,0
370805,2,1,0,0,0,0,0,0,32,0,0,0
370805,3,1,0,0,0,0,0,0,0,0,0,0
370806,0,1,0,0,0,0,0,0,0,0,17,0
370806,1,1,0,0,0,0,0,0,0,0,0,0
370807,0,1,0,0,0,0,0,0,0,0,0,0
370807,1,1,0,0,0,0,0,0,0,0,0,0
370808,1,1,2,0,0,0,0,0,0,0,0,0
370808,2,1,0,0,0,0,0,0,0,0,0,0
370809,1,1,16,16,16,16,16,16,16,16,16,16
370810,1,1,0,3,7,0,0,0,0,13,0,0
370811,1,1,0,0,0,0,0,0,0,0,0,0
370811,2,1,0,0,0,0,0,0,19,0,0,0
370812,1,1,12,12,12,12,12,12,12,12,12,12
370812,2,1,0,0,0,0,0,0,0,0,0,0
370813,1,1,0,0,0,0,0,0,0,0,0,0
370813,2,1,0,0,0,0,0,0,0,0,0,0
370814,1,1,13,19,4,14,30,7,17,0,29,29
370815,1,1,0,0,13,10,0,0,0,0,7,5
370815,2,1,0,0,0,0,0,0,0,0,0,0
370816,0,1,25,0,0,0,0,0,0,0,13,0
370816,1,1,6,6,6,6,6,6,6,6,6,6
370817,1,1,15,15,15,15,15,15,15,15,15,15
370818,1,1,0,0,0,0,0,0,0,0,0,0
370818,2,1,20,9,3,0,16,0,0,11,0,0
370819,1,1,0,0,0,0,0,0,0,0,0,0
370820,1,1,0,10,19,23,28,0,0,21,0,0
370821,1,1,16,16,16,16,16,16,16,16,16,16
370821,2,1,0,0,0,0,0,0,0,0,0,0
370821,3,1,0,0,0,15,0,0,0,0,0,0
370822,1,1,0,0,0,0,0,0,0,0,0,9
370822,2,1,0,0,0,0,0,8,0,12,0,5
370823,1,1,0,0,0,0,0,0,0,0,0,0
370825,1,1,19,19,19,19,19,19,19,19,19,19
370827,1,1,10,0,0,0,0,0,26,28,0,0
370828,1,1,20,20,20,20,20,20,20,20,20,20
370828,2,1,0,0,0,0,14,6,8,14,0,3
370829,1,1,0,0,0,0,0,0,0,0,0,0
370829,2,1,0,0,0,0,0,0,0,0,0,0
370830,1,1,0,0,0,0,0,0,0,0,0,0
370830,2,1,0,0,0,0,0,0,0,0,0,0
370831,1,1,0,0,0,0,0,0,0,0,0,0
370832,1,1,0,0,0,0,0,0,0,0,0,0
370832,2,1,0,0,0,0,0,0,0,0,0,0
370833,1,1,0,0,0,0,0,5,0,0,0,0
370833,2,1,0,0,0,0,0,0,0,0,0,0
370834,1,1,0,0,0,0,0,0,0,0,0,0
370835,1,1,0,0,0,0,0,0,0,0,0,0
370835,2,1,0,0,0,0,0,0,0,0,0,0
370836,0,1,24,23,26,30,18,13,15,29,11,35
370836,1,1,0,0,14,0,0,0,3,0,0,0
370837,1,1,9,10,17,23,7,25,31,31,11,6
370838,1,1,22,22,22,22,22,22,22,22,22,22
370839,1,1,0,0,0,0,0,0,0,0,34,0
370840,0,1,0,0,0,0,0,0,0,0,0,0
370840,1,1,0,18,0,0,25,0,0,0,0,0
370841,1,1,7,7,7,7,7,7,7,7,7,7
370842,1,1,0,0,0,0,0,0,0,0,0,0
370842,2,1,0,0,0,0,0,0,0,0,0,0
370843,1,1,26,26,26,26,26,26,26,26,26,26
370844,0,1,0,0,0,0,32,16,19,0,53,10
370844,1,1,0,0,0,0,0,0,0,0,0,0
370845,1,1,0,5,0,0,0,0,10,0,0,0
370846,0,1,0,0,0,0,0,0,0,0,14,0
370846,1,1,0,0,0,0,0,0,0,0,0,0
370847,1,1,0,0,0,0,0,0,0,0,0,8
370847,2,1,0,0,0,0,0,10,0,0,0,32
370848,0,1,21,21,21,21,21,21,21,21,21,21
370848,1,1,0,0,23,0,0,0,0,0,0,2
370849,0,1,0,0,0,13,18,0,0,0,0,0
370849,1,1,0,0,0,0,0,0,21,0,0,4
370850,1,1,0,0,0,5,4,0,0,0,0,0
370851,1,1,0,0,0,0,0,0,0,0,0,0
370851,2,1,0,0,0,0,0,0,16,0,0,0
370852,1,1,0,0,0,0,0,0,0,0,0,0
370852,2,1,0,0,0,0,0,0,0,0,0,0
370853,1,1,0,0,0,0,0,0,0,0,0,0
370853,2,1,0,0,0,0,0,0,0,0,0,0
370854,1,1,0,0,0,0,0,0,0,0,0,0
370854,2,1,0,0,0,10,0,0,0,0,0,5
370855,1,1,23,23,23,23,23,23,23,23,23,23
370856,1,1,0,0,0,0,0,0,0,0,0,0
370857,1,1,0,0,0,0,0,0,0,2,0,0
370857,2,1,0,0,0,0,0,0,0,0,0,0
370857,3,1,0,0,0,0,17,0,7,0,0,0
370857,4,1,0,0,0,0,0,0,0,0,0,0
370857,5,1,0,0,0,0,0,0,0,0,0,0
370858,1,1,0,17,23,0,13,0,0,17,0,14
370859,1,1,0,0,0,0,0,0,0,0,0,0
370859,2,1,0,0,0,0,0,0,0,0,0,0
370860,1,1,0,0,0,0,0,0,0,0,0,0
370861,1,1,0,0,0,0,0,0,0,0,0,0
370862,1,1,0,0,0,0,0,0,0,2,0,0
370862,2,1,0,0,0,0,0,0,0,0,0,0
370863,1,1,0,0,9,0,0,0,0,0,0,0
370864,1,1,0,0,0,0,0,0,0,0,0,0
370864,2,1,0,0,0,0,0,0,0,0,0,0
370865,1,1,23,23,23,23,23,23,23,23,23,23
370866,1,1,24,24,24,24,24,24,24,24,24,24
370867,1,1,13,13,13,13,13,13,13,13,13,13
370867,2,1,0,0,0,0,0,0,0,0,0,11
370868,1,1,33,0,0,0,0,0,0,0,0,0
370869,1,1,0,0,0,0,0,0,0,0,0,0
370869,2,1,0,0,0,0,0,0,0,0,0,0
370870,1,1,19,19,19,19,19,19,19,19,19,19
370871,1,1,19,19,19,19,19,19,19,19,19,19
370872,1,1,22,15,32,17,38,24,29,6,8,2
370873,1,1,0,0,0,0,0,0,0,0,0,0
370873,2,1,0,0,0,0,0,0,0,0,0,0
370874,1,1,13,13,13,13,13,13,13,13,13,13
370874,2,1,0,0,0,0,0,0,0,0,0,0
370874,3,1,0,0,0,0,10,0,0,0,0,0
370875,1,1,26,26,26,26,26,26,26,26,26,26
370876,1,1,0,0,0,0,0,0,0,0,0,0
370876,2,1,0,0,0,0,0,22,0,0,0,12
370877,1,1,20,0,0,0,23,13,19,0,0,0
370878,1,1,0,0,0,0,0,0,0,0,0,0
370878,2,1,0,0,0,0,0,0,0,0,0,0
370879,1,1,0,0,0,0,0,0,0,0,0,0
370879,2,1,0,0,0,0,0,0,0,0,0,0
370880,1,1,0,0,8,0,0,0,0,0,0,0
370880,2,1,0,0,0,0,0,0,0,0,0,0
370881,1,1,0,0,19,0,0,0,21,13,2,0
370882,1,1,27,15,0,0,0,17,0,37,0,0
370883,1,1,0,0,0,0,0,0,0,0,0,0
370883,2,1,0,0,0,0,0,0,0,0,0,0
370884,1,1,0,0,0,0,0,0,0,0,0,0
370884,2,1,0,0,14,0,0,0,0,0,0,0
370885,1,1,0,0,9,8,0,0,27,16,0,0
370885,2,1,0,0,0,0,29,0,0,0,0,0
370886,0,1,0,0,0,0,14,0,30,0,0,0
370886,1,1,0,0,0,0,0,0,0,0,0,0
370887,1,1,16,16,16,16,16,16,16,16,16,16
370888,1,1,0,0,0,0,0,0,0,0,0,0
370888,2,1,0,0,0,0,0,0,0,0,0,0
370889,1,1,0,0,0,0,0,0,0,0,0,0
370889,2,1,14,14,14,14,14,14,14,14,14,14
370890,0,1,32,0,0,18,0,0,24,18,0,17
370890,1,1,0,0,0,0,0,0,0,0,0,21
370891,1,1,0,0,0,0,0,0,0,0,0,20
370892,1,1,0,0,0,0,0,0,0,0,23,0
370893,1,1,0,0,0,0,0,12,0,0,0,0
370894,0,1,8,8,8,8,8,8,8,8,8,8
370894,1,1,0,0,11,0,0,0,0,16,0,0
370895,0,1,0,0,0,0,0,0,0,0,0,0
370895,1,1,16,5,22,16,26,16,9,11,0,19
370895,2,1,0,0,0,0,0,0,0,0,0,0
370896,0,1,0,0,0,0,0,0,0,0,0,0
370896,1,1,0,0,0,0,0,0,0,0,0,0
370897,1,1,2,2,2,2,2,2,2,2,2,2
370897,2,1,0,0,0,0,0,0,0,0,0,0
370898,1,1,0,0,0,0,0,0,0,0,0,0
370898,2,1,0,0,0,0,18,0,0,0,0,0
370899,1,1,0,0,0,0,0,0,0,0,0,0
370899,2,1,0,0,0,0,16,0,0,0,0,0
370899,3,1,0,0,0,0,0,0,0,0,0,0
370899,4,1,0,0,0,0,0,0,0,0,0,0
370899,5,1,0,0,0,0,0,0,0,0,0,0
370899,6,1,0,0,0,0,0,0,0,0,0,16
370899,7,1,0,0,0,0,0,0,0,0,0,0
370900,1,1,0,0,0,0,0,0,0,0,0,0
370901,1,1,0,0,0,0,0,0,0,0,0,0
370902,1,1,0,0,0,0,0,0,0,0,0,0
370902,2,1,0,0,0,0,0,0,0,0,0,0
370903,1,1,11,11,23,22,8,26,11,22,21,37
370904,1,1,0,0,0,0,0,0,0,35,11,19
370904,2,1,0,0,0,0,0,0,0,0,0,0
370905,1,1,0,0,0,0,0,0,0,0,0,0
370905,2,1,0,0,0,0,0,0,23,0,0,0
370906,1,1,45,4,25,32,0,15,0,7,9,0
370907,1,1,0,0,0,0,0,0,0,0,0,0
370907,2,1,0,0,0,0,0,0,0,0,13,0
370908,0,1,0,0,0,0,0,0,0,0,0,0
370908,1,1,0,0,0,0,0,0,0,0,0,0
370909,1,1,15,0,8,2,0,0,11,0,0,0
370909,2,1,0,0,0,0,0,0,0,0,0,0
370910,1,1,0,0,0,0,0,0,0,0,0,0
370910,2,1,0,0,0,0,0,0,0,0,0,0
370911,1,1,31,31,31,31,31,31,31,31,31,31
370912,1,1,22,22,22,22,22,22,22,22,22,22
370913,0,1,5,28,0,31,0,31,0,34,22,0
370913,1,1,0,0,0,0,0,0,0,0,0,0
370914,1,1,24,0,30,15,0,0,22,7,0,7
370914,2,1,0,7,0,0,0,0,0,0,21,10
370914,3,1,0,0,0,0,0,24,0,0,0,0
370915,1,1,0,0,0,0,0,0,0,0,0,0
370915,2,1,0,0,0,0,0,0,0,0,0,0
370916,1,1,0,0,0,0,0,0,0,0,0,0
370916,2,1,0,0,0,0,0,0,5,0,0,0
370916,3,1,0,0,0,0,0,0,0,0,0,0
370917,1,1,15,15,15,15,15,15,15,15,15,15
370918,1,1,0,0,0,0,0,0,17,0,0,0
370919,1,1,22,22,22,22,22,22,22,22,22,22
370919,2,1,0,0,0,0,0,0,0,0,0,0
370920,1,1,0,0,0,0,0,0,0,0,0,0
370921,1,1,0,0,0,0,0,0,0,0,0,0
370922,1,1,0,0,0,0,0,0,0,0,0,0
370922,2,1,0,0,0,0,0,0,0,0,0,0
370923,1,1,0,0,0,0,0,0,0,0,0,0
370924,1,1,0,0,0,0,0,0,0,0,0,0
370925,1,1,19,0,11,0,10,0,11,12,0,0
370926,0,1,0,27,0,0,0,0,0,0,10,0
370926,1,1,0,0,0,0,0,0,0,0,26,0
370927,1,1,15,23,11,26,18,20,27,7,0,23
370928,1,1,0,0,0,15,0,0,0,0,24,0
370929,1,1,0,0,0,0,0,0,0,0,0,0
370929,2,1,0,0,0,0,0,0,0,0,0,0
370930,1,1,18,18,18,18,18,18,18,18,18,18
370931,1,1,18,18,18,18,18,18,18,18,18,18
370933,0,1,0,0,28,0,0,0,0,0,0,0
370933,2,1,0,0,0,0,0,0,0,0,0,0
370934,0,1,0,0,0,0,0,0,0,0,0,29
370934,1,1,15,0,11,0,0,0,0,0,0,0
370935,1,1,0,0,0,0,0,0,0,0,0,0
370935,2,1,0,0,0,0,6,0,0,0,0,0
370935,3,1,0,0,0,0,0,0,0,0,0,0
370935,4,1,0,0,0,0,0,0,0,0,0,0
370936,1,1,0,0,0,0,0,0,0,0,0,0
370937,0,1,0,0,0,0,0,0,0,0,0,0
370937,1,1,0,0,0,0,0,0,0,0,0,0
370938,0,1,0,25,0,0,0,0,0,3,0,0
370938,1,1,22,22,22,22,22,22,22,22,22,22
370939,1,1,13,13,13,13,13,13,13,13,13,13
370940,1,1,0,0,0,0,0,0,0,0,0,0
370940,2,1,0,0,0,0,0,0,0,0,0,0
370941,0,1,0,0,9,0,0,26,11,0,12,0
370941,1,1,0,0,0,0,0,11,0,0,0,0
370942,0,1,24,24,24,24,24,24,24,24,24,24
370942,1,1,0,0,0,0,0,0,0,7,0,0
370943,1,1,16,3,3,17,7,9,10,0,19,12
370943,2,1,0,0,0,0,0,0,0,0,0,0
370944,1,1,0,21,0,17,0,0,0,0,0,0
370944,2,1,0,0,0,0,0,0,0,0,0,0
370945,1,1,13,13,13,13,13,13,13,13,13,13
370945,2,1,0,0,0,0,0,0,0,0,0,0
370945,3,1,0,0,0,0,0,0,0,0,0,0
370946,1,1,0,0,0,0,0,0,0,0,0,0
370946,2,1,0,0,0,0,0,0,0,0,0,0
370947,1,1,0,0,0,0,0,0,0,0,0,0
370947,2,1,0,0,0,0,0,0,0,0,0,0
370948,1,1,0,0,0,0,0,0,0,0,0,0
370948,2,1,0,0,0,0,0,0,0,0,0,0
370949,1,1,0,0,0,0,0,0,0,0,0,0
370949,2,1,0,0,0,0,0,0,0,0,0,20
370950,1,1,18,0,0,0,0,0,0,13,0,7
370950,2,1,0,0,0,0,0,0,0,0,16,0
370951,1,1,0,0,0,0,15,0,0,0,0,0
370951,2,1,0,0,0,0,0,0,0,0,0,0
370952,1,1,9,0,0,32,15,0,0,0,0,0
370952,2,1,0,0,0,0,0,0,0,0,0,0
370953,0,1,0,0,6,28,22,15,29,16,48,11
370953,1,1,0,0,0,0,0,0,0,0,0,0
370954,0,1,10,10,10,10,10,10,10,10,10,10
370954,1,1,0,0,0,0,0,0,0,0,0,0
370955,1,1,0,0,0,0,0,0,0,0,0,0
370956,0,1,0,0,0,0,0,0,0,0,0,0
370956,1,1,0,0,0,0,0,0,0,0,0,0
370957,0,1,0,0,0,0,0,0,0,0,0,0
370957,1,1,0,0,0,0,0,0,0,0,0,5
370958,1,1,22,0,0,0,0,0,0,0,0,0
370958,2,1,0,0,0,0,0,0,11,0,0,5
370959,1,1,0,0,0,0,0,0,0,0,0,0
370960,1,1,0,0,0,0,0,0,0,0,0,10
370961,1,1,0,0,0,0,0,0,0,0,0,0
370962,1,1,0,0,0,0,0,0,0,0,0,0
370962,2,1,0,0,0,0,0,0,0,0,0,0
370963,0,1,0,0,0,0,0,0,0,0,0,0
370963,1,1,0,0,0,0,0,0,0,0,0,0
370964,1,1,0,0,0,19,0,0,0,0,0,0
370964,2,1,0,0,0,0,0,0,0,0,0,0
370965,1,1,0,0,0,0,15,0,0,10,0,22
370965,2,1,17,17,17,17,17,17,17,17,17,17
370966,1,1,0,0,9,10,0,0,0,15,0,0
370966,2,1,10,10,10,10,10,10,10,10,10,10
370967,1,1,0,0,0,0,0,0,0,0,0,0
370967,2,1,0,0,0,0,0,0,0,0,0,0
370968,1,1,0,0,19,0,0,0,0,0,0,0
370969,1,1,17,17,17,17,17,17,17,17,17,17
370969,2,1,0,0,0,0,0,19,0,0,0,0
370969,3,1,0,14,0,0,0,0,0,0,0,0
370970,1,1,0,0,30,0,0,0,0,0,0,0
370971,1,1,0,29,0,0,0,0,37,0,0,38
370971,2,1,0,0,0,0,0,0,0,0,0,0
370972,1,1,24,24,24,24,24,24,24,24,24,24
370973,1,1,0,0,0,0,0,0,0,0,0,0
370974,0,1,0,0,47,0,0,0,0,0,0,0
370974,1,1,16,14,11,24,16,25,0,9,7,16
370975,1,1,0,0,19,0,0,0,0,0,0,0
370975,2,1,0,0,0,0,0,0,0,0,0,0
370976,1,1,0,0,0,0,0,0,0,0,0,0
370976,2,1,0,4,0,0,0,0,0,0,0,0
370976,3,1,0,0,0,0,0,0,0,0,0,0
370977,0,1,0,0,0,0,0,0,0,30,0,0
370977,1,1,0,0,0,0,16,0,0,0,0,0
370978,1,1,0,0,0,0,0,0,0,0,0,0
370979,1,1,0,0,0,0,0,0,0,0,0,0
370980,0,1,0,0,0,0,0,0,0,0,0,0
370980,1,1,0,0,0,0,0,0,0,0,0,0
370981,1,1,0,0,0,0,0,0,0,0,0,0
370981,2,1,0,0,0,0,0,0,0,0,0,0
370982,0,1,30,30,30,30,30,30,30,30,30,30
370982,1,1,8,25,0,9,0,0,25,0,19,0
370983,1,1,0,0,0,0,0,0,0,0,0,0
370984,1,1,0,0,0,0,0,0,0,0,0,0
370984,2,1,0,0,0,0,0,0,0,0,0,0
370984,3,1,0,0,0,0,0,0,0,0,0,0
370985,1,1,0,0,0,0,0,0,0,0,0,0
370986,0,1,8,48,17,19,21,7,7,5,32,0
370986,1,1,0,0,0,0,0,0,0,0,0,0
370987,0,1,0,0,0,0,0,0,0,0,0,0
370987,1,1,0,20,28,16,0,15,33,0,20,19
370988,1,1,0,0,0,0,0,0,0,0,0,0
370988,2,1,0,0,0,0,0,0,0,0,0,0
370989,1,1,15,2,0,0,3,0,0,0,13,0
370989,2,1,0,0,20,10,0,0,13,0,0,0
370990,1,1,0,0,14,0,0,0,0,0,0,0
370991,1,1,0,0,10,8,16,0,3,0,0,8
370992,1,1,0,0,0,0,14,0,9,0,0,0
370992,2,1,0,0,0,0,0,0,0,0,0,0
370993,1,1,8,0,0,0,0,0,0,0,2,0
370993,2,1,0,0,0,0,0,0,0,0,0,0
370994,1,1,17,20,15,0,0,26,25,41,13,8
370995,1,1,0,0,0,0,0,0,0,0,0,0
370995,2,1,3,3,3,3,3,3,3,3,3,3
370996,0,1,0,0,0,0,0,0,0,0,0,0
370996,1,1,0,0,0,0,0,0,0,0,0,0
370997,1,1,0,0,0,0,0,0,0,0,0,0
370997,2,1,0,0,0,0,0,0,0,0,0,0
370998,1,1,0,0,0,0,0,0,0,0,0,0
370998,2,1,9,9,9,9,9,9,9,9,9,9
370998,3,1,9,9,9,9,9,9,9,9,9,9
370999,1,1,15,15,15,15,15,15,15,15,15,15
371000,1,1,0,0,0,0,0,0,0,0,0,0
371000,2,1,0,0,0,0,0,0,0,0,0,0
371001,1,1,0,0,20,0,0,0,0,0,0,0
371001,2,1,0,0,0,0,0,0,0,0,0,0
371002,0,1,7,7,7,7,7,7,7,7,7,7
371002,1,1,6,26,11,18,38,18,18,38,11,27
371003,1,1,0,0,0,0,0,0,0,0,0,0
371003,2,1,0,0,0,0,0,0,0,0,0,0
371004,1,1,0,0,0,16,0,0,0,0,0,0
371005,1,1,20,0,0,0,0,0,0,0,0,0
371006,0,1,0,0,0,0,0,0,0,0,0,0
371006,1,1,0,0,0,0,0,0,0,0,0,0
371006,2,1,0,0,0,0,0,0,0,0,0,0
371007,1,1,10,10,10,10,10,10,10,10,10,10
371008,1,1,0,0,0,0,0,0,13,0,0,0
371008,2,1,0,0,0,0,0,0,0,0,0,0
371009,1,1,0,0,0,0,0,0,0,0,0,0
371009,2,1,21,21,21,21,21,21,21,21,21,21
371010,1,1,20,20,20,20,20,20,20,20,20,20
371011,1,1,0,0,0,0,0,16,0,0,0,0
371012,0,1,18,18,18,18,18,18,18,18,18,18
371012,1,1,17,16,0,25,0,0,0,0,0,0
371013,1,1,0,0,0,0,0,10,0,0,0,0
371013,2,1,0,17,4,0,6,0,16,0,0,12
371014,0,1,0,0,0,0,0,33,8,0,0,0
371014,1,1,0,0,0,0,0,0,18,0,0,17
371015,0,1,0,0,29,26,0,0,13,6,0,0
371015,1,1,0,0,0,0,0,0,0,0,0,0
371016,1,1,0,0,0,0,0,0,0,0,0,0