ST_CASE,VEH_NO,PER_NO,P1,P2,P3,P4,P5,P6,P7,P8,P9,P10
371311,3,1,0,0,0,0,0,0,0,0,0,0
371312,1,2,7,22,0,0,0,11,15,0,2,16
371313,1,1,0,0,19,0,0,0,0,0,0,0
371313,2,1,0,0,0,0,0,0,0,0,0,0
371314,2,1,0,0,0,3,0,9,0,0,0,0
371315,1,1,0,0,11,0,22,0,0,0,0,0
371315,2,1,0,0,0,0,0,0,0,0,0,0
371315,3,1,0,0,0,0,0,0,0,0,0,0
371315,4,1,0,0,0,0,0,0,0,0,0,0
371316,1,1,0,0,0,0,0,0,0,0,0,0
371316,2,1,0,0,0,0,0,0,0,0,0,0
371316,3,1,0,0,0,0,0,0,0,0,0,0
371317,1,1,15,6,0,0,0,0,0,0,0,0
371318,1,1,0,0,0,0,0,0,0,0,0,0
371319,1,1,0,0,0,0,0,0,0,0,0,0
371319,2,1,0,0,0,0,0,0,0,0,0,0
371319,3,1,0,0,0,0,0,0,0,0,0,0
371320,0,1,21,21,21,21,21,21,21,21,21,21
371320,1,1,0,0,0,0,0,0,0,0,0,19
371321,1,1,11,11,11,11,11,11,11,11,11,11
371321,2,1,0,0,0,0,0,0,0,0,0,0
371322,1,1,0,0,0,0,0,0,0,0,0,0
371323,1,1,0,0,0,0,0,0,6,0,0,0
371323,2,1,0,0,0,0,12,0,0,16,0,0
371324,1,1,12,26,14,38,14,12,13,0,8,20
371325,1,1,0,3,0,0,0,0,0,0,0,0
371326,0,1,40,13,20,27,40,31,30,10,25,23
371326,1,1,0,0,0,0,0,0,0,0,0,0
371327,1,1,0,0,21,0,0,0,0,0,0,0
371327,2,1,0,0,0,0,0,0,0,0,0,0
371328,0,1,0,0,0,0,0,0,0,0,0,24
371328,1,1,0,0,0,0,0,0,0,0,0,0
371329,1,1,0,0,0,0,0,0,0,0,0,0
371329,2,1,0,0,0,0,0,0,0,0,0,0
371330,1,1,12,12,12,12,12,12,12,12,12,12
371331,1,1,0,0,0,0,0,0,0,0,0,0
371331,2,1,0,0,0,0,0,0,0,0,0,0
371331,3,1,0,15,0,0,0,0,0,0,0,0
371331,4,1,0,0,0,0,0,0,0,0,0,0
371332,0,1,34,34,34,34,34,34,34,34,34,34
371332,1,1,0,0,27,0,0,0,0,0,0,0
371333,0,1,0,0,0,0,0,0,0,26,10,0
371333,1,1,0,0,13,0,0,14,6,4,14,0
371334,1,1,22,22,22,22,22,22,22,22,22,22
371335,1,1,0,0,0,0,0,0,10,0,0,0
371335,2,1,0,0,0,0,0,0,0,10,0,0
371335,3,1,0,0,0,0,0,0,0,5,0,0
371336,1,1,0,0,0,0,0,0,0,30,0,0
371336,2,1,0,0,0,0,15,0,0,0,0,6
371336,3,1,0,0,0,0,0,0,0,0,0,0
371337,0,1,0,0,0,0,0,0,0,0,0,0
371337,1,1,0,0,0,0,0,0,0,0,0,0
371338,0,1,0,0,18,0,0,0,0,0,0,0
371338,2,1,0,0,0,0,0,0,0,0,0,0
371339,1,1,0,0,0,0,0,13,0,0,19,0
371339,2,1,0,0,0,0,0,0,0,0,0,0
371340,1,1,0,0,0,0,0,0,0,0,0,0
371341,1,1,0,0,0,0,0,0,24,0,0,0
371342,1,1,5,5,5,5,5,5,5,5,5,5
371343,1,1,14,0,11,0,0,23,0,0,14,0
371344,0,1,0,0,0,0,8,7,0,0,0,0
371344,1,1,23,11,0,0,0,22,16,0,19,0
371345,0,1,22,24,29,20,18,25,22,14,0,0
371345,1,1,0,0,0,0,0,0,0,0,0,0
371346,1,1,0,0,0,31,0,0,16,0,0,0
371346,2,1,0,0,0,0,0,0,0,0,0,0
371347,1,1,0,0,0,0,0,0,0,0,0,0
371347,2,1,0,0,0,0,0,0,7,0,0,0
371348,1,1,0,0,0,0,15,0,0,0,0,0
371348,2,1,0,0,19,0,0,0,0,0,0,0
371349,1,1,0,0,0,0,0,7,0,0,0,0
371349,2,1,16,5,0,0,0,0,0,0,0,0
371350,1,1,27,11,20,0,0,0,0,0,14,17
371351,0,1,0,0,0,0,7,0,0,18,0,21
371351,1,1,0,0,13,0,0,0,0,0,0,0
371352,0,1,19,17,13,8,22,16,42,7,6,0
371352,1,1,0,0,0,0,0,0,0,0,0,0
371352,2,1,0,0,0,0,0,0,0,0,0,0
371353,1,1,0,0,0,0,0,0,0,0,0,0
371353,2,1,0,0,0,0,0,0,0,0,0,0
371354,1,1,0,0,0,0,0,8,5,11,33,0
371354,2,1,0,0,0,0,0,0,0,0,0,0
371355,1,1,0,0,0,0,0,0,0,0,0,32
371355,2,1,16,4,0,0,0,0,0,0,26,0
371356,1,1,17,15,0,0,0,15,0,8,0,0
371357,0,1,21,21,40,25,19,27,18,21,0,13
371357,1,1,0,0,0,0,0,0,0,0,0,0
371358,1,1,0,6,28,0,0,21,0,34,2,0
371359,1,1,11,8,19,19,26,8,28,16,18,22
371360,0,1,0,0,0,0,0,0,0,0,0,0
371360,0,2,0,0,0,0,0,0,0,12,0,0
371360,1,1,0,0,0,0,0,0,0,0,0,0
371361,1,1,0,0,0,0,0,0,0,0,0,0
371361,2,1,0,0,0,0,0,0,0,0,0,0
371362,1,1,0,15,0,0,0,0,0,0,0,19
371362,2,1,0,13,0,0,0,0,0,0,0,0
371363,1,1,31,13,12,5,29,26,24,14,10,18
371363,2,1,0,0,0,0,38,19,0,0,0,21
371364,1,1,0,0,0,0,0,0,0,0,0,0
371364,2,1,0,0,0,0,0,0,0,0,0,0
371365,1,1,0,0,0,0,0,0,0,0,0,0
371365,2,1,0,0,0,0,0,0,0,0,0,0
371366,0,1,0,0,16,0,0,0,0,9,0,0
371366,1,1,6,6,6,6,6,6,6,6,6,6
371367,0,1,0,0,0,46,0,28,8,0,0,0
371367,1,1,19,18,12,5,5,0,23,13,14,11
371368,1,1,0,0,7,0,0,8,9,0,0,0
371368,2,1,0,0,0,0,0,0,0,0,0,0
371369,1,1,0,0,0,0,0,0,0,0,0,0
371369,2,1,0,0,0,0,0,0,0,0,0,0
371370,0,1,0,0,0,0,0,0,0,6,0,0
371370,1,1,0,0,0,0,0,0,0,0,0,0
371371,0,1,19,18,13,10,15,12,12,23,10,11
371371,1,1,19,22,0,15,17,0,19,0,15,21
371372,1,1,0,24,0,0,0,0,0,0,0,0
371373,1,1,0,0,0,0,0,0,0,0,0,0
371374,0,1,17,0,0,0,0,0,0,0,0,29
371374,1,1,0,0,0,0,0,0,0,0,0,0
371375,0,1,31,0,0,0,0,0,0,0,17,0
371375,1,1,0,0,0,0,0,0,0,0,0,0
371376,1,1,0,0,0,0,0,0,0,0,0,0
371376,2,1,0,0,0,0,0,0,0,0,0,0
371377,1,1,0,0,0,0,0,0,0,0,0,0
371377,2,1,0,0,0,0,0,0,0,0,0,0
371378,0,1,0,40,14,7,13,0,13,6,19,23
371378,1,1,0,0,0,0,0,0,0,0,0,0
371379,1,1,19,19,19,19,19,19,19,19,19,19
371380,1,1,0,0,0,0,0,0,0,22,15,0
371381,1,1,10,10,10,10,10,10,10,10,10,10
371382,1,1,3,3,3,3,3,3,3,3,3,3
371383,1,1,0,0,0,13,0,0,0,0,0,19
371383,2,1,0,0,0,0,0,0,0,0,0,0
371384,0,1,0,0,0,0,0,22,0,0,0,0
371384,1,1,0,0,0,0,0,0,0,0,0,0
371386,1,1,0,0,0,0,0,0,0,0,0,0
371386,2,1,0,0,0,0,0,0,0,0,0,0
371387,1,1,0,0,0,11,0,0,0,0,0,0
371388,1,1,0,0,0,0,0,0,0,20,0,0
371388,2,1,0,0,0,0,0,0,0,0,0,0
371389,1,1,0,0,0,0,0,0,0,0,0,0
371390,0,1,0,0,0,0,0,0,0,0,0,0
371390,1,1,0,0,0,0,0,0,0,0,0,0
371391,1,1,0,0,0,0,0,0,0,0,0,0
371391,2,1,25,0,0,0,0,0,0,0,0,0
371392,1,1,0,0,0,0,0,0,0,0,0,0
371392,2,1,0,0,0,0,0,0,0,0,0,0
371393,1,1,12,0,0,0,15,0,0,0,21,18
371394,0,1,0,25,0,0,23,22,0,3,17,15
371394,1,1,0,13,0,15,0,10,30,20,4,0
371395,1,1,17,0,0,0,0,0,0,0,0,0
371395,2,1,0,0,0,0,0,11,0,0,0,0
371396,1,1,0,0,0,0,0,0,23,0,0,0
371396,2,1,0,0,0,0,0,0,0,0,0,0
371397,1,1,0,0,0,0,0,24,23,0,22,14
371397,2,1,0,0,0,0,0,0,0,0,0,0
371398,1,1,0,0,0,0,18,0,30,0,0,0
371399,1,1,0,0,0,0,0,0,0,0,0,0
371400,1,1,0,0,0,0,0,0,0,0,0,0
371400,2,1,0,0,0,0,0,0,0,0,0,0
371401,0,1,0,0,0,0,0,0,0,0,0,14
371401,1,1,0,0,8,12,0,0,0,0,0,0
371402,1,1,0,0,0,0,0,0,0,0,0,0
371402,2,1,0,0,0,0,0,0,0,0,0,0
371402,3,1,15,0,0,0,0,0,0,0,0,0
371403,1,1,12,0,0,0,16,0,0,0,29,0
371404,1,1,0,0,0,0,0,0,0,16,0,0
371405,1,1,7,4,7,17,10,20,13,10,9,19
371405,2,1,0,0,0,0,0,0,0,18,0,0
371406,0,1,20,0,0,0,0,0,0,0,0,0
371406,1,1,0,0,0,0,0,0,0,0,0,0
371407,1,1,12,0,0,0,13,0,0,15,0,13
371407,2,1,0,0,20,0,0,34,0,0,8,0
371408,1,1,0,0,0,0,0,0,0,0,0,0
371408,2,1,0,0,0,0,0,0,0,0,0,0
371409,1,1,26,18,32,11,10,4,13,10,25,13
371409,2,1,0,19,0,0,0,0,7,0,0,0
371410,0,1,23,16,15,0,0,0,0,10,22,14
371410,1,1,0,0,0,0,0,0,0,0,0,0
371411,1,1,0,0,14,0,0,0,0,0,0,0
371412,1,1,0,0,22,0,0,0,3,0,26,16
371413,1,1,0,0,0,0,25,0,0,0,0,0
371414,1,1,0,13,0,0,0,0,0,0,0,9
371416,1,1,0,16,0,0,0,21,0,0,0,0
371417,1,1,0,0,0,0,0,0,0,0,0,0
371417,2,1,18,11,7,0,14,25,17,11,25,24
371418,1,1,0,0,0,0,0,0,0,0,0,0
371418,2,1,0,0,0,0,0,0,0,0,0,0
371419,1,1,0,0,0,0,0,0,0,0,0,0
371419,2,1,0,12,0,0,0,0,0,0,0,0
371420,1,1,0,0,0,30,8,0,0,0,0,0
371420,2,1,0,8,0,0,0,0,0,0,0,0
371422,0,1,0,18,25,29,0,12,25,33,0,14
371422,1,1,0,0,0,0,0,0,11,0,0,0
371423,1,1,2,0,0,0,0,0,0,0,0,0
371424,1,1,21,11,5,27,6,17,10,24,2,12
371424,2,1,0,0,0,0,0,0,0,6,0,0
380001,1,1,16,16,16,16,16,16,16,16,16,16
380002,1,1,0,0,0,0,0,0,0,0,0,0
380002,2,1,0,0,0,0,0,0,0,0,0,0
380003,1,1,0,0,0,0,0,0,0,0,0,0
380003,2,1,0,0,0,0,0,0,0,0,0,0
380004,1,1,21,21,21,21,21,21,21,21,21,21
380005,1,1,0,0,0,0,20,0,0,0,0,15
380005,2,1,0,0,0,0,0,0,0,0,0,0
380006,1,1,0,0,0,0,0,0,0,0,0,0
380006,2,1,0,0,0,0,0,0,0,0,0,0
380007,0,1,0,0,0,0,0,0,0,0,0,0
380008,1,1,0,0,0,0,0,0,0,0,0,0
380008,2,1,0,0,15,0,0,0,0,0,9,0
380008,3,1,0,0,0,0,0,0,0,0,0,0
380009,1,1,0,0,0,0,0,0,0,0,0,0
380009,2,1,0,0,0,0,0,0,0,0,0,0
380010,1,1,7,0,0,0,0,3,0,11,0,0
380011,1,1,15,15,15,15,15,15,15,15,15,15
380012,1,1,0,0,0,0,0,0,0,0,0,0
380012,2,1,0,0,0,0,0,0,0,0,0,0
380012,3,1,0,0,0,0,0,0,0,0,0,0
380013,1,1,25,25,25,25,25,25,25,25,25,25
380014,1,1,0,0,0,0,0,0,0,0,0,0
380014,2,1,0,0,0,0,0,0,0,0,0,0
380015,1,1,0,0,0,0,0,0,0,0,0,0
380015,2,1,0,0,0,0,0,0,0,0,0,0
380016,1,1,0,0,0,0,0,0,0,0,0,0
380016,2,1,0,0,0,0,0,0,0,0,0,0
380017,1,1,22,22,22,22,22,22,22,22,22,22
380018,1,1,23,23,23,23,23,23,23,23,23,23
380019,1,1,0,0,0,0,0,0,0,21,0,12
380019,2,1,21,0,28,34,12,25,19,9,18,16
380020,1,1,0,0,0,0,0,0,0,0,0,0
380021,1,1,0,0,0,0,0,0,0,0,0,0
380022,0,1,0,0,0,0,0,0,0,0,0,0
380022,1,1,0,0,0,0,0,0,0,0,0,0
380023,1,1,0,0,0,0,0,0,0,0,0,0
380024,1,1,9,9,9,9,9,9,9,9,9,9
380025,1,1,0,0,0,0,0,0,0,0,0,0
380025,2,1,0,0,0,0,0,0,0,0,0,0
380026,1,1,0,18,0,5,0,0,6,0,11,0
380027,1,1,0,0,0,0,0,0,0,0,0,0
380028,0,1,0,0,0,0,0,0,0,0,0,0
380028,1,1,0,0,0,0,0,0,4,0,0,0
380029,1,1,0,0,0,0,0,0,0,0,0,0
380030,1,1,16,16,16,16,16,16,16,16,16,16
380031,1,1,15,15,15,15,15,15,15,15,15,15
380032,1,1,0,0,0,0,0,0,0,0,0,0
380033,1,1,0,0,0,0,0,0,0,0,0,0
380034,1,1,29,29,29,29,29,29,29,29,29,29
380035,1,1,0,0,19,0,0,0,0,0,0,0
380035,2,1,0,0,0,0,0,0,0,0,0,0
380036,1,1,0,0,0,0,0,0,0,0,0,0
380037,1,1,0,0,0,0,27,23,20,7,13,29
380038,1,1,0,0,0,11,0,0,0,0,0,0
380038,2,1,0,0,0,0,0,0,0,0,0,0
380039,1,1,0,0,0,0,0,0,0,0,0,0
380040,1,1,0,25,0,0,0,0,0,0,0,0
380040,2,1,21,21,21,21,21,21,21,21,21,21
380041,1,1,0,0,0,0,0,0,11,0,0,7
380041,2,1,0,0,0,0,0,0,0,0,0,0
380042,1,1,11,11,11,11,11,11,11,11,11,11
380043,0,1,0,0,0,0,0,0,0,0,0,0
380043,1,1,3,3,3,3,3,3,3,3,3,3
380044,1,1,0,0,0,0,0,0,0,0,0,0
380044,2,1,0,0,0,0,0,13,0,0,0,9
380044,3,1,0,0,0,0,0,20,0,21,0,0
380045,1,1,14,14,14,14,14,14,14,14,14,14
380046,1,1,0,0,0,0,0,0,0,0,0,0
380047,1,1,0,19,0,0,0,0,11,0,0,0
380047,2,1,0,0,0,0,0,0,0,0,0,0
380048,1,1,0,0,0,0,0,0,0,0,0,0
380048,2,1,0,0,0,0,0,0,0,0,0,0
380049,1,1,2,2,2,2,2,2,2,2,2,2
380049,2,1,0,18,0,0,0,0,0,0,0,0
380050,1,1,0,0,0,0,0,0,0,0,0,0
380051,1,1,0,0,0,0,0,0,0,0,0,0
380052,1,1,16,16,11,37,18,6,24,24,17,22
380053,1,1,0,0,0,0,0,0,0,0,0,0
380053,2,1,0,0,0,0,0,0,0,0,0,0
380054,1,1,0,0,0,0,0,0,0,0,0,0
380055,1,1,16,16,16,16,16,16,16,16,16,16
380056,1,1,0,0,0,0,0,0,0,0,0,0
380056,2,1,11,11,11,11,11,11,11,11,11,11
380057,1,1,29,29,29,29,29,29,29,29,29,29
380057,2,1,0,0,0,0,0,0,0,0,0,0
380058,1,1,0,0,0,0,0,0,0,0,0,0
380058,2,1,0,0,0,0,0,0,0,0,0,3
380058,3,1,0,0,0,0,0,0,0,0,0,0
380059,0,1,0,26,24,31,33,13,27,11,33,0
380059,1,1,0,0,0,0,0,19,24,0,0,0
380060,0,1,26,26,26,26,26,26,26,26,26,26
380060,1,1,27,16,31,28,35,21,3,37,29,21
380061,1,1,0,0,0,0,0,0,0,0,0,0
380061,2,1,0,0,0,0,0,0,0,0,0,0
380062,1,1,0,0,0,0,0,0,0,0,0,0
380063,1,1,0,0,0,0,0,0,0,0,0,0
380063,2,1,0,0,0,0,0,0,0,0,34,0
380064,1,1,0,0,0,0,0,0,0,0,0,0
380064,2,1,0,0,0,0,0,0,0,0,0,0
380065,1,1,0,0,0,0,0,0,0,0,0,0
380066,1,1,10,10,10,10,10,10,10,10,10,10
380067,1,1,0,0,0,0,0,0,0,0,0,0
380068,1,1,6,6,6,6,6,6,6,6,6,6
380069,1,1,0,0,0,0,0,0,0,0,0,0
380069,2,1,0,0,0,0,0,0,0,0,0,0
380070,1,1,21,21,21,21,21,21,21,21,21,21
380071,1,1,0,0,0,0,0,0,0,0,0,0
380071,2,1,0,0,0,0,0,0,0,0,0,0
380071,3,1,0,0,0,0,0,0,0,0,0,0
380072,1,1,26,17,0,10,0,0,0,0,13,0
380072,2,1,0,0,0,0,0,0,0,0,0,0
380073,1,1,15,15,15,15,15,15,15,15,15,15
380074,1,1,20,20,20,20,20,20,20,20,20,20
380075,1,1,25,25,25,25,25,25,25,25,25,25
380075,2,1,0,0,0,0,0,0,0,0,0,0
380076,1,1,0,0,0,0,0,0,0,0,0,0
380077,1,1,0,0,0,0,0,0,0,0,0,0
380078,0,1,0,0,0,0,0,0,0,16,0,0
380078,1,1,0,0,0,0,0,0,0,0,0,0
380079,1,1,24,24,24,24,24,24,24,24,24,24
380080,1,1,0,0,0,0,0,0,0,0,0,0
380080,2,1,0,0,0,0,0,0,0,0,0,0
380081,1,1,0,0,0,0,0,0,0,0,0,0
380081,2,1,0,0,0,0,0,0,0,0,0,0
380082,1,1,0,0,0,0,0,0,0,0,0,0
380082,2,1,0,0,0,0,0,0,0,0,0,0
380083,1,1,0,0,0,0,0,0,0,0,0,0
380084,1,1,16,16,16,16,16,16,16,16,16,16
380085,0,1,0,0,0,0,0,0,0,0,0,0
380085,1,1,1,1,1,1,1,1,1,1,1,1
380086,1,1,0,0,0,0,0,0,0,0,0,0
380087,1,1,18,18,18,18,18,18,18,18,18,18
380088,1,1,0,0,0,0,0,0,0,0,0,0
380089,1,1,23,23,23,23,23,23,23,23,23,23
380089,2,1,0,0,0,0,0,0,0,0,0,0
380090,1,1,0,0,0,0,0,0,0,0,0,0
380091,0,1,21,21,21,21,21,21,21,21,21,21
380091,1,1,0,0,0,8,0,0,0,0,0,0
380092,1,1,0,0,0,0,0,0,0,0,0,0
380093,1,1,25,25,25,25,25,25,25,25,25,25
380094,1,1,31,31,31,31,31,31,31,31,31,31
380095,1,1,0,0,0,0,0,0,0,0,0,0
380096,1,1,22,22,22,22,22,22,22,22,22,22
390001,1,1,14,14,14,14,14,14,14,14,14,14
390002,1,1,0,27,32,0,0,0,0,0,21,0
390003,1,1,21,21,21,21,21,21,21,21,21,21
390004,1,1,0,0,0,0,0,0,0,0,0,0
390004,2,1,0,0,0,0,0,14,0,0,10,0
390005,1,1,7,7,7,7,7,7,7,7,7,7
390005,2,1,7,7,7,7,7,7,7,7,7,7
390007,1,1,0,0,0,0,0,0,0,0,0,0
390007,2,1,0,0,0,0,0,0,0,0,0,0
390008,0,1,3,3,3,3,3,3,3,3,3,3
390008,1,1,0,0,0,0,0,0,0,0,0,0
390009,1,1,0,0,0,0,17,0,0,0,0,0
390009,2,1,23,23,23,23,23,23,23,23,23,23
390010,1,1,0,0,0,0,0,0,0,0,0,0
390011,1,1,0,0,0,0,0,0,0,0,0,16
390011,2,1,0,0,0,0,0,0,0,15,0,12
390012,1,1,0,0,0,0,0,0,0,0,0,0
390012,2,1,0,0,0,0,0,0,0,0,0,0
390012,3,1,0,0,0,0,0,0,0,0,0,0
390013,1,1,0,0,0,0,0,0,0,0,0,0
390013,2,1,0,0,0,0,0,0,0,0,0,0
390014,1,1,8,0,0,0,8,0,0,0,0,37
390015,1,1,5,5,5,5,5,5,5,5,5,5
390015,2,1,0,0,0,0,0,0,12,0,10,0
390016,1,1,16,16,16,16,16,16,16,16,16,16
390017,1,1,19,19,19,19,19,19,19,19,19,19
390018,1,1,0,0,0,0,0,0,0,0,0,0
390018,2,1,0,0,0,0,0,0,0,0,0,0
390019,1,1,0,0,0,0,0,0,0,0,0,0
390019,2,1,0,0,0,0,0,0,0,0,0,0
390019,3,1,0,0,0,0,0,0,0,13,0,23
390020,1,1,0,0,0,0,0,0,0,0,0,0
390021,0,1,0,0,0,0,0,0,0,0,0,0
390021,1,1,0,0,0,0,0,0,0,0,0,0
390023,0,1,0,0,0,0,0,0,0,0,0,0
390023,1,1,0,2,0,21,0,30,8,17,0,0
390023,2,1,0,17,0,0,0,0,0,0,0,0
390024,1,1,11,0,0,9,0,0,0,0,18,0
390024,2,1,0,0,15,0,0,14,0,0,0,0
390025,0,1,6,6,6,6,6,6,6,6,6,6
390025,1,1,0,0,0,0,0,28,0,19,0,0
390026,1,1,0,0,0,0,0,0,0,0,0,0
390026,2,1,0,0,0,0,0,0,0,0,0,0
390027,1,1,26,26,26,26,26,26,26,26,26,26
390028,1,1,25,25,25,25,25,25,25,25,25,25
390029,1,1,9,9,9,9,9,9,9,9,9,9
390029,2,1,0,0,0,0,0,0,7,0,0,0
390031,1,1,22,22,22,22,22,22,22,22,22,22
390032,1,1,0,0,0,0,0,0,0,0,0,14
390033,1,1,0,0,0,0,0,0,0,0,0,0
390033,2,1,0,0,0,0,0,0,0,0,0,0
390034,1,1,0,0,0,0,0,0,0,0,0,0
390035,0,1,0,0,0,0,0,0,0,0,0,0
390035,1,1,0,22,0,0,0,14,4,0,0,0
390036,1,1,0,0,17,0,0,19,0,12,0,0
390037,0,1,16,16,16,16,16,16,16,16,16,16
390037,1,1,0,0,0,0,0,0,0,0,15,0
390038,1,1,0,0,13,6,0,0,0,4,22,0
390038,2,1,0,0,0,0,0,0,11,0,0,0
390040,0,1,0,0,0,0,0,0,0,0,0,0
390040,1,1,0,14,0,0,0,0,11,0,0,0
390040,2,1,20,0,0,0,14,0,0,0,8,0
390040,3,1,21,0,0,0,0,0,0,0,0,0
390040,4,1,0,0,0,0,0,0,0,0,0,0
390041,1,1,13,13,13,13,13,13,13,13,13,13
390042,1,1,0,0,0,0,0,0,0,0,0,0
390042,2,1,0,0,0,0,20,0,0,10,0,16
390042,3,1,0,0,0,0,24,0,0,0,0,0
390042,4,1,0,0,0,0,0,0,0,11,0,0
390043,1,1,22,27,19,27,15,15,16,15,20,11
390043,2,1,26,24,14,30,0,16,39,19,14,19
390044,1,1,7,7,7,7,7,7,7,7,7,7
390045,1,1,0,0,0,0,0,0,0,0,0,0
390045,2,1,0,0,0,29,0,0,0,0,0,0
390046,1,1,0,0,0,0,0,0,0,0,0,0
390047,1,1,0,0,0,0,0,5,5,0,11,0
390047,2,1,0,0,0,26,0,0,0,0,0,0
390048,1,1,0,0,0,0,0,0,0,0,0,0
390049,1,1,17,17,0,0,8,0,0,23,0,0
390049,2,1,0,0,0,0,0,0,16,0,0,0
390051,1,1,0,22,0,18,0,0,20,0,0,36
390052,1,1,12,12,12,12,12,12,12,12,12,12
390053,1,1,13,13,13,13,13,13,13,13,13,13
390054,1,1,23,23,23,23,23,23,23,23,23,23
390055,1,1,0,0,0,0,0,0,0,0,0,0
390055,2,1,0,0,0,0,0,0,0,0,0,0
390055,3,1,0,0,0,0,0,0,0,0,0,0
390056,1,1,0,0,0,0,0,0,0,0,0,0
390057,1,1,0,0,0,0,22,0,0,0,0,0
390057,2,1,0,0,14,0,12,9,0,0,0,17
390057,3,1,0,0,0,0,0,0,0,0,0,0
390058,1,1,10,10,10,10,10,10,10,10,10,10
390059,1,1,6,6,6,6,6,6,6,6,6,6
390059,2,1,0,0,0,0,0,0,0,0,0,0
390059,3,1,0,0,11,0,0,33,14,0,0,0
390060,1,1,22,22,22,22,22,22,22,22,22,22
390060,2,1,19,0,20,0,0,20,0,23,0,0
390061,1,1,13,13,13,13,13,13,13,13,13,13
390061,2,1,14,14,14,14,14,14,14,14,14,14
390062,1,1,21,21,21,21,21,21,21,21,21,21
390062,2,1,0,0,0,0,0,0,0,0,0,0
390063,1,1,0,0,0,0,0,0,0,0,0,0
390064,1,1,0,0,0,0,0,0,0,0,0,0
390065,1,1,14,14,14,14,14,14,14,14,14,14
390066,1,1,13,13,13,13,13,13,13,13,13,13
390067,1,1,17,17,17,17,17,17,17,17,17,17
390067,2,1,20,0,13,0,0,0,0,0,0,0
390068,1,1,0,0,0,10,0,0,0,23,0,0
390068,2,1,0,0,0,0,0,0,0,0,0,0
390069,1,1,8,8,8,8,8,8,8,8,8,8
390070,1,1,0,0,0,0,0,0,0,0,0,0
390070,2,1,0,0,0,0,0,0,0,0,0,0
390071,1,1,0,0,0,0,0,0,0,0,0,0
390072,1,1,17,17,17,17,17,17,17,17,17,17
390073,1,1,0,0,0,0,0,0,0,0,0,0
390073,2,1,0,0,0,0,0,0,0,0,0,0
390074,1,1,0,0,0,0,0,0,0,0,0,0
390074,2,1,0,0,0,0,0,0,0,0,0,0
390075,1,1,0,0,0,0,0,0,0,0,0,0
390075,2,1,0,0,0,0,0,23,0,0,0,0
390076,1,1,0,0,0,0,0,0,0,0,0,0
390076,2,1,0,0,0,0,0,0,0,0,0,0
390077,1,1,19,19,19,19,19,19,19,19,19,19
390078,0,1,23,23,23,23,23,23,23,23,23,23
390078,1,1,0,13,4,0,18,26,0,21,11,3
390079,1,1,0,0,0,0,0,0,0,0,0,0
390080,0,1,10,10,10,10,10,10,10,10,10,10
390080,1,1,0,0,0,0,0,5,0,0,0,0
390082,1,1,0,0,0,0,0,0,0,0,0,0
390082,2,1,20,11,9,16,0,0,12,0,15,11
390083,0,1,22,22,22,22,22,22,22,22,22,22
390083,1,1,0,0,4,12,0,0,7,0,22,0
390084,0,1,0,0,0,0,0,0,0,0,0,0
390085,1,1,0,0,0,0,0,0,0,0,0,0
390085,2,1,0,0,0,0,0,0,0,0,0,0
390086,1,1,0,0,0,5,0,0,0,8,20,0
390086,2,1,0,0,0,0,0,0,0,0,0,0
390086,3,1,0,0,0,0,0,0,0,0,0,0
390086,4,1,0,0,0,0,0,0,0,0,0,0
390087,1,1,0,21,0,0,21,0,0,0,8,0
390087,2,1,0,0,16,0,0,7,13,0,16,0
390087,3,1,21,21,21,21,21,21,21,21,21,21
390088,1,1,0,0,0,0,15,0,0,0,0,0
390089,1,1,25,25,25,25,25,25,25,25,25,25
390090,1,1,0,0,0,0,0,0,0,0,0,0
390091,0,1,27,27,27,27,27,27,27,27,27,27
390091,1,1,0,0,0,0,0,0,0,0,0,0
390092,1,1,23,23,23,23,23,23,23,23,23,23
390092,2,1,0,0,0,0,0,0,6,0,0,0
390093,1,1,0,0,9,0,0,0,0,0,0,27
390094,0,1,5,5,5,5,5,5,5,5,5,5
390094,2,1,0,0,0,23,23,16,21,27,14,0
390095,1,1,0,0,0,0,0,0,0,0,0,0
390095,2,1,0,0,0,0,0,0,0,0,0,0
390096,1,1,0,0,0,0,0,0,0,0,0,0
390096,2,1,0,0,0,0,0,0,0,0,0,0
390097,1,1,0,0,0,0,0,0,0,0,0,0
390098,0,1,0,0,0,0,0,0,0,0,0,0
390098,1,1,0,0,0,0,0,0,0,0,0,0
390099,1,1,0,0,0,0,0,0,0,0,0,0
390100,1,1,25,25,25,25,25,25,25,25,25,25
390101,1,1,19,22,0,0,0,0,13,21,13,0
390102,1,1,16,26,0,15,14,24,26,14,20,13
390103,1,1,0,0,0,0,0,0,0,0,0,0
390105,1,1,0,0,0,0,0,0,0,0,0,0
390106,1,1,0,23,0,0,0,25,0,0,26,12