ST_CASE,VEH_NO,PER_NO,P1,P2,P3,P4,P5,P6,P7,P8,P9,P10
391026,2,1,0,0,0,0,0,0,0,0,0,0
391027,1,1,34,0,0,13,0,0,0,0,0,0
391028,0,1,10,10,10,10,10,10,10,10,10,10
391028,1,1,0,0,0,0,0,12,38,28,0,0
391029,0,1,0,14,0,0,0,0,16,0,0,0
391029,1,1,0,0,0,9,0,0,18,28,0,0
391030,1,1,0,6,0,0,0,0,0,0,0,0
391030,2,1,0,0,10,0,0,0,0,26,5,0
391031,1,1,6,6,6,6,6,6,6,6,6,6
391031,2,1,0,0,12,0,0,0,0,23,0,0
391032,1,1,0,0,0,0,24,0,26,0,0,0
391032,2,1,0,0,0,0,0,0,0,0,0,0
391033,1,1,0,0,0,0,0,0,0,0,0,0
391034,1,1,0,0,0,0,0,0,0,0,0,0
391034,2,1,0,0,0,0,0,0,0,0,0,0
391036,1,1,0,0,0,0,0,0,0,0,0,0
391036,2,1,0,0,0,0,0,0,0,0,0,0
391036,3,1,0,0,0,0,0,0,0,0,0,0
391037,0,1,19,0,24,0,20,0,0,0,0,7
391037,0,2,15,0,0,14,0,0,0,0,11,0
391037,1,1,27,27,27,27,27,27,27,27,27,27
391038,1,1,0,0,0,0,0,0,0,0,0,0
391039,1,1,0,0,0,0,0,0,0,0,0,0
391040,1,1,0,0,0,0,0,0,0,0,0,0
391041,1,1,10,10,10,10,10,10,10,10,10,10
391042,1,1,25,0,0,0,0,0,5,0,0,0
391042,2,1,0,30,0,0,0,0,0,0,31,0
391043,1,1,0,0,0,0,0,0,0,0,0,0
391043,2,1,0,0,0,0,0,0,0,0,0,0
391044,0,1,0,0,0,35,0,19,0,0,0,44
391044,1,1,0,0,0,0,0,0,0,0,0,0
391045,1,1,29,0,0,0,0,0,0,20,15,0
391046,1,1,31,31,31,31,31,31,31,31,31,31
391046,2,1,0,20,0,0,13,11,0,8,0,0
391047,1,1,18,18,18,18,18,18,18,18,18,18
391048,1,1,20,20,20,20,20,20,20,20,20,20
391049,1,1,0,0,0,25,0,0,0,0,0,0
391050,1,1,0,0,0,0,0,0,0,0,0,0
391050,2,1,0,18,0,0,0,0,0,0,0,15
391050,3,1,13,0,0,0,0,23,22,0,0,0
391051,1,1,19,19,19,19,19,19,19,19,19,19
391052,1,1,0,0,0,0,0,0,0,0,0,29
391052,2,1,0,0,0,0,0,0,0,0,0,0
391053,1,1,0,0,0,0,0,0,0,0,0,0
391053,2,1,27,27,27,27,27,27,27,27,27,27
391054,1,1,0,0,0,0,0,0,0,0,0,0
391054,2,1,0,0,0,0,0,16,0,0,0,0
391055,1,1,0,0,0,0,0,0,0,0,0,0
391055,2,1,0,0,0,0,0,0,0,0,0,0
391056,1,1,22,22,22,22,22,22,22,22,22,22
391057,1,1,0,0,0,0,0,0,0,0,0,0
391057,2,1,29,0,0,0,0,16,12,0,0,0
391058,1,1,25,25,25,25,25,25,25,25,25,25
391059,1,1,0,2,11,12,0,0,0,0,0,0
391059,2,1,0,16,0,0,7,0,9,4,0,11
391060,1,1,0,0,0,0,0,0,0,0,0,0
391060,2,1,0,0,0,0,0,0,0,0,0,0
391061,1,1,22,22,22,22,22,22,22,22,22,22
391062,1,1,0,0,0,0,0,0,0,0,0,0
391062,2,1,0,0,0,0,7,25,0,17,0,10
391063,1,1,23,23,23,23,23,23,23,23,23,23
391063,2,1,0,0,0,24,0,0,0,0,25,10
391064,1,1,0,0,0,0,0,0,0,0,0,0
391065,1,1,17,17,17,17,17,17,17,17,17,17
391066,1,1,20,20,20,20,20,20,20,20,20,20
391067,1,1,0,0,0,0,0,0,0,0,0,0
391068,1,1,0,0,0,0,0,0,0,0,0,0
391068,2,1,12,0,0,25,0,0,0,0,0,0
391069,1,1,17,17,17,17,17,17,17,17,17,17
391069,2,1,0,0,0,0,0,0,0,0,0,0
391070,1,1,15,0,0,11,0,0,9,0,12,0
391070,2,1,0,0,18,15,22,0,0,0,0,0
391072,1,1,5,5,5,5,5,5,5,5,5,5
391073,3,1,10,15,0,0,0,34,0,16,0,27
391074,0,1,0,0,0,0,0,0,0,0,0,0
391074,0,2,0,0,0,0,0,0,0,0,0,0
391074,1,1,0,0,0,0,15,0,0,0,0,0
391075,1,1,0,0,0,0,0,0,0,0,0,0
391075,2,1,0,0,0,0,0,0,0,0,0,0
391076,1,1,35,35,35,35,35,35,35,35,35,35
391077,1,1,21,29,21,16,2,2,0,8,14,16
391078,1,1,0,0,0,0,6,0,0,0,0,12
391079,1,1,26,31,12,9,22,14,24,12,33,19
391080,1,1,0,0,31,0,7,0,0,0,16,0
391081,0,1,0,0,0,0,0,0,0,0,0,0
391081,1,1,0,0,0,0,10,0,0,0,0,0
391082,1,1,0,0,23,0,0,0,0,0,0,0
391082,2,1,0,0,0,0,14,0,0,0,0,0
391083,0,1,6,30,0,0,12,0,16,0,0,0
391083,1,1,0,0,32,14,37,0,0,4,0,21
391084,1,1,0,0,0,0,0,0,0,0,0,0
391085,1,1,0,0,0,0,0,0,0,0,0,0
391085,2,1,4,0,16,0,15,0,0,0,0,0
391086,0,1,0,0,47,9,0,0,0,0,19,0
391086,1,1,0,27,20,33,0,5,0,11,30,0
391087,0,1,0,0,0,0,0,0,0,0,0,0
391087,1,1,11,11,11,11,11,11,11,11,11,11
391088,0,1,22,22,22,22,22,22,22,22,22,22
391088,1,1,2,4,0,20,13,7,8,0,0,5
391088,2,1,17,9,2,0,18,4,7,0,0,0
391089,0,1,9,20,0,0,21,21,0,0,0,4
391089,1,1,35,0,22,0,12,0,17,20,6,0
391090,1,1,0,0,14,24,0,21,4,0,0,0
391090,2,1,0,0,0,0,0,0,0,0,0,0
391091,1,1,18,18,18,18,18,18,18,18,18,18
391092,0,1,0,0,0,0,0,16,0,41,23,0
391092,1,1,0,0,0,0,0,0,0,0,0,29
391093,1,1,0,0,0,0,0,0,0,0,0,0
391093,2,1,11,11,11,11,11,11,11,11,11,11
391094,1,1,22,22,22,22,22,22,22,22,22,22
391094,2,1,0,0,36,18,0,15,25,0,7,0
391095,1,1,0,0,0,0,0,0,0,0,0,0
391096,1,1,33,33,33,33,33,33,33,33,33,33
391097,1,1,10,10,10,10,10,10,10,10,10,10
391098,1,1,16,3,18,4,16,21,11,0,5,6
391099,1,1,0,0,0,0,0,0,0,0,0,0
391100,1,1,14,14,14,14,14,14,14,14,14,14
391101,1,1,22,22,22,22,22,22,22,22,22,22
391103,1,1,0,29,0,0,0,23,0,0,0,0
391103,2,1,0,0,0,0,0,0,0,10,0,0
391104,1,1,0,0,0,0,0,0,0,0,0,0
391105,1,1,23,23,23,23,23,23,23,23,23,23
391105,2,1,0,0,0,0,0,0,0,0,0,0
391106,1,1,10,10,10,10,10,10,10,10,10,10
391107,1,1,0,0,0,0,0,0,0,0,0,0
391107,2,1,13,0,0,0,0,0,0,0,0,0
391108,1,1,0,0,0,0,0,0,0,0,0,0
391109,1,1,0,0,0,0,0,0,0,0,0,0
391110,1,1,28,28,28,28,28,28,28,28,28,28
391111,1,1,0,0,0,0,0,0,0,0,0,0
391111,2,1,0,0,0,0,0,0,0,0,0,0
391112,1,1,10,15,7,19,20,21,16,9,30,6
391113,1,1,0,0,0,0,0,0,0,0,0,0
391114,1,1,20,20,20,20,20,20,20,20,20,20
391115,1,1,0,17,11,0,10,21,0,23,0,0
391116,1,1,0,0,0,0,0,0,0,0,0,0
391116,2,1,0,0,0,0,0,0,0,0,0,0
391117,1,1,0,0,0,0,0,0,0,0,0,0
391118,0,1,0,0,0,0,0,0,0,0,0,0
391118,1,1,10,10,10,10,10,10,10,10,10,10
391119,1,1,0,0,0,0,0,0,0,0,0,0
391119,2,1,0,0,0,0,0,0,47,0,0,0
391119,3,1,8,0,0,0,0,12,32,6,0,0
391120,1,1,0,0,0,0,0,0,0,25,0,24
391120,2,1,0,0,0,0,0,0,0,0,0,0
391120,3,1,0,14,33,0,0,0,0,0,0,6
391123,1,1,27,27,27,27,27,27,27,27,27,27
391124,1,1,0,0,0,0,0,0,0,25,0,0
391124,2,1,0,0,0,0,0,0,0,0,18,0
391125,1,1,0,0,0,0,0,0,0,0,0,0
391125,2,1,18,14,0,18,0,0,16,21,20,0
391125,3,1,0,0,0,17,0,0,0,0,0,0
391125,4,1,0,0,0,1,0,31,11,22,0,20
391125,5,1,0,0,0,0,0,0,0,0,0,0
391126,1,1,0,0,0,0,0,0,0,0,0,27
391126,2,1,0,0,0,0,0,0,0,0,0,0
391127,1,1,0,0,0,0,0,0,0,0,0,0
391127,2,1,0,10,0,0,0,0,0,0,0,0
391128,1,1,0,0,0,0,0,0,0,0,0,0
391129,1,1,37,37,37,37,37,37,37,37,37,37
391130,1,1,18,18,18,18,18,18,18,18,18,18
391131,1,1,16,16,16,16,16,16,16,16,16,16
391131,2,1,0,0,0,0,0,0,25,0,15,0
391133,1,1,0,0,0,0,0,0,0,0,0,0
391133,2,1,0,0,0,0,0,0,0,0,0,0
391133,3,1,0,0,0,0,0,0,0,0,0,0
391134,1,1,0,0,0,0,0,0,0,0,0,0
391135,1,1,14,14,14,14,14,14,14,14,14,14
391136,1,1,0,0,0,0,0,0,0,0,0,0
391137,1,1,19,19,19,19,19,19,19,19,19,19
391138,1,1,0,0,0,0,0,7,0,0,27,0
391138,2,1,15,0,0,0,0,0,0,8,0,0
391139,1,1,0,0,0,0,0,0,0,0,0,0
391140,1,1,0,0,0,0,0,0,0,0,0,0
391140,2,1,0,0,0,0,0,0,0,0,0,0
391141,1,1,26,26,26,26,26,26,26,26,26,26
391142,1,1,16,16,16,16,16,16,16,16,16,16
391142,2,1,16,16,16,16,16,16,16,16,16,16
391142,3,1,0,0,11,0,0,0,0,0,0,12
391143,0,1,0,0,0,0,0,0,0,0,0,0
391143,1,1,6,0,12,0,0,0,0,0,0,0
391144,1,1,0,0,0,0,0,0,0,0,0,0
391144,2,1,0,0,0,0,0,0,0,0,0,0
391145,2,1,27,0,0,0,0,0,0,21,27,19
391145,3,1,24,24,24,24,24,24,24,24,24,24
391146,1,1,0,0,0,0,0,0,0,0,0,0
391146,2,1,0,0,0,0,0,0,0,0,0,0
391147,1,1,0,0,0,0,0,0,0,0,0,0
391148,1,1,17,17,17,17,17,17,17,17,17,17
391149,0,1,0,0,0,0,0,0,0,0,0,0
391149,2,1,0,0,18,0,0,0,0,0,0,0
391149,3,1,26,0,25,3,0,0,8,25,0,19
391150,1,1,17,0,0,0,0,25,0,22,20,0
391152,1,1,0,3,0,0,0,0,25,0,0,0
391153,1,1,0,0,0,0,0,0,0,0,0,13
391153,2,1,0,8,18,7,7,0,0,0,9,9
391153,3,1,0,0,0,8,13,0,0,0,0,0
391154,1,1,0,0,11,7,0,0,0,0,23,0
391154,2,1,0,0,0,0,22,0,0,0,19,20
391154,3,1,0,0,0,0,5,0,0,30,15,0
391155,1,1,28,28,28,28,28,28,28,28,28,28
391156,1,1,0,0,0,0,0,0,21,0,0,0
391156,2,1,17,0,0,0,0,0,0,25,17,0
391156,3,1,0,0,0,0,0,0,0,0,0,0
391156,4,1,0,0,0,7,0,0,0,0,0,0
391157,1,1,8,8,8,8,8,8,8,8,8,8
391158,1,1,20,20,20,20,20,20,20,20,20,20
391159,1,1,0,0,0,0,0,0,0,0,0,0
391159,2,1,0,0,0,0,0,0,0,0,0,0
391159,3,1,0,0,0,0,0,0,0,0,0,6
391159,4,1,0,0,9,26,0,0,0,0,4,0
391160,1,1,0,0,0,0,0,0,0,0,0,0
391161,0,1,0,0,0,0,0,0,0,0,0,0
391161,1,1,0,0,0,0,0,0,0,0,0,0
391162,1,1,22,22,22,22,22,22,22,22,22,22
391163,1,1,0,0,0,0,0,0,0,0,0,0
391164,0,1,0,0,0,0,0,0,0,0,0,0
391164,1,1,0,0,0,0,0,0,0,0,0,0
391165,1,1,14,23,23,23,17,0,28,0,0,0
391165,2,1,15,15,15,15,15,15,15,15,15,15
391166,1,1,7,7,7,7,7,7,7,7,7,7
391166,2,1,0,39,0,0,22,0,0,0,16,0
391167,1,1,0,0,0,0,0,0,0,0,0,0
391168,1,1,0,0,0,0,0,0,0,0,0,0
391169,1,1,0,0,0,0,0,0,0,0,0,0
391169,2,1,0,0,18,0,0,0,0,18,0,0
391169,4,1,8,0,14,3,0,0,0,0,0,0
391170,1,1,8,15,21,21,0,0,15,19,14,0
391171,1,1,0,0,35,0,7,0,0,15,0,0
391172,1,1,9,16,0,14,0,0,0,8,13,0
391173,1,1,0,0,0,0,0,0,0,0,0,0
391174,0,1,0,0,0,0,0,0,0,0,0,0
391174,1,1,13,0,25,0,0,10,14,26,13,0
391175,1,1,0,0,0,0,0,0,0,0,0,0
391175,2,1,0,0,0,0,0,0,0,0,0,0
391176,0,1,0,0,0,0,0,0,0,0,0,0
391176,1,1,0,0,0,0,19,7,0,0,0,20
391177,0,1,0,0,0,0,0,0,0,0,0,0
391177,1,1,0,15,0,0,0,0,0,10,0,0
391178,1,1,11,11,11,11,11,11,11,11,11,11
391178,2,1,0,27,22,16,36,16,18,0,0,0
391179,1,1,0,0,0,0,0,0,3,0,0,24
391180,1,1,4,4,4,4,4,4,4,4,4,4
391180,2,1,0,6,0,0,18,9,10,15,0,0
391181,1,1,19,19,19,19,19,19,19,19,19,19
391182,1,1,17,17,17,17,17,17,17,17,17,17
391183,1,1,22,22,22,22,22,22,22,22,22,22
391184,1,1,0,10,24,0,8,0,11,0,20,10
391185,1,1,21,0,0,0,0,0,0,0,0,41
391186,0,1,15,15,15,15,15,15,15,15,15,15
391186,1,1,28,24,20,7,0,0,0,0,18,0
391187,1,1,25,25,25,25,25,25,25,25,25,25
391188,1,1,0,0,0,0,12,0,0,0,0,10
391189,1,1,0,0,0,0,0,0,0,0,0,0
391189,2,1,0,12,0,0,0,0,0,6,0,28
391190,1,1,0,0,9,12,0,29,0,21,0,14
391191,0,1,0,0,0,0,0,0,0,0,0,0
391191,0,2,0,0,26,0,0,17,7,0,0,0
391191,1,1,27,0,35,0,0,0,0,5,0,2
391192,1,1,39,12,0,11,11,0,0,11,8,16
391193,1,1,0,16,0,0,19,0,11,0,0,9
391193,2,1,0,0,0,0,0,0,0,0,0,0
391194,1,1,0,0,0,0,0,0,0,0,0,0
391194,2,1,0,24,15,0,0,0,0,18,0,0
391195,1,1,0,0,0,0,0,0,0,0,0,0
391196,0,1,0,0,0,0,0,0,0,0,0,0
391196,1,1,9,9,9,9,9,9,9,9,9,9
391196,2,1,0,0,0,0,0,0,0,0,0,0
391197,1,1,0,0,0,0,0,0,0,0,0,0
391198,1,1,3,3,3,3,3,3,3,3,3,3
391199,1,1,0,0,0,0,0,0,0,0,0,0
391200,1,1,0,9,0,5,9,15,0,0,22,18
400001,0,1,0,0,0,0,0,0,0,0,0,0
400001,1,1,0,0,0,0,0,0,0,0,0,0
400002,1,1,0,0,0,0,0,0,0,0,0,0
400002,2,1,0,0,0,0,0,0,0,0,0,0
400003,0,1,0,0,0,0,0,0,0,0,0,0
400003,1,1,0,0,0,0,0,0,0,0,0,0
400004,0,1,16,20,30,0,0,0,0,0,13,0
400004,1,1,0,0,0,0,0,0,0,0,0,0
400004,2,1,0,0,0,13,0,0,0,0,0,0
400004,3,1,0,0,0,16,0,0,0,0,12,0
400005,0,1,0,0,0,0,0,0,0,0,0,0
400005,1,1,0,0,0,0,0,0,0,0,0,0
400005,2,1,0,0,0,0,0,0,0,0,0,0
400006,1,1,0,0,0,0,0,0,0,0,0,0
400006,2,1,22,22,22,22,22,22,22,22,22,22
400007,1,1,2,2,2,2,2,2,2,2,2,2
400008,1,1,0,0,0,0,0,0,0,0,0,0
400009,1,1,0,0,0,0,0,0,0,0,0,0
400010,1,1,0,0,0,0,0,0,0,0,0,0
400010,2,1,0,0,0,0,0,0,0,0,0,0
400011,1,1,0,0,0,0,0,18,0,0,0,0
400011,2,1,0,0,0,11,0,0,0,0,0,0
400012,0,1,0,0,0,0,0,0,0,0,0,0
400012,1,1,0,0,0,0,0,0,0,0,0,0
400013,1,1,0,0,0,0,0,0,0,0,0,0
400013,2,1,0,0,0,0,0,0,0,0,0,0
400014,1,1,0,0,0,0,0,0,0,0,0,0
400014,2,1,0,0,0,0,0,0,0,0,0,0
400015,1,1,0,0,0,0,0,0,0,0,0,0
400015,2,1,0,0,0,0,0,0,0,0,0,0
400016,1,1,0,0,0,34,0,0,0,0,0,0
400016,2,1,0,0,0,0,0,0,0,0,0,0
400017,1,1,15,15,15,15,15,15,15,15,15,15
400017,2,1,0,0,0,0,0,0,0,0,0,0
400018,1,1,0,0,0,0,0,0,0,0,0,0
400018,2,1,0,0,0,0,0,0,0,0,0,0
400019,1,1,0,0,0,0,0,0,0,0,0,0
400019,2,1,0,0,0,0,0,0,0,0,0,0
400020,1,1,0,0,0,0,0,0,0,0,0,0
400021,1,1,0,0,0,0,0,0,0,0,0,0
400022,1,1,0,0,0,0,0,0,0,0,0,0
400022,2,1,0,0,0,0,0,0,0,0,0,0
400023,1,1,0,0,0,0,0,0,0,0,0,0
400024,1,1,0,0,0,0,0,0,0,0,0,0
400024,2,1,0,0,0,0,0,0,0,0,0,0
400025,1,1,0,0,0,0,0,0,0,0,0,0
400026,1,1,4,4,4,4,4,4,4,4,4,4
400027,0,1,0,0,0,0,0,0,0,0,0,0
400027,1,1,0,0,7,0,0,0,0,15,0,0
400028,1,1,0,0,0,0,0,0,0,0,0,0
400028,2,1,0,0,0,0,0,0,0,0,0,0
400029,1,1,0,0,0,0,0,0,0,0,0,0
400029,2,1,0,0,0,0,0,0,0,0,0,0
400029,3,1,0,0,0,0,0,0,0,0,0,0
400030,1,1,21,21,21,21,21,21,21,21,21,21
400031,1,1,16,16,16,16,16,16,16,16,16,16
400031,2,1,12,12,12,12,12,12,12,12,12,12
400032,1,1,22,14,33,14,0,29,29,0,0,0
400033,1,1,0,0,0,10,0,0,0,0,0,0
400034,1,1,0,0,0,0,0,0,0,0,0,0
400035,1,1,0,0,0,0,0,0,0,0,0,0
400035,2,1,22,22,22,22,22,22,22,22,22,22
400036,1,1,0,0,0,0,0,0,0,0,0,0
400036,2,1,0,0,17,0,0,0,0,0,0,0
400037,1,1,13,13,13,13,13,13,13,13,13,13
400038,1,1,0,0,0,0,0,0,0,0,0,0
400039,1,1,0,0,0,0,0,0,0,0,0,0
400040,1,1,0,0,0,0,0,0,0,0,0,0
400040,2,1,0,0,0,0,0,0,0,0,0,0
400041,1,1,0,0,0,0,0,0,0,0,0,0
400042,0,1,0,0,0,0,0,0,0,0,0,0
400042,1,1,0,0,0,0,0,0,0,0,0,0
400043,1,1,0,0,0,0,0,0,0,0,0,0
400044,0,1,21,21,21,21,21,21,21,21,21,21
400044,1,1,0,24,0,0,0,0,0,0,0,0
400045,1,1,0,0,0,0,0,0,0,0,0,0
400045,2,1,0,0,0,0,0,0,0,0,0,0
400046,1,1,17,17,17,17,17,17,17,17,17,17
400047,1,1,0,0,0,0,0,0,0,0,0,0
400047,2,1,0,0,0,0,0,0,0,0,0,0
400047,3,1,0,0,0,0,0,0,0,0,0,0
400047,4,1,0,0,0,0,0,0,0,24,0,0
400048,1,1,0,0,0,0,0,0,0,0,0,0
400049,1,1,0,0,0,0,0,0,0,0,0,0
400050,1,1,0,0,0,0,0,0,0,0,0,0
400051,1,1,25,25,25,25,25,25,25,25,25,25
400052,1,1,0,0,0,0,0,0,0,0,0,0
400052,2,1,0,0,0,0,0,0,0,0,0,0
400052,3,1,0,0,0,0,0,0,0,0,0,0
400053,1,1,0,0,0,0,0,0,0,0,0,0
400054,1,1,0,0,0,0,0,0,0,0,0,0
400055,1,1,0,0,0,0,0,0,0,0,0,0
400055,2,1,0,0,0,0,0,0,0,0,0,0
400056,1,2,0,0,0,0,0,17,12,0,8,27
400057,1,1,0,0,0,0,0,0,0,0,0,0
400057,2,1,0,0,0,0,0,0,0,0,0,0
400058,1,1,0,0,0,0,0,0,0,0,0,0
400058,2,1,0,0,0,0,0,0,0,0,0,0
400059,1,1,0,0,0,0,0,0,0,0,0,0
400059,2,1,0,0,0,0,0,0,0,0,0,0
400060,1,1,0,0,0,0,0,0,0,0,0,0
400060,2,1,0,0,0,0,0,0,0,0,0,0
400061,0,1,0,0,0,0,0,0,0,0,0,0
400061,1,1,0,0,0,0,0,0,0,0,0,0
400062,1,1,31,31,31,31,31,31,31,31,31,31
400062,2,1,0,0,0,0,0,0,0,0,0,0
400063,1,1,0,0,0,0,0,0,6,0,0,0
400063,2,1,16,0,0,0,0,30,0,0,0,0
400064,1,1,0,0,0,0,0,0,0,0,0,0
400064,2,1,0,0,0,0,0,0,0,0,0,0
400064,3,1,0,20,0,0,0,0,0,0,0,0
400065,1,1,0,0,0,0,0,0,0,0,0,0
400065,2,1,18,18,18,18,18,18,18,18,18,18
400066,1,1,0,0,0,0,0,0,0,0,0,0
400066,2,1,0,0,0,0,0,0,0,0,0,0
400067,1,1,9,9,9,9,9,9,9,9,9,9
400067,2,1,0,0,0,0,0,0,0,0,0,0
400068,1,1,0,0,0,0,0,22,0,0,0,0
400068,2,1,0,0,0,0,0,0,0,0,0,0
400069,1,1,21,21,21,21,21,21,21,21,21,21
400070,1,1,0,0,0,0,0,0,11,0,0,5
400070,2,1,11,11,11,11,11,11,11,11,11,11
400071,0,1,11,11,11,11,11,11,11,11,11,11
400071,1,1,0,0,0,0,0,0,0,0,0,0
400072,0,1,0,0,0,0,0,0,0,0,0,0
400073,1,1,0,0,0,0,0,0,0,0,0,0
400074,0,1,0,0,0,0,0,0,0,0,0,0
400075,1,1,0,0,0,0,0,0,0,0,0,0
400076,0,1,0,0,0,0,0,0,0,0,0,0
400076,1,1,18,16,6,8,0,7,13,0,0,8
400077,1,1,0,0,0,0,0,0,0,0,0,0
400077,2,1,0,0,0,0,0,0,0,0,0,0
400078,0,1,0,0,0,0,0,0,0,0,0,0
400078,1,1,0,0,0,0,0,0,0,0,0,0
400079,1,1,0,0,0,0,0,0,0,0,0,0
400079,2,1,0,0,0,0,0,0,0,0,0,0
400080,1,1,0,0,0,0,0,0,0,0,0,0
400080,2,1,0,0,0,0,0,0,0,0,0,0
400081,1,1,0,0,0,0,0,0,0,0,0,0
400082,1,1,0,0,0,0,0,0,0,0,0,0
400082,2,1,0,0,0,0,0,0,0,0,0,0
400083,1,1,16,16,16,16,16,16,16,16,16,16
400084,1,1,0,0,0,0,0,0,0,0,0,0
400084,2,1,0,0,0,0,0,0,0,0,0,0
400085,1,1,0,0,0,0,0,0,0,0,0,0
400085,2,1,0,0,0,0,0,0,0,0,0,0
400086,1,1,0,0,0,0,0,0,0,0,0,0
400086,2,1,22,0,0,0,0,23,0,0,12,0
400086,3,1,0,0,0,0,0,0,0,0,0,0
400086,4,1,0,0,0,7,0,0,0,0,0,0
400087,1,1,27,27,27,27,27,27,27,27,27,27
400088,1,1,0,0,0,0,0,0,0,0,0,0
400089,1,1,0,0,0,0,0,0,0,0,0,0
400089,2,1,0,0,0,0,0,0,0,0,0,0
400090,1,1,0,0,0,0,0,0,0,0,0,0
400090,2,1,0,0,0,0,0,0,0,0,0,0
400091,1,1,17,17,17,17,17,17,17,17,17,17
400092,1,1,0,0,0,0,0,0,0,0,0,0
400093,1,1,0,0,0,0,0,0,0,0,0,0
400093,2,1,0,0,0,0,0,0,0,0,0,5
400093,3,1,0,0,0,0,0,0,0,0,0,0
400094,1,1,0,18,8,5,0,0,0,0,0,0
400096,1,1,0,0,0,0,0,0,0,0,0,0
400097,1,1,0,0,0,0,0,0,0,0,0,0
400098,1,1,0,0,0,0,0,0,20,0,0,0
400100,1,1,26,26,26,26,26,26,26,26,26,26
400101,1,1,0,0,0,0,0,0,0,0,0,0
400101,2,1,0,0,0,0,0,0,0,0,0,0
400101,3,1,0,0,0,0,0,0,0,0,0,0
400102,1,1,39,39,39,39,39,39,39,39,39,39
400103,1,1,0,0,0,0,0,0,0,0,0,0
400104,1,1,0,0,0,0,0,0,0,0,0,0
400104,2,1,0,0,0,0,0,0,0,0,0,0
400105,1,1,20,20,20,20,20,20,20,20,20,20
400106,1,1,26,26,26,26,26,26,26,26,26,26
400107,1,1,0,0,0,0,0,0,0,0,0,0
400108,1,1,0,0,0,0,0,0,0,0,0,0
400108,2,1,5,0,6,0,9,0,0,0,0,0
400109,1,1,0,0,0,0,0,0,0,0,0,0
400110,1,1,17,17,17,17,17,17,17,17,17,17
400111,1,1,0,0,0,0,0,0,0,0,0,0
400111,2,1,0,0,0,0,0,0,0,0,0,0
400112,0,1,0,0,0,0,0,0,0,0,0,0
400112,1,1,0,0,0,0,0,0,0,0,0,0
400113,1,1,0,0,0,0,0,0,0,0,0,0
400113,2,1,0,0,0,0,0,0,0,0,0,0
400115,0,1,0,0,0,0,0,0,0,0,0,0
400115,1,1,0,0,0,0,0,0,0,0,0,0
400116,1,1,0,0,0,0,0,0,0,0,0,0
400117,1,1,0,0,0,0,0,0,0,0,0,0
400118,1,1,21,21,21,21,21,21,21,21,21,21
400119,1,1,26,26,26,26,26,26,26,26,26,26
400120,1,1,0,0,0,0,0,0,0,0,0,0
400120,2,1,0,0,0,0,0,0,0,0,0,0
400121,1,1,0,0,0,0,0,0,0,0,0,0
400121,2,1,31,31,31,31,31,31,31,31,31,31
400122,1,1,22,22,22,22,22,22,22,22,22,22
400122,2,1,0,0,0,0,0,0,0,0,0,0
400123,1,1,15,15,15,15,15,15,15,15,15,15
400123,2,1,21,21,21,21,21,21,21,21,21,21
400124,1,1,5,5,5,5,5,5,5,5,5,5
400125,1,1,0,0,0,0,0,0,0,0,0,0
400125,2,1,0,0,0,0,0,0,0,0,0,0
400126,1,1,9,9,9,9,9,9,9,9,9,9
400127,0,1,0,0,0,0,0,0,0,0,0,0
400127,1,1,0,0,0,0,23,0,0,0,0,0
400128,1,1,0,0,0,0,0,0,0,0,0,0
400128,2,1,0,0,0,0,0,0,0,0,0,0
400129,1,1,26,26,26,26,26,26,26,26,26,26
400130,1,1,21,21,21,21,21,21,21,21,21,21
400131,1,1,0,0,0,0,0,0,0,0,0,0
400132,1,1,17,17,17,17,17,17,17,17,17,17
400133,1,1,0,0,0,0,0,0,0,0,0,0
400133,2,1,0,0,0,0,0,0,0,0,0,0
400134,1,1,3,3,3,3,3,3,3,3,3,3
400134,2,1,0,0,0,0,0,0,0,0,0,0
400135,1,1,2,2,2,2,2,2,2,2,2,2
400136,1,1,3,3,3,3,3,3,3,3,3,3
400136,2,1,0,0,0,0,0,0,0,0,0,0
400137,1,1,19,18,0,0,37,0,0,0,10,0
400138,1,1,0,0,0,0,0,0,0,0,0,0
400139,1,1,0,0,0,0,0,0,0,0,0,0
400141,1,1,0,0,0,0,0,0,0,0,0,0
400142,1,1,21,21,21,21,21,21,21,21,21,21
400143,1,1,0,0,0,0,0,0,0,0,0,0
400143,2,1,0,0,0,0,0,0,0,0,0,0
400144,1,1,22,22,22,22,22,22,22,22,22,22
400145,1,1,0,0,0,0,0,0,0,0,0,0
400145,2,1,0,0,0,0,0,0,0,0,0,0
400145,3,1,0,0,0,0,0,0,0,0,0,0
400146,1,1,5,5,5,5,5,5,5,5,5,5
400147,0,1,0,0,0,0,0,0,0,0,0,0