ST_CASE,VEH_NO,PER_NO,P1,P2,P3,P4,P5,P6,P7,P8,P9,P10
400458,1,1,22,22,22,22,22,22,22,22,22,22
400459,1,1,21,21,21,21,21,21,21,21,21,21
400460,1,1,0,0,0,0,0,0,0,0,0,0
400460,2,1,0,0,0,0,0,0,0,0,0,0
400461,1,1,0,0,0,0,0,0,0,0,0,0
400462,1,1,0,0,0,0,0,0,0,0,0,0
400462,2,1,0,0,0,0,0,0,0,0,0,0
400463,1,1,20,20,20,20,20,20,20,20,20,20
400464,0,1,27,27,27,27,27,27,27,27,27,27
400464,1,1,0,0,0,0,0,0,0,0,0,0
400465,0,1,0,0,0,0,0,0,0,0,0,0
400465,1,1,0,0,0,0,0,0,0,0,0,0
400466,1,1,0,0,0,0,0,0,0,0,0,0
400466,2,1,0,0,0,0,0,0,0,0,0,0
400467,1,1,0,0,0,0,0,0,0,0,0,0
400468,1,1,0,0,0,0,0,15,0,0,0,0
400468,2,1,0,0,0,0,0,0,0,0,0,0
400469,1,1,0,0,0,0,0,0,0,0,0,0
400469,2,1,0,0,0,0,0,0,0,0,0,0
400470,1,1,0,0,0,0,0,0,0,0,0,0
400470,2,1,0,0,0,0,0,0,0,0,0,0
400471,1,1,0,0,0,0,0,0,0,0,0,0
400471,2,1,0,0,0,0,0,0,0,0,0,0
400472,1,1,0,0,0,0,0,0,0,0,0,0
400473,1,1,0,0,0,0,0,0,0,0,0,0
400473,2,1,0,0,0,0,0,0,0,0,0,0
400474,1,1,0,0,0,0,0,0,0,0,0,0
400474,2,1,0,0,0,0,0,0,0,0,0,0
400475,1,1,36,36,36,36,36,36,36,36,36,36
400475,2,1,0,0,0,0,0,0,0,0,0,0
400476,1,1,19,19,19,19,19,19,19,19,19,19
400476,2,1,0,0,0,0,0,0,0,0,0,0
400477,1,1,0,0,0,0,0,0,0,0,0,0
400477,2,1,0,0,0,0,0,0,0,0,0,0
400478,1,1,26,26,26,26,26,26,26,26,26,26
400479,1,1,0,0,0,0,0,0,0,0,0,0
400479,2,1,0,0,0,0,0,0,0,0,0,0
400479,3,1,0,0,0,0,0,0,0,0,0,0
400479,4,1,0,0,0,0,19,0,0,0,0,0
400479,5,1,0,0,0,0,0,0,0,10,0,0
400480,0,1,3,3,3,3,3,3,3,3,3,3
400480,1,1,0,0,0,0,0,0,0,0,0,0
400480,2,1,0,0,0,0,0,0,0,0,0,0
400480,3,1,0,0,0,0,0,0,0,0,0,0
400481,1,1,0,5,0,0,0,10,0,0,0,0
400481,2,1,0,0,0,0,0,0,0,0,0,0
400482,1,1,0,0,0,5,0,0,0,0,0,0
400482,2,1,8,8,8,8,8,8,8,8,8,8
400482,3,1,0,0,0,0,0,0,0,0,0,0
400482,4,1,0,0,0,0,0,0,0,0,0,0
400483,0,1,0,0,0,0,0,0,0,0,0,0
400483,1,1,0,0,0,0,0,0,0,0,0,0
400484,1,1,0,0,0,0,0,0,0,0,0,0
400485,1,1,0,0,0,0,0,0,0,0,0,0
400485,2,1,20,20,20,20,20,20,20,20,20,20
400486,1,1,0,0,0,0,0,0,0,0,0,0
400487,1,1,9,9,9,9,9,9,9,9,9,9
400487,2,1,0,0,0,0,0,0,0,0,0,0
400488,1,1,0,0,0,0,0,0,0,0,0,0
400488,2,1,0,0,0,0,0,0,0,0,0,0
400489,1,1,12,12,12,12,12,12,12,12,12,12
400489,2,1,0,0,0,0,0,0,0,0,0,0
400490,1,1,0,0,0,0,0,0,0,0,0,0
400490,2,1,0,0,0,0,0,0,0,0,0,0
400491,0,1,0,0,0,0,0,0,0,0,0,0
400491,1,1,0,2,5,4,0,0,0,11,14,9
400491,2,1,0,0,0,0,0,0,0,0,0,0
400492,1,1,0,0,0,0,0,0,0,0,0,0
400492,2,1,0,0,0,0,0,0,0,0,0,0
400493,1,1,0,0,0,0,0,0,0,0,0,0
400493,2,1,0,0,0,0,0,0,0,0,0,0
400494,0,1,0,0,0,0,0,0,0,0,0,0
400495,0,1,0,0,0,0,0,0,0,0,0,0
400495,1,1,0,0,0,0,0,0,0,0,0,0
400496,1,1,0,0,0,0,0,0,0,0,0,0
400496,2,1,0,0,0,0,0,0,0,0,0,0
400496,3,1,0,0,0,0,0,0,24,0,0,0
400498,1,1,0,0,0,0,0,0,0,0,0,0
400498,2,1,0,0,0,0,0,0,0,0,0,0
400499,1,1,0,0,0,0,0,0,0,0,0,0
400499,2,1,0,0,0,0,0,0,0,0,0,0
400500,1,1,0,0,0,0,0,0,0,0,0,0
400500,2,1,0,0,0,0,0,0,0,0,0,0
400500,3,1,0,0,0,0,0,0,0,0,0,0
400501,0,1,0,0,0,0,0,0,0,0,0,0
400501,1,1,0,0,0,0,0,0,0,0,0,0
400502,0,1,0,0,0,0,0,0,0,0,0,0
400502,1,1,0,0,0,0,0,0,0,0,11,0
400503,1,1,0,0,0,0,0,0,0,0,0,0
400503,2,1,0,0,0,0,0,0,0,0,0,0
400504,1,1,17,17,17,17,17,17,17,17,17,17
400505,0,1,0,0,0,0,0,0,0,0,0,0
400505,1,1,0,0,0,16,0,0,0,0,0,14
400506,1,1,0,0,0,0,0,0,0,0,0,0
400507,1,1,0,0,0,0,0,0,0,0,0,0
400508,1,1,0,0,0,0,0,0,0,0,0,0
400508,2,1,0,0,0,0,0,0,0,0,0,0
400509,1,1,0,0,0,0,0,0,0,0,0,0
400509,2,1,0,0,0,0,0,0,0,0,0,0
400509,3,1,0,0,0,0,0,0,0,0,0,0
400510,0,1,0,0,0,0,0,0,0,0,0,0
400510,1,1,0,0,0,0,0,0,18,0,0,0
400511,1,1,0,0,0,0,0,16,0,0,0,0
400512,1,1,20,20,20,20,20,20,20,20,20,20
400512,2,1,0,0,0,0,0,0,0,0,0,0
400513,0,1,0,0,0,0,0,0,0,0,0,0
400513,1,1,5,5,5,5,5,5,5,5,5,5
400514,1,1,10,10,10,10,10,10,10,10,10,10
400515,1,1,0,0,0,0,0,0,0,0,31,0
400516,1,1,0,0,0,0,0,0,0,0,0,0
400516,2,1,25,25,25,25,25,25,25,25,25,25
400517,1,1,0,0,0,0,0,0,0,0,0,0
400517,2,1,0,0,0,0,0,0,0,19,0,0
400518,1,1,15,15,15,15,15,15,15,15,15,15
400519,0,1,2,2,2,2,2,2,2,2,2,2
400519,1,1,27,34,0,0,0,22,0,27,0,0
400520,1,1,0,0,0,0,0,0,0,0,0,0
400520,2,1,0,0,0,0,0,0,0,0,0,6
400520,3,1,0,0,0,0,0,0,0,0,0,0
400521,1,1,0,0,0,0,0,0,0,0,0,0
400521,2,1,0,0,0,0,0,0,0,0,0,0
400522,0,1,20,20,20,20,20,20,20,20,20,20
400522,1,1,0,0,0,0,0,0,0,0,0,0
400523,1,1,0,0,0,0,0,0,0,0,0,0
400523,2,1,0,0,0,0,0,0,0,0,0,0
400524,0,1,7,7,7,7,7,7,7,7,7,7
400524,1,1,0,0,0,0,0,0,0,0,0,0
400525,0,1,0,0,0,0,0,0,0,0,0,0
400525,1,1,0,0,0,0,0,0,0,0,0,0
400526,1,1,0,0,0,0,0,0,0,0,0,0
400526,2,1,0,0,0,0,0,0,0,0,0,0
400526,3,1,0,0,0,0,0,0,0,0,0,0
400526,4,1,0,0,0,0,0,0,0,0,0,0
400526,5,1,0,0,0,0,0,0,0,0,0,0
400527,1,1,12,12,12,12,12,12,12,12,12,12
400528,0,1,28,28,28,28,28,28,28,28,28,28
400528,1,1,19,6,0,0,20,0,0,15,0,0
400529,1,1,0,0,0,0,0,0,0,0,0,0
400530,1,1,0,0,0,0,0,0,0,0,0,0
400530,2,1,0,0,0,0,0,0,0,0,0,0
400531,1,1,0,0,0,0,0,0,0,0,0,0
400532,1,1,0,0,0,0,0,0,0,0,0,0
400532,2,1,0,0,0,0,0,0,0,0,0,0
400533,1,1,14,14,14,14,14,14,14,14,14,14
400534,1,1,0,0,0,0,0,0,0,0,0,0
400534,2,1,0,0,0,0,0,0,0,0,9,0
400535,1,1,0,0,0,0,0,0,0,0,0,0
400535,2,1,0,0,0,0,0,0,0,0,0,0
400536,1,1,0,0,0,23,0,0,0,0,0,0
400537,1,1,0,0,0,0,0,0,0,0,0,0
400538,1,1,0,0,0,0,0,0,0,0,0,0
400539,1,1,0,0,0,0,0,0,0,0,0,0
400540,1,1,30,30,30,30,30,30,30,30,30,30
400541,1,1,14,14,14,14,14,14,14,14,14,14
400541,2,1,0,0,0,0,0,0,0,0,0,0
400542,1,1,0,0,0,0,0,0,0,0,0,0
400542,2,1,0,0,0,0,0,0,0,0,0,0
400543,1,1,0,0,0,0,0,0,0,0,0,0
400543,2,1,0,0,0,0,0,0,0,0,0,0
400544,1,1,0,0,0,0,0,0,0,0,0,0
400544,2,1,0,0,0,0,0,0,0,0,0,0
400545,1,1,0,0,0,0,0,0,0,0,0,0
400547,1,1,0,0,0,0,0,0,0,0,0,0
400548,1,1,0,0,0,0,0,0,0,0,0,0
400548,2,1,0,0,0,0,0,0,0,0,0,0
400549,1,1,0,0,0,0,0,0,0,0,0,0
400549,2,1,0,0,0,0,0,0,0,0,0,0
400550,1,1,0,0,0,0,0,0,0,0,0,0
400550,2,1,0,0,0,0,0,0,0,0,0,0
400551,1,1,22,22,22,22,22,22,22,22,22,22
400552,1,1,0,0,0,0,0,0,0,0,0,0
400552,2,1,0,0,0,0,0,0,0,0,0,0
400553,1,1,0,0,0,0,0,0,0,0,0,0
400554,1,1,0,0,0,0,0,0,0,0,0,0
400554,2,1,0,0,0,0,0,0,0,0,0,0
400555,1,1,0,0,0,0,0,0,0,0,0,0
400555,2,1,0,0,0,0,0,0,0,0,0,0
400556,0,1,0,0,0,0,0,0,0,0,0,0
400556,1,1,0,0,0,0,0,0,0,0,0,0
400557,1,1,0,0,0,0,0,0,0,0,0,0
400557,2,1,0,0,0,0,0,0,0,0,0,0
400558,1,1,27,27,27,27,27,27,27,27,27,27
400559,1,1,0,0,0,0,0,0,0,0,0,0
400560,2,1,0,0,0,0,0,0,0,0,0,0
400561,1,1,8,8,8,8,8,8,8,8,8,8
400562,1,1,34,34,34,34,34,34,34,34,34,34
400563,1,1,0,0,0,0,0,0,0,0,0,0
400563,2,1,0,0,0,0,0,0,0,0,0,0
400564,1,1,12,12,12,12,12,12,12,12,12,12
400565,1,1,11,11,11,11,11,11,11,11,11,11
400566,1,1,0,0,0,0,0,0,0,0,0,0
400566,2,1,0,0,0,0,0,0,0,0,0,0
400567,1,1,0,0,0,0,0,21,0,0,0,0
400567,2,1,0,0,0,0,0,0,0,0,0,0
400568,1,1,13,13,13,13,13,13,13,13,13,13
400568,2,1,0,0,0,0,0,0,0,0,0,0
400569,1,1,0,0,0,0,0,0,0,0,0,0
400570,0,1,29,29,29,29,29,29,29,29,29,29
400570,1,1,0,0,0,0,0,0,0,0,0,0
400571,1,1,0,0,0,0,0,0,0,0,0,0
400572,1,1,27,27,27,27,27,27,27,27,27,27
400572,2,1,0,0,0,0,0,0,0,0,0,0
400572,3,1,0,0,0,0,0,0,0,0,0,0
400573,1,1,0,0,0,0,0,0,0,0,0,0
400573,2,1,0,0,0,0,0,0,0,0,0,0
400574,1,1,0,0,0,0,0,0,0,0,0,0
400574,2,1,0,0,0,0,0,0,0,0,0,0
400574,3,1,0,0,0,0,0,0,0,0,0,0
400575,1,1,3,3,3,3,3,3,3,3,3,3
400575,2,1,0,0,0,0,0,0,0,0,0,0
400575,3,1,0,0,0,0,0,0,0,0,0,0
400576,0,1,0,0,0,0,0,0,0,0,0,0
400576,1,1,0,0,0,0,0,0,0,0,0,0
400577,1,1,0,0,0,0,0,0,0,0,0,0
400577,2,1,0,0,0,0,0,0,0,0,0,0
400578,1,1,0,0,0,0,0,0,0,0,0,0
400578,2,1,0,0,0,0,0,0,0,0,0,0
400579,1,1,0,0,0,0,0,0,0,0,0,0
400579,2,1,0,0,0,0,0,0,0,0,0,0
400580,0,1,0,0,0,0,0,0,0,0,0,0
400580,1,1,0,0,0,0,0,0,0,0,0,0
400581,1,1,0,0,0,0,0,0,0,0,0,0
400581,2,1,0,0,0,0,0,0,0,0,0,0
400582,1,1,4,4,4,4,4,4,4,4,4,4
400583,1,1,0,0,0,0,0,0,0,0,0,0
400583,2,1,0,0,0,0,0,0,0,0,0,0
400584,0,1,0,0,0,0,0,0,0,0,0,0
400584,1,1,0,0,0,0,0,0,0,0,0,0
400585,1,1,32,32,32,32,32,32,32,32,32,32
400586,0,1,32,32,32,32,32,32,32,32,32,32
400586,1,1,0,0,0,0,0,0,0,0,0,0
400587,1,1,28,28,28,28,28,28,28,28,28,28
400588,1,1,25,25,25,25,25,25,25,25,25,25
400589,0,1,0,0,0,0,0,0,0,0,0,0
400589,1,1,0,0,0,0,0,0,0,0,0,0
400590,1,1,0,0,0,0,0,0,0,0,0,0
400590,2,1,0,0,0,0,0,0,0,0,0,0
400591,1,1,0,0,0,0,0,0,0,0,0,0
400592,1,1,0,0,0,0,0,0,0,0,0,0
400592,2,1,8,8,8,8,8,8,8,8,8,8
400593,1,1,0,0,0,0,0,0,0,0,0,0
400593,2,1,0,0,0,0,0,0,0,0,0,0
400594,1,1,0,0,0,0,0,0,0,0,0,0
400594,2,1,0,0,0,0,0,0,0,0,0,0
400595,1,1,0,0,0,0,0,0,0,0,0,0
400597,0,1,0,0,0,0,0,0,0,0,0,0
400597,1,1,9,9,9,9,9,9,9,9,9,9
400598,0,1,0,0,0,0,0,0,0,0,0,0
400598,1,1,0,0,0,18,0,0,0,0,0,0
400599,0,1,0,0,0,0,0,0,0,0,0,0
400599,1,1,0,0,0,0,0,0,0,0,0,0
400600,1,1,0,0,0,0,0,0,0,0,0,0
400600,2,1,12,12,12,12,12,12,12,12,12,12
400601,1,1,25,41,21,0,0,17,7,24,0,0
400602,1,1,0,0,0,0,0,0,0,0,0,0
400602,2,1,0,0,0,0,0,0,0,0,0,0
400603,1,1,34,34,34,34,34,34,34,34,34,34
400604,0,1,35,35,35,35,35,35,35,35,35,35
400604,1,1,0,0,0,0,0,0,0,0,0,0
400605,1,1,0,0,0,0,0,0,0,0,0,0
400606,1,1,0,0,0,0,0,0,0,0,0,0
400606,2,1,0,0,0,0,0,0,0,0,0,0
400607,1,1,18,18,18,18,18,18,18,18,18,18
400607,2,1,9,9,9,9,9,9,9,9,9,9
400608,1,1,0,0,0,0,0,0,0,0,0,0
400608,2,1,0,0,0,0,0,0,0,0,0,0
400609,1,1,0,0,0,0,0,0,0,0,0,0
400609,2,1,0,0,0,0,0,0,0,0,0,0
400609,3,1,0,0,0,0,0,0,0,0,0,0
400610,0,1,34,34,34,34,34,34,34,34,34,34
400610,1,1,0,0,0,0,0,31,0,0,0,16
400610,2,1,0,0,0,0,0,0,0,0,0,0
400610,3,1,0,0,0,0,0,0,0,0,0,0
410001,1,1,0,12,0,0,23,0,0,0,0,29
410002,1,1,0,0,0,0,0,0,0,0,0,0
410002,2,1,0,0,0,0,0,0,7,0,26,0
410003,1,1,0,0,0,0,0,0,0,0,0,0
410003,2,1,0,0,0,0,0,12,0,0,0,0
410004,1,1,0,24,0,0,0,0,0,0,0,10
410005,1,1,0,25,0,0,15,19,9,10,12,15
410005,2,1,0,0,0,0,0,0,0,0,0,0
410006,1,1,13,13,13,13,13,13,13,13,13,13
410007,1,1,19,19,19,19,19,19,19,19,19,19
410007,2,1,0,0,0,0,0,0,0,0,0,5
410008,1,1,5,5,5,5,5,5,5,5,5,5
410008,2,1,0,15,0,14,0,0,0,0,14,17
410009,1,1,20,20,20,20,20,20,20,20,20,20
410010,1,1,16,16,16,16,16,16,16,16,16,16
410011,1,1,25,25,25,25,25,25,25,25,25,25
410012,0,1,8,8,8,8,8,8,8,8,8,8
410012,1,1,0,0,6,12,16,8,0,0,0,2
410013,1,1,0,0,0,0,0,0,0,0,0,0
410013,2,1,0,0,0,0,0,0,0,0,0,0
410014,0,1,0,0,0,0,0,0,0,0,0,0
410014,1,1,0,0,0,0,0,7,0,0,15,0
410015,1,1,0,0,0,0,0,0,0,0,0,0
410016,0,1,0,0,0,0,0,0,0,0,0,0
410016,1,1,0,0,0,0,0,0,0,0,0,0
410017,1,1,0,0,0,0,0,0,0,0,0,0
410018,1,1,0,0,0,0,0,0,15,5,34,10
410018,2,1,0,0,0,0,0,0,0,0,0,0
410019,0,1,15,15,15,15,15,15,15,15,15,15
410019,1,1,0,0,0,0,0,0,0,0,0,0
410020,1,1,17,17,17,17,17,17,17,17,17,17
410021,0,1,0,0,0,0,0,0,0,0,0,0
410021,1,1,0,12,11,12,17,24,3,10,17,19
410022,1,1,0,0,0,0,0,0,0,0,7,27
410022,2,1,0,0,0,0,0,0,0,0,0,0
410023,1,1,7,0,20,0,0,0,0,0,0,0
410023,2,1,0,0,0,0,0,0,0,0,0,0
410024,1,1,23,23,23,23,23,23,23,23,23,23
410024,2,1,12,0,0,0,0,0,0,0,0,0
410024,3,1,0,0,0,0,0,0,0,0,0,0
410024,4,1,0,0,0,0,0,0,0,0,0,0
410024,5,1,0,17,0,14,14,0,0,24,0,0
410024,6,1,0,0,0,0,0,0,0,0,0,0
410025,1,1,15,15,15,15,15,15,15,15,15,15
410025,2,1,2,2,2,2,2,2,2,2,2,2
410026,1,1,0,0,0,0,0,0,0,0,0,0
410026,2,1,0,0,0,0,0,0,0,0,0,0
410026,3,1,21,0,0,0,23,0,0,0,24,17
410027,1,1,0,0,0,0,0,0,0,0,0,0
410027,2,1,0,0,0,0,0,0,0,0,0,0
410028,1,1,0,0,33,0,9,0,0,0,0,0
410029,0,1,0,0,0,0,0,0,0,0,0,0
410029,1,1,0,0,0,0,0,0,0,0,0,0
410030,1,1,0,0,0,0,0,0,0,0,0,0
410030,2,1,0,0,0,0,0,0,0,0,0,0
410031,1,1,0,0,0,0,0,0,0,0,0,0
410031,2,1,0,0,7,0,0,0,0,0,0,0
410032,1,1,0,0,0,0,0,0,0,0,0,0
410033,1,1,0,0,0,0,0,0,0,0,0,0
410034,1,1,29,29,29,29,29,29,29,29,29,29
410034,2,1,0,0,0,0,0,0,0,0,0,0
410034,3,1,0,0,26,0,0,0,0,0,0,0
410035,1,1,0,0,0,0,0,0,0,0,0,0
410036,1,1,0,0,0,0,0,0,0,0,0,0
410037,0,1,0,20,0,9,3,0,0,0,0,18
410037,1,1,0,0,0,0,0,0,0,0,0,0
410038,1,1,21,21,21,21,21,21,21,21,21,21
410038,2,1,0,0,0,0,0,0,0,0,0,0
410039,1,1,23,23,23,23,23,23,23,23,23,23
410039,2,1,0,0,0,0,0,0,0,0,0,0
410040,1,1,10,0,15,0,0,34,0,0,0,0
410041,1,1,0,19,0,0,0,0,0,0,0,0
410042,0,1,4,4,4,4,4,4,4,4,4,4
410042,1,1,0,0,0,0,0,0,0,0,0,0
410043,1,1,22,5,12,32,6,20,23,3,5,4
410043,2,1,0,0,0,0,0,0,0,0,0,0
410044,0,1,0,0,0,0,0,0,0,0,0,0
410044,1,1,0,20,0,0,0,4,0,0,0,12
410044,2,1,0,0,0,0,0,0,0,0,0,0
410045,1,1,0,0,0,0,0,0,0,0,0,0
410045,2,1,0,30,19,0,0,0,0,0,0,0
410045,3,1,0,0,0,0,0,0,0,0,0,0
410046,1,1,18,18,18,18,18,18,18,18,18,18
410047,1,1,0,0,0,0,0,0,0,0,0,0
410048,1,1,11,11,11,11,11,11,11,11,11,11
410048,2,1,0,0,15,10,0,0,0,0,0,0
410049,1,1,22,0,0,31,19,0,8,10,0,0
410049,2,1,0,13,0,0,0,0,0,0,0,0
410050,1,1,0,0,0,0,0,0,0,0,0,0
410051,1,1,0,0,0,0,0,0,0,0,0,0
410052,0,1,0,0,0,0,0,0,0,0,0,0
410052,1,1,0,0,0,0,0,0,0,0,0,0
410053,1,1,18,18,18,18,18,18,18,18,18,18
410053,2,1,0,0,0,0,0,0,0,0,0,0
410054,1,1,0,0,0,0,0,0,0,0,0,0
410054,2,1,0,0,13,0,0,0,18,0,0,0
410055,1,1,0,0,0,0,0,0,0,0,0,0
410056,1,1,0,0,0,0,0,0,0,0,0,0
410056,2,1,0,0,0,0,0,0,0,0,0,0
410057,1,1,0,0,0,0,0,0,0,0,0,0
410057,2,1,0,0,0,0,0,0,0,0,0,0
410058,1,1,16,16,16,16,16,16,16,16,16,16
410058,2,1,0,0,0,0,0,0,21,30,21,0
410059,1,1,40,40,40,40,40,40,40,40,40,40
410059,2,1,0,0,0,0,0,0,0,0,0,0
410060,1,1,14,14,14,14,14,14,14,14,14,14
410061,1,1,0,11,0,0,0,0,0,24,12,0
410062,1,1,0,0,0,0,0,0,0,0,0,0
410062,2,1,0,0,0,0,0,0,0,0,0,22
410063,0,1,0,0,26,12,0,26,0,0,0,12
410063,1,1,0,0,0,0,0,0,0,0,0,0
410064,1,1,0,0,0,0,0,0,0,0,0,0
410065,0,1,25,25,25,25,25,25,25,25,25,25
410065,1,1,18,24,0,6,0,0,4,0,0,9
410066,1,1,32,32,32,32,32,32,32,32,32,32
410067,1,1,12,12,12,12,12,12,12,12,12,12
410068,0,1,0,0,0,0,0,0,0,0,0,0
410068,1,1,0,0,0,0,0,0,0,0,0,0
410069,1,1,0,0,0,0,0,0,0,0,0,0
410069,2,1,4,0,3,10,0,0,0,0,0,0
410070,1,1,0,0,0,0,0,0,0,0,0,0
410070,2,1,0,0,0,9,0,0,0,0,0,18
410071,0,1,0,0,0,0,0,0,0,0,0,0
410071,1,1,0,0,10,20,17,30,22,13,12,24
410072,1,1,0,0,0,0,0,0,0,0,0,0
410072,2,1,0,0,0,0,0,0,0,0,0,0
410073,1,1,1,1,1,1,1,1,1,1,1,1
410074,1,1,0,16,17,24,0,11,23,24,14,16
410074,2,1,0,0,0,0,0,0,0,0,0,0
410075,1,1,0,11,0,7,0,0,0,0,0,19
410076,1,1,0,0,0,0,0,0,0,0,0,0
410076,2,1,0,0,0,0,26,0,0,0,0,0
410077,1,1,0,0,0,0,0,0,0,0,0,0
410078,0,1,0,0,0,0,0,0,0,0,0,0
410078,1,1,0,0,0,0,0,0,0,0,0,0
410079,1,1,0,0,0,0,0,4,0,0,0,0
410079,2,1,0,0,0,0,0,0,0,0,0,0
410080,1,1,3,3,3,3,3,3,3,3,3,3
410081,1,1,21,21,21,21,21,21,21,21,21,21
410081,2,1,0,0,0,0,0,0,0,0,0,0
410082,0,1,3,3,3,3,3,3,3,3,3,3
410082,1,1,21,0,0,0,5,0,0,9,0,18
410083,1,1,0,0,0,0,0,0,0,0,0,0
410083,2,1,0,5,0,0,0,0,0,0,0,0
410084,1,1,40,40,40,40,40,40,40,40,40,40
410085,1,1,0,0,0,0,0,0,0,0,0,0
410086,1,1,0,0,0,0,0,0,0,0,0,0
410086,2,1,0,0,26,0,9,0,0,0,0,0
410087,1,1,0,0,0,0,0,0,0,0,0,0
410087,2,1,0,0,0,0,0,0,0,0,0,0
410088,1,1,0,0,0,0,0,0,0,0,0,0
410088,2,1,0,0,0,0,0,0,0,0,0,0
410088,3,1,0,0,7,0,0,0,0,0,0,0
410088,4,1,0,0,0,0,0,0,0,0,0,0
410088,5,1,0,0,0,0,0,0,0,0,0,0
410089,1,1,19,0,0,8,0,0,0,0,0,0
410089,2,1,12,0,0,20,0,0,0,0,0,0
410090,1,1,0,0,0,0,0,0,0,0,0,0
410091,1,1,13,13,13,13,13,13,13,13,13,13
410092,0,1,0,0,0,0,0,0,0,0,0,0
410092,1,1,0,0,0,0,0,0,0,0,0,0
410093,1,1,0,0,0,0,0,0,0,0,0,0
410094,1,1,0,0,0,0,0,0,0,0,0,19
410095,1,1,0,0,0,0,0,0,0,0,0,0
410095,2,1,0,0,4,0,0,4,0,22,0,0
410096,1,1,0,0,0,0,0,0,0,0,0,0
410097,1,1,0,0,0,0,0,0,0,0,0,0
410098,1,1,8,8,8,8,8,8,8,8,8,8
410099,1,1,15,15,15,15,15,15,15,15,15,15
410100,0,1,0,0,0,0,0,23,0,0,0,0
410100,1,1,0,0,0,0,0,0,0,0,0,0
410101,1,1,20,20,20,20,20,20,20,20,20,20
410102,1,1,7,7,7,7,7,7,7,7,7,7
410103,1,1,13,13,13,13,13,13,13,13,13,13
410104,1,1,0,0,0,0,0,0,0,0,0,0
410105,1,1,20,20,20,20,20,20,20,20,20,20
410106,0,1,0,0,0,0,0,0,0,0,0,0
410106,1,1,0,0,0,0,0,0,0,0,0,0
410107,1,1,8,23,0,0,0,0,20,0,0,0
410107,2,1,20,0,12,21,0,0,0,0,29,0
410108,1,1,28,28,28,28,28,28,28,28,28,28
410109,1,1,2,2,2,2,2,2,2,2,2,2
410109,2,1,0,0,0,0,0,0,0,19,0,0
410110,1,1,0,0,9,17,0,0,0,17,0,0
410111,1,1,0,0,0,0,0,0,0,0,0,0
410111,2,1,0,0,0,0,0,0,0,0,0,0
410112,1,1,17,17,17,17,17,17,17,17,17,17
410113,1,1,0,0,0,0,0,0,0,0,0,0
410114,1,1,0,11,29,31,0,18,0,13,0,0
410115,1,1,5,5,5,5,5,5,5,5,5,5
410116,1,1,13,31,8,17,12,16,0,24,16,25
410117,1,1,0,0,23,0,0,0,17,12,12,12
410118,1,1,0,0,0,0,0,0,12,0,14,14
410118,2,1,0,0,0,0,0,0,0,0,0,0
410119,1,1,0,0,0,0,0,0,23,0,0,0
410119,2,1,0,0,0,0,0,0,0,0,0,0
410120,1,1,29,29,29,29,29,29,29,29,29,29
410121,1,1,0,0,0,0,0,0,0,0,0,0
410122,1,1,4,5,27,0,0,13,4,0,0,0
410122,2,1,0,0,0,0,0,0,0,0,0,0
410123,1,1,0,0,0,13,0,0,0,0,0,15
410123,2,1,0,0,20,17,0,0,0,31,20,0
410124,1,1,0,0,0,0,0,0,0,0,0,0
410124,2,1,0,9,0,0,0,0,0,14,22,0
410125,1,1,4,4,4,4,4,4,4,4,4,4
410125,2,1,0,0,0,0,0,0,0,0,0,0
410126,1,1,31,0,0,0,0,0,0,0,0,0
410126,2,1,0,0,0,0,0,0,0,0,0,0
410127,1,1,0,0,0,3,0,0,0,5,0,0
410128,1,1,0,0,0,0,0,0,0,0,0,0
410129,1,1,0,0,1,0,0,0,0,0,0,12
410129,2,1,0,0,0,0,0,0,0,0,0,0
410129,3,1,0,0,0,0,0,0,0,0,0,0
410130,1,1,0,23,0,0,0,0,0,0,8,0
410130,2,1,0,0,0,0,10,0,0,0,0,0
410131,1,1,7,7,7,7,7,7,7,7,7,7
410132,0,1,0,0,0,0,0,0,0,0,0,0
410132,1,1,0,0,0,0,0,0,0,0,0,0
410133,1,1,7,7,7,7,7,7,7,7,7,7
410134,1,1,0,0,0,0,0,0,0,0,0,0
410134,2,1,0,0,0,0,0,0,0,0,0,0
410135,1,1,0,0,0,0,0,0,0,0,0,0
410136,1,1,0,0,0,0,0,0,0,0,10,0
410136,2,1,0,0,0,0,0,0,0,0,0,0
410137,1,1,0,0,0,0,0,0,0,0,0,0
410137,2,1,14,0,0,0,0,0,0,0,0,0
410137,3,1,0,0,24,0,0,0,0,0,9,0
410138,1,1,12,12,12,12,12,12,12,12,12,12
410139,1,1,0,4,0,7,0,0,0,0,0,0
410139,2,1,0,0,5,0,31,0,0,27,0,0
410139,3,1,0,23,0,22,19,17,0,15,28,12
410140,1,1,17,17,17,17,17,17,17,17,17,17
410141,1,1,1,1,1,1,1,1,1,1,1,1
410142,1,1,12,12,12,12,12,12,12,12,12,12
410143,1,1,1,1,1,1,1,1,1,1,1,1
410144,1,1,0,0,0,0,0,0,0,0,0,0
410144,2,1,0,0,0,0,0,0,0,0,0,0
410144,3,1,0,0,0,0,0,0,0,0,0,14
410144,4,1,0,0,0,0,0,0,0,10,0,0
410144,5,1,0,0,0,0,0,0,0,0,0,17