ST_CASE,VEH_NO,PER_NO,P1,P2,P3,P4,P5,P6,P7,P8,P9,P10
420297,0,1,0,0,0,0,0,0,0,0,0,0
420297,1,2,0,0,0,0,0,0,0,0,0,0
420298,1,1,0,0,0,0,0,0,0,0,0,0
420298,2,1,0,0,0,0,0,0,0,0,0,0
420299,1,1,0,0,0,0,0,0,0,0,0,0
420300,1,2,20,19,16,8,0,7,0,0,0,0
420301,1,1,0,0,0,0,0,0,0,0,0,0
420301,2,1,0,0,0,0,0,0,0,0,0,0
420302,1,1,6,18,0,16,13,23,8,10,16,14
420302,2,1,2,2,2,2,2,2,2,2,2,2
420303,1,1,5,5,5,5,5,5,5,5,5,5
420304,1,1,0,0,0,0,0,0,0,0,0,0
420304,2,1,0,0,0,0,0,0,0,0,0,0
420304,3,1,0,0,0,0,0,0,9,0,0,0
420305,1,1,17,17,17,17,17,17,17,17,17,17
420305,2,1,0,0,0,0,0,0,0,0,0,0
420306,1,1,0,2,0,0,0,0,0,0,0,0
420306,2,1,0,0,0,0,21,17,0,15,27,0
420307,1,1,15,15,15,15,15,15,15,15,15,15
420308,1,1,0,0,0,0,0,0,0,0,0,12
420308,2,1,0,0,0,0,0,0,0,0,0,0
420309,1,1,0,0,0,0,0,0,0,0,0,0
420309,2,1,0,0,0,0,0,0,0,0,0,0
420310,1,1,13,0,0,19,0,30,16,0,4,0
420310,2,1,9,12,0,0,0,0,0,0,0,21
420311,1,1,25,0,16,0,0,0,14,0,0,20
420312,0,1,0,0,0,25,0,0,0,0,0,0
420312,0,2,0,0,0,0,0,0,0,0,0,0
420312,0,3,0,0,0,0,0,0,0,0,0,0
420312,2,1,0,0,0,0,0,0,0,0,0,0
420313,1,1,22,0,0,0,0,0,15,0,0,0
420314,1,1,0,0,0,0,0,0,0,0,13,10
420315,1,1,0,0,0,0,0,0,0,0,0,0
420315,2,1,0,0,0,0,0,0,0,0,0,0
420316,1,1,0,0,0,0,0,0,0,0,0,0
420317,1,1,0,0,0,0,0,0,0,0,0,0
420317,2,1,0,0,0,0,0,0,0,0,0,0
420318,1,1,0,0,0,0,0,0,0,0,0,0
420319,1,1,0,0,0,0,0,0,0,0,0,0
420320,1,1,0,14,23,5,22,6,22,14,19,9
420321,1,1,0,12,0,18,0,0,0,0,0,0
420321,2,1,0,10,10,0,0,0,0,0,0,0
420322,0,1,0,0,0,0,0,0,0,0,0,0
420322,0,2,0,0,0,0,0,0,0,0,0,0
420322,1,1,0,0,0,0,0,0,0,0,0,0
420323,1,1,0,0,0,0,0,0,0,0,0,0
420323,2,1,0,0,0,0,0,0,0,0,14,0
420323,3,1,0,0,0,0,0,0,0,0,0,0
420324,1,1,0,0,0,0,0,0,0,0,0,0
420324,2,1,0,0,0,0,0,0,0,0,0,0
420325,1,1,0,0,0,0,0,0,0,0,0,0
420325,2,1,0,0,0,0,0,0,0,0,0,0
420326,1,1,0,0,0,0,0,0,0,0,0,0
420326,2,1,0,0,0,0,0,0,0,0,0,0
420327,1,1,15,15,15,15,15,15,15,15,15,15
420328,0,1,0,0,0,0,0,0,0,0,0,0
420328,1,1,0,0,0,0,0,0,0,0,0,0
420329,0,1,0,0,0,0,0,0,0,0,0,0
420329,1,1,0,0,0,0,0,0,0,0,0,0
420330,1,1,0,0,0,0,0,0,0,0,0,0
420330,2,1,2,2,2,2,2,2,2,2,2,2
420331,1,1,0,0,0,0,0,0,0,0,0,0
420332,1,1,0,0,0,0,0,0,0,0,0,0
420332,2,1,0,0,11,0,0,0,0,0,0,0
420333,1,1,0,0,0,0,0,0,0,0,4,0
420334,1,1,26,26,26,26,26,26,26,26,26,26
420335,1,1,0,0,0,0,0,32,0,0,0,0
420335,2,1,0,0,0,0,0,0,0,0,0,0
420336,1,1,12,25,20,3,8,42,20,21,3,11
420337,1,1,19,0,0,0,8,17,0,10,19,13
420338,1,1,23,36,34,24,7,30,0,27,18,14
420339,1,1,0,0,0,0,0,0,17,32,3,0
420340,1,1,14,14,14,14,14,14,14,14,14,14
420341,1,1,28,28,28,28,28,28,28,28,28,28
420342,1,1,0,0,0,0,0,0,0,0,0,0
420342,2,1,1,1,1,1,1,1,1,1,1,1
420343,1,1,0,0,0,0,0,0,0,0,0,0
420343,2,1,0,0,0,0,0,6,0,0,0,0
420344,0,1,0,0,0,0,0,0,0,0,0,0
420344,1,1,0,0,0,0,0,0,0,0,0,0
420345,1,1,6,6,6,6,6,6,6,6,6,6
420345,2,1,0,0,0,0,0,32,0,0,5,0
420345,3,1,0,0,21,0,0,0,0,0,0,0
420346,1,1,0,0,0,0,0,0,0,0,0,0
420346,2,1,0,0,0,0,0,0,0,0,0,0
420346,3,1,0,0,0,0,0,0,0,0,0,0
420346,4,1,0,0,0,0,0,0,0,0,0,0
420347,1,1,29,28,19,20,0,0,0,24,10,0
420348,1,1,0,6,16,0,0,0,0,0,0,0
420349,1,1,0,0,0,0,0,0,0,0,0,0
420349,2,1,0,0,0,0,0,0,0,0,0,0
420350,1,1,2,2,2,2,2,2,2,2,2,2
420351,0,1,0,0,0,25,0,0,0,0,0,0
420351,1,1,4,0,0,0,0,0,8,0,20,0
420352,0,1,0,0,0,0,18,0,0,24,0,0
420352,1,1,0,0,0,0,0,0,0,0,0,0
420353,1,1,0,0,0,0,0,0,0,0,0,0
420354,1,1,0,0,0,0,0,0,0,0,0,0
420354,2,1,0,0,0,0,0,0,0,0,0,0
420355,1,1,0,0,0,0,0,0,0,0,0,33
420355,2,1,8,0,17,26,14,0,23,0,0,4
420356,1,1,0,0,0,0,0,0,0,0,0,0
420356,2,1,0,0,0,0,15,0,0,0,0,0
420356,3,1,0,0,19,0,0,0,0,0,0,0
420356,4,1,0,0,0,11,0,0,0,0,0,0
420357,1,1,0,0,19,19,0,0,0,0,17,0
420358,1,1,0,0,0,0,0,0,18,0,0,0
420358,2,1,0,0,0,0,0,0,0,0,0,0
420359,1,1,0,0,0,0,0,0,0,48,0,23
420360,1,1,17,17,17,17,17,17,17,17,17,17
420361,1,1,0,0,0,0,0,0,0,0,0,0
420361,2,1,0,0,0,0,0,0,0,0,0,0
420362,1,1,0,0,0,0,0,0,0,0,0,0
420363,1,1,0,0,0,17,0,0,0,0,0,0
420363,2,1,0,0,0,0,0,0,0,0,0,0
420364,1,1,0,22,0,19,9,0,20,17,17,0
420365,0,1,0,0,0,0,0,0,0,0,0,0
420365,1,1,38,21,18,19,11,17,0,9,0,22
420366,1,1,29,29,29,29,29,29,29,29,29,29
420367,1,1,0,0,0,0,0,0,0,0,0,0
420367,2,1,0,0,0,0,0,0,0,0,8,15
420368,1,1,16,8,4,6,13,10,11,24,7,13
420368,2,1,0,4,18,47,26,2,30,7,0,0
420369,0,1,0,0,0,0,0,0,0,0,0,0
420369,1,1,0,0,0,0,0,0,0,0,0,0
420370,0,1,0,0,0,0,8,11,0,16,24,13
420370,1,1,0,0,26,0,0,10,0,0,0,29
420371,0,1,20,20,20,20,20,20,20,20,20,20
420371,1,1,0,0,0,0,0,0,0,0,0,0
420372,1,1,0,0,0,0,0,6,0,23,0,0
420372,2,2,19,4,0,24,8,0,0,0,0,0
420373,1,1,0,0,0,0,0,0,0,0,0,0
420374,1,1,20,20,20,20,20,20,20,20,20,20
420375,1,1,0,0,0,0,0,0,0,0,0,0
420376,1,1,0,0,0,0,0,0,0,0,0,0
420376,2,1,0,0,0,0,0,0,0,0,0,0
420377,1,1,0,0,0,0,0,0,0,0,0,0
420377,2,1,0,0,0,0,0,0,0,0,0,0
420378,1,1,0,14,0,0,0,21,0,8,19,0
420379,1,2,0,0,0,24,0,0,0,0,0,0
420379,2,1,8,8,8,8,8,8,8,8,8,8
420380,1,1,19,19,19,19,19,19,19,19,19,19
420381,1,1,0,0,0,0,0,0,0,0,0,0
420382,1,1,22,22,22,22,22,22,22,22,22,22
420383,1,1,0,22,0,0,5,0,0,0,0,0
420384,0,1,0,0,0,0,0,0,0,0,0,0
420384,1,1,0,0,0,0,23,0,0,0,0,0
420385,1,1,19,4,20,0,5,4,16,29,12,7
420385,2,1,0,0,0,0,0,0,0,0,0,0
420386,1,1,0,0,0,0,0,0,0,0,0,0
420387,1,1,0,0,0,0,0,0,0,0,0,0
420388,1,1,0,0,0,0,0,0,0,0,0,0
420389,1,1,33,33,0,7,0,21,0,3,0,12
420390,1,1,0,0,0,0,0,0,0,0,0,0
420391,1,1,0,0,0,0,0,0,28,12,0,0
420391,2,1,0,0,0,0,0,0,0,0,0,0
420392,0,1,0,0,0,0,0,0,0,0,0,0
420392,1,1,0,0,0,0,16,8,0,0,16,0
420393,1,1,0,0,0,0,0,0,0,0,0,0
420393,2,1,0,0,0,0,0,0,0,0,24,0
420394,0,1,0,0,0,0,0,0,0,0,0,0
420394,1,1,14,18,21,14,2,24,0,17,13,28
420394,2,1,7,9,16,14,14,37,0,0,5,7
420394,3,1,0,0,0,0,0,0,0,10,0,0
420395,1,1,0,0,0,11,0,0,0,0,0,0
420396,1,1,0,0,0,0,0,0,8,0,0,0
420396,2,1,0,0,11,0,30,0,0,0,0,0
420397,1,1,15,15,15,15,15,15,15,15,15,15
420398,1,1,0,0,0,0,0,0,0,0,0,0
420398,2,1,0,0,0,10,0,0,0,0,0,0
420399,1,1,0,0,0,24,20,0,0,0,0,12
420400,1,1,0,0,0,0,0,0,0,0,0,0
420401,1,1,0,0,0,0,0,0,0,0,0,0
420401,2,1,0,0,0,0,0,0,0,0,0,0
420401,3,1,0,0,0,0,0,0,0,0,0,0
420402,1,1,0,0,0,0,0,0,0,0,0,0
420402,2,1,0,0,0,0,0,0,0,0,0,0
420403,1,1,0,0,0,0,0,0,0,0,19,0
420403,2,1,0,0,0,0,0,0,0,0,0,0
420404,1,1,11,11,11,11,11,11,11,11,11,11
420405,1,1,0,0,0,0,0,0,0,0,0,0
420405,2,1,0,0,0,0,0,0,0,0,0,0
420406,1,1,18,18,18,18,18,18,18,18,18,18
420406,2,1,25,25,25,25,25,25,25,25,25,25
420407,1,1,0,0,0,0,0,0,0,0,0,0
420407,2,1,0,0,0,0,0,0,0,0,0,0
420407,3,1,0,0,0,0,0,0,0,0,0,0
420408,1,1,0,0,0,0,0,0,0,0,0,0
420408,2,1,0,0,0,0,0,0,0,0,0,0
420409,1,1,0,0,13,24,0,0,0,0,19,10
420410,1,1,19,12,10,0,18,24,17,16,16,7
420411,1,1,17,17,17,17,17,17,17,17,17,17
420412,1,1,0,18,0,13,0,0,0,0,13,0
420413,1,1,0,0,0,0,0,0,0,0,0,0
420414,0,1,0,0,0,0,0,0,0,0,0,0
420414,1,1,0,0,0,0,28,0,0,0,0,0
420415,0,1,0,0,0,0,0,0,0,0,0,0
420415,1,1,0,0,0,0,0,0,0,0,0,0
420415,2,1,0,0,0,0,0,0,0,0,0,0
420416,0,1,0,0,0,0,0,0,0,0,0,0
420416,1,1,0,0,0,0,0,0,0,0,0,0
420417,1,1,0,0,0,0,0,7,0,0,0,0
420418,1,1,0,0,0,0,0,0,0,0,0,0
420418,2,1,15,0,0,0,0,0,13,0,0,0
420419,1,1,23,23,23,23,23,23,23,23,23,23
420420,1,1,0,0,0,0,0,0,0,0,0,0
420421,1,1,0,0,0,0,0,0,0,0,0,0
420421,2,2,0,0,0,0,0,0,27,0,0,0
420422,1,1,0,0,0,0,0,0,0,0,0,0
420422,2,1,0,0,0,0,0,0,0,0,0,0
420423,1,1,0,0,0,0,0,0,0,0,0,0
420423,2,1,0,0,0,0,0,0,0,0,0,6
420424,1,1,0,0,0,0,0,0,0,0,0,0
420425,1,1,0,0,0,0,0,0,0,0,0,0
420425,2,1,0,39,28,0,0,0,0,0,0,0
420425,3,1,0,0,0,0,0,0,0,0,0,0
420426,0,1,0,0,0,0,0,0,0,0,0,0
420426,1,1,0,0,0,0,0,0,0,0,0,0
420426,2,1,0,0,0,0,0,0,0,0,0,0
420426,4,1,0,0,0,0,0,0,0,0,0,0
420427,0,1,0,0,0,0,0,0,0,0,0,0
420427,1,1,0,0,0,0,0,0,0,0,0,0
420428,1,1,0,0,0,0,0,0,0,0,0,0
420428,2,1,0,0,0,0,0,0,0,9,0,0
420429,1,1,0,0,16,0,0,0,0,0,0,0
420429,2,1,0,0,0,0,0,0,0,0,0,0
420430,1,1,12,12,12,12,12,12,12,12,12,12
420431,1,1,35,35,35,35,35,35,35,35,35,35
420432,1,1,0,0,0,0,0,0,0,0,0,0
420432,2,1,0,0,0,0,0,0,0,0,0,0
420433,1,1,21,21,21,21,21,21,21,21,21,21
420434,1,1,0,0,0,0,0,0,0,0,0,0
420435,1,1,0,0,0,0,0,0,0,0,0,0
420436,1,1,18,18,18,18,18,18,18,18,18,18
420436,2,1,0,0,0,0,0,0,0,0,0,0
420437,1,1,21,21,21,21,21,21,21,21,21,21
420438,1,1,0,0,0,0,0,0,0,0,28,0
420438,2,1,0,11,15,0,0,18,0,21,0,0
420439,1,1,0,0,0,0,0,0,0,0,0,0
420440,0,1,0,0,0,0,0,0,0,0,0,0
420440,1,1,14,19,0,0,0,0,0,0,0,0
420441,1,1,0,0,0,0,0,0,28,0,7,0
420442,1,1,0,0,0,0,0,0,0,0,0,0
420443,1,1,0,0,0,0,0,0,19,0,0,0
420444,1,1,0,0,0,0,0,0,0,0,0,0
420444,2,1,0,0,0,0,0,0,0,0,0,0
420445,1,1,0,0,0,10,0,0,0,0,0,0
420446,1,1,13,0,0,0,0,0,0,0,0,0
420446,2,1,0,0,0,0,0,0,0,22,0,0
420447,1,1,20,20,20,20,20,20,20,20,20,20
420448,1,1,0,0,0,0,0,0,0,0,0,0
420448,2,1,0,0,0,0,0,0,0,0,0,0
420449,0,1,24,24,24,24,24,24,24,24,24,24
420449,1,1,0,0,0,0,0,0,0,0,0,0
420449,2,1,0,0,0,0,0,0,0,0,0,0
420450,1,1,0,0,0,9,0,0,0,0,0,0
420450,2,1,0,0,0,0,0,0,0,0,0,0
420451,1,1,12,12,12,12,12,12,12,12,12,12
420451,2,1,0,0,0,0,0,0,0,0,0,0
420452,1,1,1,1,1,1,1,1,1,1,1,1
420452,2,1,0,0,0,0,0,0,0,0,0,0
420453,1,1,0,0,0,0,0,0,0,0,0,0
420453,2,1,0,0,0,0,0,0,0,0,0,0
420454,1,1,4,4,4,4,4,4,4,4,4,4
420454,2,1,10,23,5,17,5,0,27,12,2,34
420455,1,1,0,0,0,0,0,0,0,0,0,0
420456,0,1,0,0,0,0,0,0,0,0,0,0
420456,1,1,0,0,0,11,10,0,0,21,0,0
420457,1,1,0,0,0,0,0,0,0,0,0,0
420458,1,1,20,20,20,20,20,20,20,20,20,20
420459,0,1,31,31,31,31,31,31,31,31,31,31
420459,1,1,0,0,0,0,0,0,0,0,0,18
420460,1,1,0,0,0,0,0,0,0,0,0,0
420460,2,1,0,0,0,24,0,0,0,0,0,0
420461,1,1,15,15,15,15,15,15,15,15,15,15
420462,1,1,19,19,19,19,19,19,19,19,19,19
420463,1,1,0,0,0,0,0,0,0,0,0,0
420463,2,1,1,1,1,1,1,1,1,1,1,1
420464,1,1,0,0,0,0,0,0,0,0,0,0
420465,1,1,21,21,21,21,21,21,21,21,21,21
420466,1,1,0,0,0,0,0,0,0,0,0,0
420466,2,1,0,0,0,0,0,0,0,0,0,0
420467,0,1,0,0,0,0,0,0,0,0,0,0
420467,1,1,0,0,0,0,0,0,0,0,0,0
420468,1,1,10,8,2,8,0,18,15,5,0,20
420468,2,1,0,0,0,18,0,0,0,15,0,0
420469,1,1,15,15,15,15,15,15,15,15,15,15
420469,2,1,0,0,0,0,0,0,0,0,0,0
420470,1,1,0,0,0,0,0,0,0,0,0,0
420470,2,1,0,0,0,0,0,0,0,0,0,0
420471,1,1,0,0,0,0,0,0,0,0,0,0
420471,2,1,0,0,0,0,0,0,0,0,0,0
420471,3,1,0,0,0,0,0,0,0,0,0,0
420472,1,1,0,0,25,0,0,0,0,0,0,0
420472,2,1,0,20,0,17,0,14,0,0,0,0
420472,3,1,0,0,0,0,0,0,0,0,0,0
420473,1,1,0,0,0,0,0,0,0,0,5,0
420473,2,1,0,0,0,0,0,0,0,0,0,0
420473,3,1,5,0,0,0,0,0,0,0,0,0
420474,0,1,0,0,0,0,0,0,0,0,0,0
420474,1,1,0,0,25,0,0,0,0,0,0,0
420474,2,1,0,0,0,0,0,0,0,0,0,0
420475,1,1,0,0,0,0,0,0,0,0,0,0
420476,1,1,2,24,3,11,21,17,12,5,10,20
420476,2,1,0,16,0,0,0,0,0,0,6,0
420477,1,1,0,0,0,0,0,0,0,0,0,0
420478,1,1,0,0,0,0,0,0,0,0,0,0
420478,2,1,0,5,0,0,0,0,0,0,0,0
420479,1,1,0,0,0,0,0,0,0,0,0,0
420480,1,1,8,8,8,8,8,8,8,8,8,8
420481,1,1,17,17,17,17,17,17,17,17,17,17
420481,2,1,0,0,0,0,0,0,9,0,0,0
420482,1,1,0,0,0,0,0,0,20,0,0,0
420482,2,1,0,0,15,0,0,0,0,0,0,0
420483,1,1,0,0,0,0,0,0,0,0,0,0
420484,1,1,12,12,8,27,7,11,26,31,19,18
420485,1,1,0,0,0,0,0,0,0,0,0,0
420485,2,1,0,0,0,0,0,0,0,0,0,0
420486,1,1,0,0,0,0,0,0,0,0,0,0
420487,1,1,0,0,0,0,0,0,0,0,0,0
420488,1,1,15,15,15,15,15,15,15,15,15,15
420488,2,1,12,12,12,12,12,12,12,12,12,12
420489,1,1,0,0,0,0,0,0,0,0,0,0
420490,1,1,14,12,0,34,10,0,8,0,22,0
420491,1,1,0,0,0,0,0,0,0,0,0,0
420491,2,1,0,0,0,0,0,0,0,10,0,0
420492,1,1,0,0,0,0,0,0,0,0,0,0
420492,2,1,8,8,8,8,8,8,8,8,8,8
420493,1,1,23,23,23,23,23,23,23,23,23,23
420494,1,1,22,22,22,22,22,22,22,22,22,22
420495,1,1,0,0,0,0,0,0,0,0,0,0
420495,2,1,0,0,0,0,0,0,0,0,0,0
420496,1,1,0,0,0,0,0,0,0,0,0,0
420497,1,1,0,0,0,0,0,0,0,0,0,0
420497,2,1,0,0,0,0,0,0,0,0,0,0
420498,1,1,0,0,0,0,0,0,0,0,0,0
420498,2,1,0,0,0,0,0,0,0,0,0,0
420499,1,1,0,0,0,0,0,0,0,0,0,0
420500,1,1,0,0,0,0,0,0,0,0,0,0
420500,2,1,0,0,0,0,0,0,0,0,0,0
420501,1,1,0,0,0,0,0,0,0,0,0,18
420501,2,1,3,0,0,5,0,0,0,0,23,7
420502,1,1,0,0,0,0,0,0,0,0,0,0
420503,1,1,29,29,29,29,29,29,29,29,29,29
420504,0,1,0,0,30,0,0,0,16,0,0,0
420504,0,2,32,27,0,0,0,0,0,0,0,0
420504,0,3,7,7,7,7,7,7,7,7,7,7
420504,1,1,0,0,0,0,0,19,0,0,0,0
420505,1,1,0,0,0,13,0,0,0,0,0,0
420506,1,1,0,0,0,0,0,0,0,0,0,0
420506,2,1,0,0,0,0,0,0,0,0,0,0
420507,1,1,0,0,0,0,0,14,0,0,0,0
420508,1,1,0,0,0,0,0,0,0,0,0,0
420509,0,1,0,0,0,0,0,0,0,0,0,0
420509,1,1,10,0,11,0,0,0,18,2,3,10
420509,2,1,0,0,0,0,0,0,0,0,0,0
420510,1,1,9,11,19,9,7,4,9,14,8,3
420510,2,1,0,0,0,0,0,0,0,0,0,0
420511,1,1,0,18,15,5,40,0,0,0,14,18
420511,2,1,23,24,16,0,19,31,22,12,32,0
420512,1,1,0,0,0,0,0,0,0,0,0,0
420512,2,1,0,0,0,0,0,0,0,0,0,0
420513,1,1,0,0,0,0,0,0,0,0,0,0
420513,2,1,0,0,0,16,14,0,0,26,21,0
420514,1,1,23,23,23,23,23,23,23,23,23,23
420514,2,1,10,10,10,10,10,10,10,10,10,10
420515,1,1,0,0,0,0,0,0,0,0,0,0
420516,1,1,0,0,0,0,0,0,0,0,0,0
420516,2,1,0,0,0,0,0,0,0,0,0,0
420517,1,1,0,0,0,0,0,0,0,0,0,0
420517,2,1,0,0,0,0,0,0,0,0,0,0
420518,0,1,0,0,0,0,0,0,0,0,0,0
420518,1,1,0,0,0,0,0,6,0,0,0,11
420519,0,1,0,29,0,0,0,0,17,0,0,0
420519,1,1,0,0,0,0,0,0,0,0,0,0
420520,1,1,0,0,0,0,0,0,0,0,0,0
420520,2,1,0,0,0,0,0,0,0,0,0,0
420521,0,1,25,25,25,25,25,25,25,25,25,25
420521,1,1,12,0,8,20,6,16,0,8,0,0
420522,1,1,0,0,0,0,0,0,0,0,0,0
420523,1,1,0,0,0,0,0,0,0,0,0,0
420524,1,1,13,4,3,17,10,26,15,15,40,14
420525,1,1,7,0,0,0,0,0,0,0,0,0
420525,2,1,0,0,0,0,0,0,0,0,0,0
420526,1,1,0,0,18,0,0,0,0,0,13,0
420526,2,1,0,0,0,0,0,0,0,0,0,0
420527,1,1,14,11,20,0,0,0,0,34,0,0
420528,1,1,0,0,0,0,0,0,0,0,0,0
420529,0,1,0,10,0,0,0,0,0,0,23,21
420529,1,1,0,0,0,19,0,15,14,14,0,33
420530,0,1,0,20,0,21,18,0,7,0,0,0
420530,1,1,0,19,16,0,33,14,14,18,12,0
420531,1,1,29,29,20,20,17,21,18,23,23,15
420532,1,1,0,0,0,0,33,20,0,0,0,0
420533,1,1,15,15,15,15,15,15,15,15,15,15
420534,1,1,0,0,0,0,0,0,0,0,0,0
420534,2,1,0,12,0,0,0,0,0,8,0,0
420535,1,1,25,19,12,9,0,0,0,28,0,0
420536,1,1,0,0,0,0,0,0,0,0,0,0
420536,2,1,0,0,0,0,0,0,0,0,0,0
420536,3,1,0,0,0,0,0,0,0,0,0,0
420537,1,1,11,11,11,11,11,11,11,11,11,11
420538,1,1,27,19,9,21,13,9,17,0,25,20
420539,0,1,0,0,0,0,0,0,0,0,0,0
420539,1,1,0,0,0,0,0,0,9,0,0,0
420540,1,1,0,0,0,0,0,0,0,0,0,0
420541,0,1,29,25,0,0,0,0,3,0,0,0
420541,1,1,0,0,0,0,0,0,0,0,0,0
420542,1,1,0,0,0,0,0,0,0,0,0,0
420542,2,1,0,0,0,0,0,0,0,0,0,0
420543,1,1,0,0,0,0,0,0,0,0,0,0
420543,2,1,0,0,0,0,0,0,0,0,0,0
420544,1,1,6,6,6,6,6,6,6,6,6,6
420545,1,1,26,26,26,26,26,26,26,26,26,26
420546,1,1,0,0,0,0,0,0,0,0,0,0
420546,2,1,0,0,0,0,0,0,0,0,0,0
420547,1,1,0,0,0,0,0,0,0,0,0,0
420547,2,1,0,0,0,0,0,0,0,0,0,0
420547,3,1,0,0,0,0,0,11,0,0,0,0
420548,0,1,0,0,0,0,0,0,0,0,0,0
420548,1,1,0,0,0,0,0,0,0,0,0,0
420549,1,1,0,0,0,0,0,0,0,0,0,0
420549,2,1,0,0,0,0,0,0,0,0,0,0
420550,1,1,8,8,8,8,8,8,8,8,8,8
420551,1,1,17,17,17,17,17,17,17,17,17,17
420552,1,1,13,13,13,13,13,13,13,13,13,13
420553,1,1,0,0,0,0,0,0,0,0,0,0
420553,2,1,8,8,8,8,8,8,8,8,8,8
420554,0,1,0,0,0,0,0,0,0,0,0,0
420554,1,1,0,0,0,0,0,0,0,0,0,0
420555,1,1,16,16,16,16,16,16,16,16,16,16
420556,0,1,16,16,16,16,16,16,16,16,16,16
420556,1,1,31,26,0,0,0,16,16,11,24,0
420557,1,1,0,0,0,0,0,0,0,0,0,0
420558,1,1,0,0,0,0,0,0,0,0,0,0
420558,2,1,0,0,9,0,0,0,0,0,5,0
420559,1,1,0,0,0,0,0,0,0,0,0,0
420559,2,1,0,0,24,0,0,0,0,0,0,0
420560,1,1,0,0,0,0,0,0,0,0,0,0
420560,2,1,0,0,0,0,0,0,0,0,0,0
420561,1,1,0,0,0,0,0,0,0,0,7,11
420561,2,1,0,0,0,0,0,0,0,0,0,0
420562,1,1,0,0,0,0,0,0,0,0,0,0
420562,2,1,0,0,0,0,0,0,0,0,0,0
420563,1,1,0,0,0,0,0,0,0,0,0,0
420563,2,1,0,0,0,0,0,0,0,0,0,0
420564,1,1,0,0,0,0,0,0,0,0,0,0
420564,2,1,0,0,0,0,0,0,0,0,0,0
420565,1,1,0,0,0,0,0,0,0,0,0,0
420565,2,1,0,0,0,0,0,0,0,0,0,0
420565,3,1,0,0,0,0,0,0,0,0,19,0
420565,4,1,2,0,0,0,0,0,0,0,0,0
420566,0,1,22,22,22,22,22,22,22,22,22,22
420566,1,1,0,0,0,0,0,0,0,0,0,0
420567,1,1,0,0,0,0,0,0,0,0,0,0
420567,2,1,0,0,0,0,0,0,0,0,0,0
420567,3,1,0,0,0,0,0,0,0,0,0,0
420567,4,1,0,0,0,0,0,0,0,0,0,0
420568,1,1,0,0,0,0,0,0,0,0,0,0
420568,2,1,0,0,0,0,0,0,0,0,0,0
420569,1,1,14,14,14,14,14,14,14,14,14,14
420569,2,1,0,0,0,0,0,0,0,0,0,0
420570,1,1,0,0,0,0,0,0,0,0,0,0
420571,1,1,15,15,15,15,15,15,15,15,15,15
420572,1,1,0,0,0,0,0,0,0,0,0,0
420572,2,1,0,0,0,0,0,0,0,0,0,0
420573,1,1,0,0,0,0,0,0,0,0,0,0
420573,2,1,0,0,0,0,0,0,0,0,0,0
420574,1,1,0,0,0,0,0,0,0,0,0,0
420575,1,1,29,29,29,29,29,29,29,29,29,29
420576,1,1,0,0,0,0,24,0,0,0,0,12
420576,2,1,0,0,0,0,0,0,0,0,0,0
420577,1,1,0,0,0,0,0,0,0,0,0,0
420577,2,1,0,0,0,18,0,0,0,0,21,0
420578,0,1,0,0,0,0,0,0,0,0,0,0
420578,1,1,0,0,0,0,0,0,0,0,0,0
420579,0,1,13,45,0,0,0,9,0,0,0,26
420579,1,1,19,19,19,19,19,19,19,19,19,19
420580,1,1,22,22,22,22,22,22,22,22,22,22
420580,2,1,0,0,0,0,0,0,0,0,0,0
420581,1,1,0,0,0,0,0,0,0,0,0,0
420581,2,1,0,0,0,0,0,0,0,0,0,0
420582,1,1,0,0,0,0,0,37,0,0,0,0
420583,1,1,0,0,0,0,0,0,0,0,0,0
420583,2,1,0,0,0,0,0,0,0,0,0,0
420584,1,1,0,0,0,0,0,0,0,0,0,0
420584,2,1,0,0,0,0,0,0,0,0,0,0
420585,0,1,0,0,0,0,0,0,0,0,0,0
420585,1,1,0,0,0,0,0,0,0,0,0,0
420586,0,1,0,0,0,0,0,0,0,0,0,0
420586,1,1,0,0,0,0,0,0,0,0,0,13
420587,1,1,0,0,0,0,0,0,0,0,0,0
420588,1,1,0,0,0,6,0,0,0,0,0,0
420588,2,1,0,0,0,0,0,0,0,12,14,0
420589,1,1,0,0,0,0,0,0,0,0,0,0
420590,1,1,10,0,21,24,0,29,19,18,14,6
420590,2,1,0,0,0,0,0,0,0,0,0,0
420591,1,1,24,0,13,0,18,0,10,0,9,19
420592,1,1,0,0,0,0,0,0,0,0,0,7
420592,2,1,0,0,0,0,0,0,0,0,0,0
420593,0,1,0,0,0,0,0,27,0,0,0,0
420593,1,1,0,0,0,0,0,11,0,0,0,0
420594,0,1,0,0,0,0,0,0,0,0,0,0
420594,1,1,0,0,0,14,0,0,18,0,0,0
420595,0,1,6,6,6,6,6,6,6,6,6,6
420595,1,1,0,0,0,0,0,0,0,0,0,0
420596,1,1,28,28,28,28,28,28,28,28,28,28
420596,2,1,0,0,0,0,0,0,0,11,0,0
420596,3,1,0,0,0,12,0,0,0,0,0,0
420597,0,1,0,0,0,0,0,0,0,0,0,0
420597,1,1,14,23,0,32,0,0,18,16,14,0
420598,1,1,0,0,0,0,0,0,0,0,0,0