ST_CASE,VEH_NO,PER_NO,P1,P2,P3,P4,P5,P6,P7,P8,P9,P10
450399,1,1,0,0,0,0,0,0,0,0,0,0
450399,2,1,0,0,0,0,0,0,0,0,0,0
450400,1,1,39,39,39,39,39,39,39,39,39,39
450401,1,1,0,0,0,0,0,0,0,0,0,0
450401,2,1,0,0,0,0,0,0,0,0,0,0
450402,1,1,15,15,15,15,15,15,15,15,15,15
450402,2,1,0,0,0,11,0,0,20,36,0,0
450403,1,1,0,0,0,18,0,0,0,0,0,0
450404,1,1,13,13,13,13,13,13,13,13,13,13
450405,1,1,0,0,0,0,0,0,10,0,0,0
450405,2,1,0,0,0,0,23,0,0,0,0,0
450406,0,1,19,19,19,19,19,19,19,19,19,19
450406,1,1,0,0,0,0,0,0,0,0,0,0
450407,0,1,24,24,24,24,24,24,24,24,24,24
450407,0,2,10,0,0,0,0,0,0,0,0,0
450407,1,1,0,0,0,14,0,0,0,0,0,0
450408,1,1,0,0,0,0,0,0,0,0,0,0
450408,2,1,0,0,0,0,0,0,0,0,0,0
450409,1,1,0,0,0,0,0,0,0,0,0,0
450410,1,1,0,0,0,0,0,0,0,0,0,0
450410,2,1,0,0,0,0,0,0,0,0,0,0
450410,3,1,0,0,0,0,0,0,0,0,0,0
450411,0,1,0,0,0,14,16,19,18,0,0,0
450411,2,1,0,0,0,0,0,0,0,0,0,0
450412,1,1,22,22,22,22,22,22,22,22,22,22
450413,1,1,0,0,0,0,14,0,0,0,0,0
450414,0,1,0,0,0,0,0,0,0,0,0,0
450414,1,1,0,0,0,0,0,0,0,0,0,3
450415,1,1,0,0,0,0,0,0,0,0,0,0
450416,2,1,0,0,29,0,0,0,0,0,0,11
450416,3,1,0,0,0,0,0,0,0,0,0,0
450417,1,1,0,3,0,15,31,0,21,19,0,20
450418,1,1,0,0,21,31,0,0,0,0,15,0
450419,1,1,0,0,0,0,0,0,0,0,0,0
450420,1,1,0,0,0,17,0,0,0,0,0,0
450420,2,1,0,0,0,0,0,0,0,0,0,0
450420,3,1,0,7,0,0,0,0,0,0,0,0
450421,0,1,0,0,0,0,0,0,0,0,0,0
450421,1,1,0,0,0,0,14,0,0,0,0,0
450422,0,1,0,22,0,20,0,0,24,0,0,0
450422,1,1,0,0,0,0,0,0,0,0,0,0
450423,1,1,0,0,0,0,0,0,0,0,0,0
450423,2,1,0,0,0,0,0,0,0,0,0,0
450423,3,1,0,0,0,0,0,0,0,0,0,0
450424,1,1,0,0,0,0,0,0,0,0,0,0
450424,2,1,0,0,0,0,0,0,0,0,0,0
450424,3,1,0,0,0,0,0,0,0,0,0,0
450425,1,1,22,22,22,22,22,22,22,22,22,22
450426,1,1,0,0,0,0,0,0,0,0,0,11
450427,1,1,0,0,0,0,0,0,0,0,0,0
450427,2,1,10,0,0,8,0,0,0,0,0,0
450428,1,1,0,0,0,0,0,0,0,0,0,0
450430,1,1,0,0,0,0,0,0,0,0,0,0
450431,0,1,22,22,22,22,22,22,22,22,22,22
450431,1,1,0,0,0,0,0,0,0,0,0,16
450432,1,1,0,0,0,0,0,0,0,0,0,0
450432,2,1,0,0,14,0,0,0,0,0,0,0
450432,3,1,0,0,0,0,0,17,0,30,0,0
450433,1,1,0,0,0,0,0,0,0,0,0,0
450433,2,1,0,0,0,0,0,0,0,0,0,0
450434,1,1,0,0,0,0,0,0,0,0,0,0
450434,2,1,0,0,0,0,0,0,0,0,0,0
450435,1,1,0,0,0,0,30,0,0,0,0,0
450435,2,1,6,6,6,6,6,6,6,6,6,6
450436,1,1,22,22,22,22,22,22,22,22,22,22
450437,1,1,0,0,0,0,0,0,0,0,0,0
450438,1,1,11,11,11,11,11,11,11,11,11,11
450439,1,1,0,0,0,0,0,0,0,0,0,0
450440,1,1,13,13,13,13,13,13,13,13,13,13
450441,1,1,19,0,0,0,0,0,5,0,0,0
450442,1,1,12,12,12,12,12,12,12,12,12,12
450443,1,1,0,0,0,0,0,0,0,0,0,0
450443,2,1,0,0,0,0,0,0,0,0,0,0
450444,1,1,0,0,0,0,0,4,19,0,0,0
450444,2,1,0,0,15,0,0,0,0,0,0,0
450444,3,1,0,0,0,0,0,0,0,0,0,0
450445,0,1,0,0,0,0,0,0,0,0,0,12
450445,1,1,0,0,0,0,0,6,0,0,0,0
450446,1,1,0,0,0,23,0,0,0,0,0,0
450447,1,1,0,0,0,0,0,0,0,0,0,0
450448,1,1,17,17,17,17,17,17,17,17,17,17
450449,0,1,0,0,0,0,0,0,0,0,0,0
450449,1,1,0,0,0,0,0,0,0,0,0,0
450450,0,1,0,0,0,0,0,0,0,0,0,0
450450,1,1,0,0,0,0,0,0,0,0,24,0
450450,2,1,0,0,0,0,0,0,0,0,0,0
450451,0,1,0,0,0,20,0,0,0,0,0,0
450451,0,2,0,0,0,0,0,0,0,0,0,0
450451,1,1,11,32,32,16,24,26,12,12,26,18
450452,0,1,23,23,23,23,23,23,23,23,23,23
450452,1,1,0,25,0,0,9,0,2,0,10,14
450453,1,1,16,16,16,16,16,16,16,16,16,16
450454,1,1,0,0,0,0,0,0,0,0,0,0
450455,1,1,0,0,0,0,0,0,0,0,0,0
450456,1,1,14,14,14,14,14,14,14,14,14,14
450458,1,1,0,0,0,0,0,0,0,0,0,0
450459,1,1,0,0,0,0,0,0,0,0,0,0
450459,2,1,0,0,0,0,0,0,0,0,0,0
450460,0,1,0,0,0,0,0,0,0,36,0,0
450460,1,1,0,0,7,0,0,0,0,0,0,19
450461,0,1,26,26,26,26,26,26,26,26,26,26
450461,1,1,0,0,0,0,0,0,0,0,0,0
450462,1,1,27,27,27,27,27,27,27,27,27,27
450463,1,1,0,0,0,14,0,0,0,0,0,0
450463,2,1,0,22,16,38,33,9,8,7,0,0
450464,2,1,0,0,0,0,0,0,0,0,0,0
450465,1,1,14,14,14,14,14,14,14,14,14,14
450465,2,1,0,0,0,0,0,0,0,0,0,0
450466,1,1,0,0,0,0,0,0,0,0,0,0
450466,2,1,0,0,0,0,0,0,0,0,0,0
450467,1,1,0,0,0,0,0,0,0,0,0,0
450468,1,1,0,0,0,0,0,0,0,0,0,0
450468,2,1,0,0,0,0,0,0,0,0,0,0
450468,3,1,0,31,21,0,0,0,0,0,0,0
450469,1,1,0,0,0,0,0,0,0,0,22,0
450469,2,1,14,14,14,14,14,14,14,14,14,14
450470,1,1,0,0,0,0,0,0,0,0,0,0
450470,2,1,0,0,0,0,0,0,0,0,0,0
450471,1,1,19,19,19,19,19,19,19,19,19,19
450471,2,1,0,0,0,0,0,0,0,0,0,0
450472,1,1,0,0,0,0,0,0,0,0,0,0
450472,2,1,0,0,0,0,0,0,0,0,0,0
450473,0,1,0,0,0,0,0,0,0,0,0,0
450473,1,1,0,0,0,0,0,0,10,0,0,0
450474,0,1,0,0,0,0,0,0,0,0,0,0
450474,1,1,0,0,0,0,0,0,0,0,0,0
450475,1,1,27,27,27,27,27,27,27,27,27,27
450476,1,1,0,0,0,0,0,0,0,0,0,0
450477,0,1,0,0,9,0,0,0,0,0,0,0
450477,1,1,26,0,0,0,0,0,0,0,0,0
450478,1,1,0,0,0,0,0,0,0,0,0,0
450478,2,1,0,0,0,0,0,0,13,0,0,0
450479,1,1,0,0,0,0,0,0,0,0,0,0
450480,1,1,1,1,1,1,1,1,1,1,1,1
450481,1,1,0,0,0,0,0,0,0,0,0,0
450482,0,1,21,21,21,21,21,21,21,21,21,21
450482,1,1,0,11,0,0,0,0,0,0,0,0
450483,1,1,0,0,0,0,0,0,0,0,0,28
450484,1,1,6,6,6,6,6,6,6,6,6,6
450484,2,1,0,0,0,0,0,0,0,0,0,0
450485,1,1,26,26,26,26,26,26,26,26,26,26
450486,0,1,0,0,0,0,0,0,0,0,0,0
450486,1,1,0,0,0,0,0,0,0,0,0,0
450487,1,1,28,28,28,28,28,28,28,28,28,28
450488,1,1,0,0,0,0,0,0,8,0,0,0
450488,2,1,0,0,0,0,0,0,0,0,0,0
450489,1,1,22,22,22,22,22,22,22,22,22,22
450490,1,1,2,2,2,2,2,2,2,2,2,2
450491,1,1,12,12,12,12,12,12,12,12,12,12
450491,2,1,0,0,0,0,0,0,0,0,0,0
450492,0,1,0,0,0,0,0,0,0,0,0,0
450492,0,2,0,0,0,0,0,0,0,0,0,0
450492,0,3,0,0,0,0,0,0,0,11,0,0
450492,0,4,0,0,0,0,0,0,28,0,0,0
450492,0,5,0,0,0,0,0,0,0,0,0,0
450492,0,6,0,0,0,0,0,0,0,0,0,0
450492,0,7,0,0,0,0,0,0,0,0,0,0
450492,3,1,0,0,0,0,0,0,0,0,0,0
450492,4,1,0,0,0,0,0,0,0,0,0,0
450493,1,1,0,0,0,0,0,0,0,0,0,0
450493,2,1,0,0,0,0,0,0,0,0,7,0
450494,1,1,0,0,0,0,0,0,0,0,0,0
450495,0,1,6,6,6,6,6,6,6,6,6,6
450495,1,1,0,0,0,0,0,0,0,0,0,0
450496,1,1,0,0,0,0,0,0,0,0,0,0
450497,1,1,0,0,0,0,0,0,0,0,0,0
450497,2,1,0,0,0,0,0,0,0,14,0,0
450498,1,1,0,0,0,0,0,0,0,0,0,0
450498,2,1,0,0,0,0,0,0,0,0,15,0
450499,1,1,20,20,20,20,20,20,20,20,20,20
450500,1,1,2,39,17,27,22,21,23,11,8,17
450501,1,1,15,15,15,15,15,15,15,15,15,15
450502,1,1,0,0,0,0,0,0,17,0,0,0
450502,2,1,0,0,26,0,0,0,0,0,0,0
450503,0,1,0,0,0,0,0,0,0,0,0,0
450503,0,2,0,0,0,9,0,0,0,0,6,32
450503,1,1,0,0,0,0,0,8,0,0,0,0
450504,0,1,4,4,4,4,4,4,4,4,4,4
450504,1,1,0,0,0,0,0,0,0,0,0,0
450505,0,1,0,0,0,0,0,0,18,0,0,0
450505,0,2,0,0,0,0,0,0,0,0,0,0
450505,3,1,0,0,0,0,0,0,0,0,0,0
450505,4,1,0,0,0,0,0,0,0,0,0,0
450506,0,1,0,0,0,0,0,0,0,0,0,0
450506,1,1,0,0,0,0,0,0,0,0,0,0
450507,1,1,0,0,0,0,0,0,0,0,0,0
450507,2,1,0,0,0,0,0,0,0,0,0,0
450508,1,1,0,0,0,0,0,0,0,0,0,0
450508,2,1,0,0,0,0,0,0,0,0,10,0
450509,1,1,0,0,0,0,0,0,0,0,0,0
450509,2,1,15,15,15,15,15,15,15,15,15,15
450510,1,1,20,20,20,20,20,20,20,20,20,20
450510,2,1,0,0,9,0,0,0,0,0,0,0
450511,1,1,0,0,0,0,0,0,0,0,0,0
450511,2,1,0,0,0,0,0,0,0,9,0,0
450512,1,1,25,25,25,25,25,25,25,25,25,25
450513,0,1,21,0,0,0,0,0,0,0,15,14
450513,1,1,0,0,0,0,0,0,0,0,0,16
450514,1,1,0,0,0,0,7,0,0,0,0,0
450515,1,1,0,0,0,0,0,0,0,0,0,0
450515,2,1,0,0,0,0,0,0,0,0,0,0
450516,1,1,5,5,5,5,5,5,5,5,5,5
450517,1,1,0,0,0,0,0,0,0,0,0,0
450518,1,1,0,0,0,4,0,0,0,0,5,0
450518,2,1,0,0,0,0,0,0,0,0,0,0
450518,3,1,0,0,0,0,0,0,0,0,0,5
450519,1,1,0,0,0,0,0,0,0,0,0,0
450519,2,1,19,6,12,0,11,24,35,16,3,18
450520,1,1,0,0,0,0,0,0,0,0,0,0
450521,1,1,0,0,0,0,0,0,0,0,0,0
450522,0,1,0,0,0,0,0,0,0,0,0,0
450522,1,1,0,0,0,0,0,0,0,0,0,0
450523,1,1,0,0,0,0,0,0,0,0,0,24
450524,1,1,0,0,0,0,0,0,0,0,0,0
450524,2,1,0,0,0,0,0,0,0,0,0,0
450525,1,1,0,0,0,0,0,0,0,0,0,0
450526,1,1,0,0,0,0,0,0,0,0,0,0
450526,2,1,9,0,0,0,0,0,0,0,0,12
450527,1,1,14,14,14,14,14,14,14,14,14,14
450527,2,1,20,18,10,18,9,17,9,18,9,26
450528,0,1,0,0,0,0,0,0,0,0,0,0
450528,1,1,0,0,0,0,10,0,0,0,0,0
450529,1,1,0,0,0,25,0,0,0,0,0,0
450529,2,1,6,6,6,6,6,6,6,6,6,6
450530,0,1,0,18,0,5,0,0,0,0,0,0
450530,1,1,0,0,0,0,0,0,0,0,0,0
450531,1,1,24,24,24,24,24,24,24,24,24,24
450532,1,1,0,0,12,18,0,0,0,0,12,0
450532,2,1,21,21,21,21,21,21,21,21,21,21
450533,1,1,12,12,12,12,12,12,12,12,12,12
450534,1,1,0,0,0,0,0,0,0,0,0,0
450535,1,1,0,0,0,0,0,0,0,0,0,0
450535,2,1,0,0,0,0,0,0,0,0,0,0
450536,2,1,0,0,0,0,0,9,0,0,0,11
450537,1,1,0,0,0,0,0,0,0,0,0,0
450537,2,1,0,0,0,0,0,0,0,0,0,0
450538,1,1,0,0,0,0,0,0,0,0,0,0
450539,1,1,0,0,0,0,0,0,0,0,14,0
450540,1,1,23,23,23,23,23,23,23,23,23,23
450541,1,1,0,0,0,0,0,0,0,0,0,0
450541,2,1,0,0,0,0,0,8,0,0,0,0
450542,1,1,30,30,30,30,30,30,30,30,30,30
450543,1,1,0,0,0,0,0,12,0,0,0,0
450543,2,1,0,0,0,0,0,0,0,0,0,0
450544,0,1,0,0,0,0,0,0,0,0,0,0
450544,1,1,0,0,0,0,0,0,0,0,0,0
450545,1,1,0,0,0,0,0,0,0,0,0,0
450546,0,1,8,8,8,8,8,8,8,8,8,8
450546,1,1,0,0,0,0,0,0,0,0,0,0
450547,1,1,27,27,27,27,27,27,27,27,27,27
450548,0,1,0,0,0,0,0,0,0,0,0,0
450548,1,1,0,0,0,0,0,0,0,0,0,0
450549,1,1,21,25,18,18,20,4,6,3,14,22
450550,1,1,0,0,0,0,0,0,0,0,0,0
450550,2,1,13,13,13,13,13,13,13,13,13,13
450551,0,1,0,0,0,0,17,0,0,0,0,0
450551,1,1,0,0,0,0,16,0,0,0,0,0
450551,2,1,32,17,0,0,0,11,13,0,26,11
450552,1,1,21,21,21,21,21,21,21,21,21,21
450553,1,1,0,0,0,0,0,0,0,0,0,0
450554,1,1,0,0,0,0,0,0,0,0,0,0
450554,2,1,6,10,0,0,0,0,12,0,0,0
450555,1,1,21,21,21,21,21,21,21,21,21,21
450556,1,1,0,0,0,0,0,0,0,0,0,0
450556,2,1,0,0,0,0,0,0,0,0,44,0
450557,0,1,9,9,9,9,9,9,9,9,9,9
450557,1,1,8,0,0,0,0,0,0,0,0,29
450558,1,1,0,0,0,0,0,0,0,0,0,0
450559,1,1,11,11,11,11,11,11,11,11,11,11
450560,1,1,0,0,0,0,0,0,0,0,0,0
450560,2,1,0,0,0,0,0,0,0,0,0,0
450561,1,1,0,0,0,0,0,0,0,0,0,0
450561,2,1,0,0,0,0,0,0,39,0,0,0
450562,1,1,26,26,26,26,26,26,26,26,26,26
450563,1,1,15,15,15,15,15,15,15,15,15,15
450564,0,1,39,39,39,39,39,39,39,39,39,39
450564,1,1,9,9,9,9,9,9,9,9,9,9
450565,1,1,0,0,12,0,0,0,0,0,0,0
450565,2,1,0,0,0,0,0,0,0,0,0,0
450566,1,1,10,10,10,10,10,10,10,10,10,10
450567,1,1,0,0,0,0,0,0,0,0,0,0
450567,2,1,0,0,19,0,26,0,0,0,0,0
450568,0,1,0,0,0,0,0,0,0,0,0,0
450568,1,1,0,0,0,0,0,0,0,0,0,0
450569,1,1,0,0,0,0,0,0,0,0,0,0
450570,1,1,15,15,15,15,15,15,15,15,15,15
450570,2,1,0,0,0,0,0,0,27,0,0,0
450571,1,1,22,22,22,22,22,22,22,22,22,22
450572,0,1,0,0,0,12,0,13,0,13,9,11
450572,1,1,0,0,0,0,0,0,17,0,0,0
450573,1,1,0,0,0,0,0,0,0,0,0,0
450573,2,1,0,0,0,0,0,0,0,0,0,25
450573,3,1,0,0,0,0,0,0,0,0,0,0
450574,1,1,0,0,0,0,0,0,0,0,0,0
450574,2,1,0,0,0,0,0,0,0,0,0,0
450575,1,1,21,21,21,21,21,21,21,21,21,21
450576,0,1,0,0,0,0,0,0,0,0,0,0
450576,1,1,14,0,0,20,0,0,0,0,0,0
450577,1,1,0,0,19,0,0,0,0,0,0,0
450578,0,1,21,21,21,21,21,21,21,21,21,21
450578,1,1,0,0,0,0,0,0,0,0,0,0
450579,1,1,0,0,0,0,0,0,0,0,0,0
450580,1,1,0,0,0,0,0,0,0,0,0,0
450580,2,1,15,15,15,15,15,15,15,15,15,15
450581,1,1,0,0,0,0,0,0,0,0,0,0
450581,2,1,0,0,0,0,0,0,0,0,0,0
450582,1,1,0,0,0,0,0,0,0,0,0,0
450582,2,1,0,0,0,0,0,0,0,0,0,0
450583,1,1,29,29,29,29,29,29,29,29,29,29
450584,1,1,0,0,0,0,9,0,0,0,7,19
450584,2,1,0,0,0,0,0,0,0,0,0,0
450585,1,1,15,15,15,15,15,15,15,15,15,15
450586,1,1,0,0,0,0,0,0,0,0,0,0
450586,2,1,0,20,17,14,7,0,10,18,0,0
450587,1,1,12,21,5,7,16,8,15,13,8,8
450587,2,1,21,21,21,21,21,21,21,21,21,21
450588,1,1,0,0,0,0,0,0,0,0,0,0
450588,2,1,0,0,0,0,0,0,0,0,0,0
450588,3,1,0,0,0,0,8,0,0,0,11,0
450589,0,1,10,10,10,10,10,10,10,10,10,10
450589,1,1,0,0,0,0,0,0,0,0,0,0
450590,1,1,23,23,23,23,23,23,23,23,23,23
450591,0,1,0,0,0,0,0,0,0,0,0,0
450591,1,1,0,0,0,0,0,0,0,0,0,0
450592,1,1,20,20,20,20,20,20,20,20,20,20
450593,1,1,0,6,0,0,0,0,0,18,0,0
450594,1,1,12,12,12,12,12,12,12,12,12,12
450594,2,1,0,0,0,0,8,11,0,9,6,0
450595,1,1,0,0,0,0,0,0,0,0,0,0
450595,2,1,0,0,0,0,0,0,0,0,0,0
450596,0,1,23,23,23,23,23,23,23,23,23,23
450596,1,1,0,0,0,0,0,0,0,0,13,0
450597,0,1,0,0,0,0,0,0,0,0,0,0
450597,1,1,0,0,0,0,0,0,0,0,0,0
450598,0,1,0,0,0,0,0,0,0,0,0,0
450598,1,1,0,0,0,0,0,0,0,0,0,0
450599,0,1,0,0,0,0,0,0,0,0,0,0
450599,1,1,0,0,0,7,12,0,0,0,0,0
450600,1,1,0,0,0,0,0,0,0,0,0,0
450600,2,1,19,0,0,0,0,0,0,0,0,0
450601,1,1,0,0,0,0,0,0,0,0,0,0
450601,2,1,0,0,0,0,0,0,0,0,0,0
450602,1,1,0,0,0,0,0,16,0,20,0,0
450603,1,1,21,21,21,21,21,21,21,21,21,21
450604,1,1,0,0,0,0,0,0,0,0,0,0
450604,2,1,0,0,0,0,0,0,0,0,0,0
450604,3,1,0,0,0,0,0,0,0,0,0,0
450604,4,1,0,0,0,0,0,0,0,0,0,0
450605,1,1,0,15,0,0,0,0,0,0,0,11
450605,2,1,23,23,23,23,23,23,23,23,23,23
450606,1,1,0,0,0,0,0,0,0,0,0,0
450606,2,1,23,23,23,23,23,23,23,23,23,23
450607,0,1,0,0,0,0,0,0,0,0,0,0
450607,1,1,23,0,7,0,0,0,0,0,0,0
450608,1,1,0,0,0,0,0,0,0,0,0,0
450608,2,1,15,15,15,15,15,15,15,15,15,15
450608,3,1,0,0,0,4,0,0,0,0,0,0
450609,1,1,8,8,8,8,8,8,8,8,8,8
450610,1,1,0,0,0,0,0,0,0,0,0,0
450610,2,1,0,0,0,0,0,0,0,0,0,0
450610,3,1,0,0,0,0,0,13,0,0,0,0
450611,1,1,0,0,0,0,0,0,0,0,0,0
450612,1,1,0,0,0,0,0,0,0,0,0,0
450612,2,1,1,1,1,1,1,1,1,1,1,1
450613,1,1,0,0,0,0,0,0,0,0,0,0
450614,1,1,0,0,0,0,0,22,0,0,0,0
450614,2,1,17,0,0,0,0,0,0,0,4,0
450615,1,1,6,6,6,6,6,6,6,6,6,6
450615,2,1,0,11,0,0,0,0,0,0,0,0
450616,0,1,20,20,20,20,20,20,20,20,20,20
450616,1,1,0,0,0,0,0,0,0,0,14,0
450617,1,1,0,0,0,0,0,0,0,0,0,0
450617,2,1,0,0,0,0,0,0,0,0,0,0
450618,1,1,18,15,10,20,0,21,0,0,13,11
450619,1,1,0,0,0,0,0,22,0,0,0,0
450620,1,1,17,17,17,17,17,17,17,17,17,17
450620,2,1,0,0,0,0,0,0,0,0,0,0
450621,1,1,2,2,2,2,2,2,2,2,2,2
450621,2,1,0,0,0,0,0,0,0,0,0,0
450622,1,1,0,0,0,0,0,0,17,0,0,0
450622,2,1,0,0,0,0,0,0,0,0,0,0
450623,0,1,0,0,0,22,15,0,0,0,0,0
450623,1,1,14,14,14,14,14,14,14,14,14,14
450624,1,1,17,0,0,0,0,0,0,0,0,0
450624,2,1,0,0,0,0,0,0,0,0,0,0
450625,0,1,9,9,9,9,9,9,9,9,9,9
450625,1,1,0,19,0,0,0,0,0,0,0,0
450626,1,1,25,25,25,25,25,25,25,25,25,25
450627,0,1,20,20,20,20,20,20,20,20,20,20
450627,1,1,0,0,0,0,0,0,0,0,0,0
450628,1,1,0,0,0,0,0,0,0,0,0,0
450628,2,1,0,0,0,0,0,0,0,0,0,0
450629,1,1,0,0,0,0,8,0,0,0,7,0
450630,1,1,0,0,0,0,0,0,0,0,0,0
450630,2,1,0,0,0,0,0,0,0,0,0,0
450631,0,1,0,0,0,0,0,0,0,0,0,0
450631,1,1,17,17,17,17,17,17,17,17,17,17
450632,0,1,1,1,1,1,1,1,1,1,1,1
450632,1,1,0,0,0,7,0,0,0,9,0,10
450633,1,1,0,0,0,0,0,0,0,0,0,0
450634,1,1,0,0,0,0,0,0,0,0,0,0
450635,1,1,0,0,0,0,0,0,0,0,0,0
450635,2,1,0,0,0,0,0,0,0,0,0,0
450636,1,1,0,0,0,0,0,0,0,13,0,0
450637,0,1,14,14,14,14,14,14,14,14,14,14
450637,0,2,0,0,0,0,0,0,0,0,0,0
450637,1,1,15,15,15,15,15,15,15,15,15,15
450638,0,1,0,0,0,0,0,0,0,0,0,0
450638,1,1,0,0,0,0,0,0,0,0,0,0
450639,1,1,0,0,0,0,0,0,0,0,0,0
450639,2,1,0,0,0,0,0,0,0,0,0,0
450640,1,1,0,0,0,0,0,0,0,0,0,0
450640,2,1,0,0,0,0,0,0,0,0,0,0
450641,1,1,0,0,0,0,0,0,0,0,0,0
450642,0,1,0,0,0,0,0,0,0,0,0,0
450642,0,2,0,44,17,0,0,0,0,0,0,0
450642,1,1,0,0,0,0,0,0,0,0,0,0
450643,1,1,0,0,0,0,0,0,0,0,0,0
450643,2,1,0,0,0,0,0,0,0,0,0,0
450644,1,1,0,0,3,0,0,0,0,0,0,0
450644,2,1,0,0,0,0,0,0,0,0,0,0
450644,3,1,0,0,0,0,0,0,0,0,0,16
450645,1,1,24,24,24,24,24,24,24,24,24,24
450646,1,1,24,24,24,24,24,24,24,24,24,24
450647,0,1,1,1,1,1,1,1,1,1,1,1
450647,1,1,4,0,0,0,0,0,9,0,0,40
450648,1,1,0,0,0,0,0,0,0,0,6,0
450649,1,1,0,0,0,0,0,0,0,0,0,0
450649,2,1,0,0,0,0,0,0,0,0,0,0
450650,1,1,0,0,0,0,0,0,0,0,0,0
450650,2,1,22,0,0,0,0,0,0,0,0,0
450651,1,1,0,0,0,0,0,0,0,0,15,0
450651,2,1,0,0,0,0,0,0,0,0,0,0
450651,3,1,0,0,0,0,0,0,0,0,11,0
450652,1,1,1,1,1,1,1,1,1,1,1,1
450652,2,1,0,0,0,0,0,0,0,0,0,0
450653,1,1,0,0,0,0,0,0,14,0,0,0
450653,2,1,22,22,22,22,22,22,22,22,22,22
450653,3,1,0,13,0,0,0,0,0,0,0,0
450654,0,1,0,0,0,0,0,0,0,0,0,0
450654,1,1,0,0,0,0,0,0,12,0,0,0
450655,1,1,0,0,0,0,0,0,0,0,0,0
450655,2,1,21,21,21,21,21,21,21,21,21,21
450656,0,1,0,0,0,0,0,0,0,0,0,0
450656,1,1,0,0,0,0,0,0,0,0,0,0
450657,1,1,0,0,0,0,0,0,0,0,0,0
450658,1,1,0,0,0,0,0,0,30,0,0,0
450659,0,1,26,26,26,26,26,26,26,26,26,26
450659,1,1,0,0,0,0,0,0,0,0,0,0
450660,1,1,0,21,0,0,0,0,0,0,0,37
450661,1,1,0,0,0,0,0,0,38,0,19,0
450662,1,1,0,0,0,0,0,0,0,0,0,0
450662,2,1,0,0,0,0,0,0,0,0,0,0
450663,1,1,0,0,0,0,0,0,0,0,0,0
450663,2,1,0,0,0,0,0,0,0,0,0,0
450663,3,1,0,0,0,0,0,0,0,0,0,0
450664,1,1,0,0,0,0,0,0,0,0,0,0
450664,2,1,0,0,0,0,0,0,0,0,0,0
450665,1,1,0,0,0,0,0,0,0,0,0,0
450665,2,1,0,0,0,0,0,0,0,0,0,0
450665,3,1,0,0,0,0,0,0,0,0,0,0
450666,1,1,0,0,0,0,0,0,0,0,0,0
450667,1,1,0,0,0,0,0,0,0,0,0,0
450667,2,1,0,0,0,0,0,0,0,0,0,0
450668,1,1,0,0,0,0,0,0,0,0,0,0
450669,0,1,36,36,36,36,36,36,36,36,36,36
450669,1,1,0,0,0,0,0,0,0,13,0,0
450670,1,1,31,31,31,31,31,31,31,31,31,31
450671,0,1,7,7,7,7,7,7,7,7,7,7
450671,1,1,0,0,0,0,0,0,0,0,0,0
450672,1,1,0,8,0,0,0,0,0,0,0,0
450672,2,1,0,0,0,0,0,22,0,0,0,0
450673,1,1,17,17,17,17,17,17,17,17,17,17
450673,2,1,0,0,0,0,0,0,0,0,0,0
450674,1,1,0,0,0,10,8,0,0,17,25,9
450674,2,1,0,0,0,0,0,0,0,0,0,0
450675,0,1,0,0,24,0,0,0,0,0,0,16
450675,1,1,0,0,0,0,0,0,0,0,0,0
450676,1,1,0,0,0,0,0,0,0,0,0,0
450676,2,1,0,0,0,0,0,0,0,0,0,0
450677,1,1,22,22,22,22,22,22,22,22,22,22
450678,1,1,0,0,32,0,0,15,0,0,0,0
450680,1,1,0,0,0,0,0,0,0,0,0,0
450680,2,1,0,0,0,0,0,0,0,0,0,0
450681,1,1,0,0,0,0,0,0,0,0,16,0
450682,1,1,0,0,0,0,0,0,0,12,0,0
450683,0,1,35,35,35,35,35,35,35,35,35,35
450683,1,1,0,13,0,0,0,0,0,0,0,0
450684,0,1,14,14,14,14,14,14,14,14,14,14
450684,1,1,0,0,0,0,0,0,0,0,20,0
450685,1,1,0,0,0,0,0,0,0,0,0,0
450686,0,1,17,17,17,17,17,17,17,17,17,17
450686,1,1,0,0,0,0,16,0,0,0,19,0
450687,1,1,0,0,0,0,0,0,0,0,0,0
450687,2,1,0,0,0,0,0,0,0,0,0,0
450688,0,1,26,26,26,26,26,26,26,26,26,26
450688,1,1,0,26,0,6,0,0,0,0,0,0
450689,1,1,18,18,18,18,18,18,18,18,18,18
450690,1,1,0,0,0,0,0,0,0,0,0,0
450690,2,1,9,0,0,0,0,0,0,0,0,0
450691,1,1,0,0,0,0,0,0,0,0,0,0
450692,1,1,0,0,0,0,0,0,0,0,0,0
450692,2,1,0,0,0,0,0,0,0,0,0,0
450693,1,1,0,0,0,0,0,0,0,0,0,0
450693,2,1,0,0,0,0,0,0,0,0,0,0
450694,1,1,0,0,0,0,0,0,0,0,0,0
450694,2,1,0,0,0,0,0,0,0,0,0,0