ST_CASE,VEH_NO,PER_NO,P1,P2,P3,P4,P5,P6,P7,P8,P9,P10
470822,2,1,0,0,0,0,0,0,0,0,0,0
470823,0,1,0,0,0,0,0,0,0,0,0,0
470823,1,1,11,39,0,0,0,0,0,0,0,0
470824,1,1,0,0,0,0,0,0,0,0,0,0
470824,2,1,0,0,0,0,0,0,0,0,0,0
470825,1,1,0,0,0,0,0,0,0,0,0,0
470825,2,1,17,17,17,17,17,17,17,17,17,17
470825,3,1,0,0,0,0,0,0,0,0,14,0
470826,0,1,0,0,0,0,0,0,0,0,0,0
470826,1,1,25,0,0,11,17,16,0,10,3,0
470827,1,1,19,0,0,0,0,0,0,0,0,0
470828,1,1,0,0,0,0,0,0,0,0,0,0
470828,2,1,0,0,0,0,0,0,0,0,0,0
470829,1,1,21,12,19,26,15,26,0,11,14,13
470830,1,1,0,0,0,0,23,33,18,0,13,22
470831,1,1,20,0,0,0,0,9,0,25,0,0
470831,2,1,0,0,0,0,0,0,0,0,0,0
470832,1,1,16,16,16,16,16,16,16,16,16,16
470833,1,1,10,10,10,10,10,10,10,10,10,10
470834,1,1,0,0,0,0,0,0,0,0,0,0
470835,1,1,0,0,0,0,0,0,0,0,0,0
470836,1,1,16,16,16,16,16,16,16,16,16,16
470837,1,1,26,26,26,26,26,26,26,26,26,26
470837,2,1,21,21,21,21,21,21,21,21,21,21
470838,1,1,0,0,0,0,0,0,0,0,0,8
470839,1,1,14,14,14,14,14,14,14,14,14,14
470839,2,1,0,0,0,14,0,0,0,0,0,0
470840,1,1,0,0,0,0,0,0,0,0,0,0
470841,1,1,0,0,0,0,0,0,0,0,0,0
470841,2,1,0,0,0,0,0,0,0,0,0,0
470842,1,1,37,37,37,37,37,37,37,37,37,37
470843,1,1,5,5,5,5,5,5,5,5,5,5
470843,2,1,2,0,0,0,0,0,0,0,0,0
470844,1,1,17,17,17,17,17,17,17,17,17,17
470844,2,1,0,0,0,0,0,0,0,0,0,0
470845,1,1,0,0,0,0,0,0,0,0,0,0
470845,2,1,0,0,0,0,0,0,0,0,0,0
470846,0,1,0,0,0,0,0,0,0,0,0,0
470846,1,1,0,0,0,0,0,0,0,0,0,0
470847,0,1,14,14,14,14,14,14,14,14,14,14
470847,1,1,0,0,0,0,0,0,0,0,0,0
470848,1,1,24,24,24,24,24,24,24,24,24,24
470849,0,1,0,0,0,0,0,0,0,0,0,0
470849,1,1,0,0,0,0,0,0,0,0,0,12
470850,1,1,0,0,0,0,0,0,0,0,0,0
470850,2,1,0,0,0,0,0,0,0,16,0,0
470851,1,1,0,0,0,0,0,0,0,0,0,0
470852,0,1,0,0,0,0,0,0,0,0,0,0
470852,1,1,0,0,0,0,0,0,10,0,0,0
470853,1,1,22,0,0,14,0,19,10,0,0,15
470854,0,1,0,0,0,0,0,0,0,0,0,0
470854,1,1,0,0,0,0,0,0,0,0,0,0
470855,1,1,0,0,0,0,0,0,0,0,0,0
470855,2,1,0,0,0,0,0,0,0,0,0,0
470856,1,1,0,0,0,0,0,0,0,0,0,0
470856,2,1,0,0,0,0,0,0,0,0,0,0
470857,1,1,0,0,0,0,0,0,0,0,0,0
470858,1,1,0,0,0,0,0,0,0,0,0,0
470859,1,1,0,0,0,0,8,0,0,0,15,19
470859,2,1,0,0,0,0,0,0,0,0,0,0
470860,1,1,0,0,0,23,0,0,0,0,0,0
470860,2,1,0,0,0,0,0,0,0,0,12,0
470860,3,1,0,0,0,0,0,0,0,0,0,0
470861,1,1,18,18,18,18,18,18,18,18,18,18
470862,1,1,0,0,0,0,0,0,0,0,0,0
470863,1,1,0,0,0,0,0,0,0,0,0,0
470864,1,1,0,0,0,0,0,0,0,0,0,0
470865,1,1,0,0,0,0,0,0,0,0,0,0
470865,2,1,0,0,0,0,21,0,0,0,7,0
470866,1,1,0,0,0,0,0,0,0,0,0,0
470866,2,1,0,0,0,15,0,5,0,0,9,0
470867,1,1,0,20,0,0,0,0,0,0,0,0
470867,2,1,30,0,0,0,0,0,4,0,0,0
470867,3,1,0,0,0,0,0,0,0,0,0,0
470868,1,1,0,0,0,0,0,0,0,0,0,0
470868,2,1,0,0,0,0,0,0,0,0,0,0
470869,1,1,0,0,0,0,0,12,29,0,0,9
470871,1,1,0,0,0,0,0,0,0,0,0,0
470872,1,1,0,0,0,0,0,0,14,0,0,0
470872,2,1,19,19,19,19,19,19,19,19,19,19
470873,1,1,0,0,0,0,0,0,0,0,0,0
470874,1,1,17,0,0,0,0,0,0,0,0,0
470876,1,1,0,0,0,0,0,0,0,0,0,0
470876,2,1,0,0,0,0,0,0,0,0,0,0
470877,1,1,12,12,12,12,12,12,12,12,12,12
470878,0,1,0,0,0,0,0,0,0,0,0,0
470878,1,1,8,14,0,24,0,0,0,10,19,0
470879,0,1,12,12,12,12,12,12,12,12,12,12
470879,1,1,0,0,0,0,0,0,0,0,0,0
470880,0,1,19,19,19,19,19,19,19,19,19,19
470880,0,2,23,0,0,0,0,0,30,24,0,30
470880,1,1,25,0,0,0,0,4,6,14,0,0
470881,0,1,0,0,59,0,0,0,0,19,0,0
470881,1,1,0,0,0,0,0,0,10,0,0,0
470882,1,1,0,0,0,0,0,0,0,18,0,0
470882,2,1,0,0,0,0,0,0,0,0,0,0
470882,3,1,0,0,0,0,0,0,0,0,0,0
470883,1,1,0,0,0,13,0,0,0,0,0,0
470883,2,1,0,0,0,0,0,0,0,0,0,0
470884,1,1,15,0,0,22,6,15,12,10,7,8
470884,2,1,23,0,15,0,37,0,0,0,0,9
470885,0,1,15,15,15,15,15,15,15,15,15,15
470885,1,1,0,0,0,0,0,0,0,0,0,0
470886,1,1,0,0,0,0,0,0,0,0,0,0
470886,2,1,0,0,0,0,0,0,0,0,0,0
470886,3,1,0,0,0,0,0,0,0,0,0,0
470887,1,1,0,0,9,0,21,0,0,0,0,0
470888,1,1,0,0,0,0,0,0,0,0,0,0
470889,1,1,0,0,0,0,0,0,0,0,0,0
470890,0,1,0,0,0,0,0,0,0,0,0,0
470890,1,1,0,0,0,0,0,0,0,0,0,0
470891,1,1,0,0,0,0,0,0,0,0,0,0
470892,1,1,25,25,25,25,25,25,25,25,25,25
470893,1,1,0,0,0,0,22,0,0,0,0,0
470894,0,1,0,0,0,0,0,0,0,27,0,0
470894,1,1,0,6,17,0,11,7,0,12,23,33
470895,0,1,0,11,0,0,0,0,44,0,0,0
470895,1,1,29,0,0,0,22,0,0,0,0,0
470896,1,1,0,0,0,0,0,0,0,0,0,0
470896,2,1,0,0,0,0,0,0,0,0,0,0
470897,1,1,0,0,0,0,0,0,0,0,0,0
470897,2,1,0,0,0,0,0,0,0,0,0,0
470898,1,1,0,0,0,20,0,0,0,0,0,0
470899,1,1,0,0,0,0,0,0,0,0,0,0
470900,1,1,0,0,0,0,0,0,0,0,0,0
470900,2,1,8,0,0,0,0,0,0,0,0,0
470901,1,1,0,0,0,0,0,0,0,0,0,0
470901,2,1,0,0,0,0,0,0,0,0,0,0
470902,1,1,0,0,0,0,0,0,0,0,0,0
470903,1,1,0,0,0,0,0,0,0,0,0,0
470903,2,1,10,10,10,10,10,10,10,10,10,10
470904,1,1,0,0,0,0,0,0,0,0,0,0
470904,2,1,0,0,0,0,0,0,0,0,0,0
470905,1,1,5,0,0,0,0,0,0,0,0,0
470905,2,1,0,0,0,0,0,0,0,0,0,0
470905,3,1,0,0,0,0,0,0,0,0,0,0
470906,1,1,0,0,0,0,0,0,0,0,0,0
470907,1,1,0,0,0,0,0,0,0,0,0,0
470908,1,1,1,1,1,1,1,1,1,1,1,1
470908,2,1,0,0,0,0,0,0,0,0,0,0
470909,1,1,9,9,9,9,9,9,9,9,9,9
470911,1,1,0,0,0,0,0,0,0,0,0,0
470912,1,1,7,7,7,7,7,7,7,7,7,7
470912,2,1,0,0,0,0,0,0,0,0,0,0
470913,1,1,0,0,0,0,0,0,0,0,0,0
470913,2,1,0,0,0,0,0,0,0,0,0,0
470914,1,1,0,0,0,0,0,0,0,0,0,0
470914,2,1,9,21,0,0,0,0,0,0,0,20
470914,3,1,0,0,0,0,0,0,10,0,0,0
470914,4,1,0,0,0,0,0,0,8,0,0,0
470914,5,1,0,0,0,0,23,0,0,0,0,0
470915,1,1,24,24,24,24,24,24,24,24,24,24
470916,1,1,0,0,0,0,0,0,18,0,0,0
470916,2,1,0,0,0,0,0,0,0,0,0,0
470917,1,1,8,8,8,8,8,8,8,8,8,8
470917,2,1,0,21,0,11,0,0,0,26,0,16
470918,1,1,10,10,10,10,10,10,10,10,10,10
470919,1,1,4,22,0,0,0,0,0,24,0,0
470919,2,1,0,0,0,0,0,0,0,0,0,0
470920,1,1,0,0,0,0,0,0,0,0,0,0
470921,0,1,0,0,0,0,0,0,0,0,0,0
470921,1,1,0,0,0,0,0,0,0,0,0,0
470922,1,1,26,26,26,26,26,26,26,26,26,26
470923,1,1,18,18,18,18,18,18,18,18,18,18
470924,1,1,0,0,0,0,0,0,0,0,0,0
470924,2,1,11,11,11,11,11,11,11,11,11,11
470925,1,1,0,0,0,0,0,0,0,0,0,0
470925,2,1,0,0,0,0,0,0,0,0,0,0
470926,1,1,0,0,0,0,0,0,0,2,0,0
470927,1,1,0,0,0,0,0,0,0,0,0,0
470928,0,1,0,0,0,0,0,0,0,0,0,0
470928,1,1,0,0,0,0,6,0,0,0,0,0
470929,1,1,3,3,3,3,3,3,3,3,3,3
470930,1,1,0,0,0,0,0,0,0,0,0,0
470930,2,1,0,0,0,0,0,0,0,0,0,0
470930,3,1,0,0,0,0,0,0,0,0,0,0
470931,1,1,0,0,0,0,0,0,0,0,0,0
470931,2,1,0,0,0,0,0,12,0,0,0,0
470932,1,1,0,0,0,0,0,0,0,0,0,0
470934,0,1,0,0,0,0,0,0,0,0,0,0
470934,1,1,7,0,0,0,5,0,0,0,0,0
470935,1,1,0,0,0,0,0,0,0,0,0,0
470936,0,1,0,0,0,0,0,0,0,0,0,0
470936,1,1,0,0,0,0,0,0,0,0,0,0
470937,1,1,20,20,20,20,20,20,20,20,20,20
470938,1,1,0,0,0,0,0,0,0,0,0,0
470938,2,1,0,0,0,0,0,0,0,0,0,0
470941,1,1,20,20,20,20,20,20,20,20,20,20
470942,1,1,0,0,0,0,0,0,0,0,0,0
470943,1,1,0,0,0,0,0,0,0,0,0,0
470943,2,1,0,0,0,0,0,0,0,0,0,0
470943,3,1,0,0,0,0,0,0,0,0,0,0
470944,1,1,0,0,0,0,0,0,0,0,0,0
470944,2,1,0,0,0,0,0,0,0,0,0,0
470945,1,1,0,0,0,0,0,0,0,0,0,0
470945,2,1,0,0,0,0,0,0,0,0,0,0
470946,1,1,0,0,0,0,0,0,0,0,0,0
470946,2,1,0,0,0,0,0,0,0,0,0,0
470947,1,1,0,0,0,0,0,0,0,0,0,0
470948,0,1,0,0,24,0,0,10,23,0,0,39
470948,1,1,0,0,0,0,0,0,0,0,0,14
470949,1,1,7,7,7,7,7,7,7,7,7,7
470949,2,1,0,0,0,0,0,0,0,0,0,0
470950,0,1,0,0,0,0,0,0,0,0,0,0
470950,1,1,0,0,0,0,0,0,0,0,0,0
470951,1,1,0,0,0,0,0,0,8,0,0,0
470951,2,1,0,0,0,0,0,0,0,0,0,0
470952,1,1,0,0,0,0,0,0,0,0,0,0
470952,2,1,0,0,0,0,0,0,0,0,0,0
470953,1,1,0,0,0,0,0,0,0,0,0,0
470953,2,1,0,0,0,0,0,0,0,0,0,0
470954,1,1,0,0,0,0,0,0,0,0,0,0
470955,1,1,0,0,0,0,0,0,0,19,0,0
470956,0,1,0,0,0,0,0,0,0,0,0,0
470956,1,1,0,0,0,0,0,0,0,0,0,0
470957,1,1,16,16,16,16,16,16,16,16,16,16
470958,1,1,0,0,0,0,0,0,0,0,0,0
470959,1,1,4,19,6,12,6,11,14,6,17,18
470959,2,1,0,19,0,0,0,14,0,0,18,10
470960,0,1,0,0,20,21,0,0,0,0,0,0
470960,1,1,0,0,0,0,0,0,0,0,0,0
470961,1,1,0,0,0,0,0,0,0,0,0,0
470962,1,1,0,0,0,0,0,0,0,0,0,0
470962,2,1,18,0,5,0,0,0,0,0,0,0
470963,0,1,25,35,0,21,0,0,0,0,0,0
470963,1,1,0,27,0,35,0,0,0,0,6,15
470964,0,1,0,0,0,16,0,0,0,0,19,0
470964,1,1,0,0,0,0,0,0,0,0,0,0
470965,1,1,6,6,6,6,6,6,6,6,6,6
470965,2,1,0,14,16,0,0,21,2,0,0,0
470966,1,1,25,25,25,25,25,25,25,25,25,25
470967,1,1,0,0,0,0,0,0,10,0,0,0
470968,1,1,0,0,0,0,0,0,0,0,0,0
470968,2,1,20,20,20,20,20,20,20,20,20,20
470969,1,1,0,0,0,0,0,0,0,0,0,0
470970,0,1,0,0,0,0,0,0,0,0,0,0
470970,1,1,0,0,0,0,0,0,0,0,0,0
470971,1,1,0,0,0,0,0,0,0,0,0,0
470972,1,1,0,0,0,0,0,0,0,0,0,0
470972,2,1,0,0,0,0,0,0,0,0,0,26
470973,0,1,0,0,20,0,14,0,0,18,0,0
470973,1,1,0,0,0,11,0,0,13,33,0,21
470974,1,1,0,15,0,0,0,0,5,0,0,0
470975,1,1,6,2,19,10,27,18,8,15,7,14
470976,1,1,0,0,0,0,0,0,0,0,0,0
470976,2,1,0,0,0,0,0,0,0,0,0,0
470977,0,1,5,5,5,5,5,5,5,5,5,5
470977,1,1,12,0,22,0,0,8,18,0,0,0
470978,1,1,33,33,33,33,33,33,33,33,33,33
470979,0,1,0,0,0,0,0,0,0,0,0,0
470979,0,2,0,0,0,0,0,0,0,0,0,0
470979,1,1,0,0,0,0,0,0,0,0,0,0
470981,1,1,12,12,12,12,12,12,12,12,12,12
470982,0,1,0,0,0,0,0,0,0,0,0,0
470982,1,1,0,0,0,0,0,0,0,0,0,0
470983,1,1,0,17,0,0,0,0,0,0,0,0
470984,1,1,8,8,8,8,8,8,8,8,8,8
470984,2,1,0,0,0,0,0,0,0,0,0,0
470985,0,1,0,0,0,0,0,0,0,0,0,0
470985,1,1,0,0,0,0,0,0,0,0,0,0
470986,1,1,0,6,0,0,0,0,0,15,0,0
470987,0,1,20,0,0,0,0,8,21,0,0,0
470987,1,1,0,0,0,0,0,0,0,0,0,0
470987,2,1,0,0,0,0,0,0,0,0,0,0
470987,3,1,0,0,0,0,0,0,0,0,0,0
470988,0,1,0,0,0,0,0,0,0,0,0,0
470988,0,2,0,0,14,0,0,0,0,0,0,0
470988,1,1,0,0,0,0,0,0,0,0,0,0
470988,2,1,0,0,0,0,0,0,0,0,0,0
470989,1,1,0,0,0,0,0,0,0,7,0,0
470989,2,1,0,0,0,0,0,0,0,0,0,0
470989,3,1,0,0,0,0,0,0,0,0,0,0
470989,4,1,0,0,0,0,0,0,0,0,0,0
470990,0,1,0,0,0,0,0,0,0,21,0,0
470990,1,1,13,0,0,4,0,5,3,0,3,0
470991,1,1,42,22,27,22,11,5,8,16,32,13
470992,1,1,0,31,0,0,0,24,0,0,0,24
470993,0,1,0,0,0,0,0,0,0,0,0,0
470993,1,1,14,0,5,12,0,0,14,16,15,0
470994,1,1,0,0,0,0,0,0,0,0,0,0
470994,2,1,0,0,0,0,0,0,0,0,0,0
470994,3,1,0,0,0,0,0,0,0,0,0,0
470995,1,1,0,0,0,0,0,0,0,0,0,0
470996,1,1,10,10,10,10,10,10,10,10,10,10
470998,1,1,0,0,0,0,0,0,0,0,0,0
470998,2,1,0,0,0,0,0,0,0,0,0,0
470998,3,1,0,0,0,0,0,0,0,0,0,0
470999,1,1,0,0,0,0,0,0,0,0,0,0
470999,2,1,0,0,0,0,0,0,0,0,0,0
471000,1,1,0,0,0,0,0,0,0,0,0,0
471000,2,1,0,0,0,0,0,0,0,0,0,0
471001,1,1,7,7,7,7,7,7,7,7,7,7
471001,2,1,0,0,0,0,0,0,0,0,0,0
471002,1,1,0,0,0,0,0,0,0,0,0,0
471002,2,1,0,0,0,0,0,0,24,0,0,0
471003,0,1,0,0,0,0,0,0,0,0,0,0
471003,1,1,0,0,0,0,0,0,0,0,0,0
471004,0,1,0,0,0,0,0,0,0,0,0,0
471004,1,1,0,0,0,0,0,0,0,0,0,0
471004,2,1,0,0,0,0,0,0,0,0,0,0
471004,3,1,0,0,0,0,0,0,0,0,0,0
471005,1,1,0,0,0,0,0,0,0,0,0,0
471006,0,1,0,0,0,0,0,0,0,0,0,0
471006,1,1,0,0,0,0,0,0,0,0,0,0
471007,0,1,21,0,0,0,11,0,0,24,0,0
471007,1,1,22,0,0,26,17,29,0,15,0,0
471008,1,1,18,18,18,18,18,18,18,18,18,18
471008,2,1,0,0,0,0,0,0,0,0,0,0
471009,1,1,0,0,0,0,0,0,0,0,0,0
471009,2,1,0,0,0,0,0,0,0,0,0,0
471010,1,1,0,0,0,0,0,22,0,0,35,0
471011,1,1,0,20,0,0,0,0,0,17,37,17
471012,1,1,0,0,0,0,0,0,0,0,0,0
471012,2,1,0,0,0,0,0,0,0,0,0,0
471013,1,1,0,0,0,0,0,0,0,0,0,0
471014,1,1,5,5,5,5,5,5,5,5,5,5
471014,2,1,0,0,0,0,0,0,16,0,31,0
471015,1,1,0,0,0,0,0,0,0,0,0,0
471015,2,1,0,0,0,0,23,0,0,0,0,0
471016,1,1,29,0,0,0,0,0,0,0,0,0
471016,2,1,0,4,0,20,0,0,0,0,0,0
471016,3,1,0,0,0,0,0,0,0,0,0,0
471016,4,1,0,0,0,0,0,0,0,0,0,0
471016,5,1,0,0,0,0,14,0,0,0,0,0
471017,1,1,0,0,0,0,0,0,0,0,0,0
471017,2,1,0,0,0,0,0,0,0,0,0,0
471018,1,1,0,0,0,0,0,0,13,0,0,0
471018,2,1,0,0,0,0,0,0,0,0,0,0
471018,3,1,0,0,0,0,0,0,0,0,0,0
471019,1,1,12,12,12,12,12,12,12,12,12,12
471020,1,1,0,0,4,0,0,19,0,0,0,0
471021,1,1,0,0,0,0,0,0,0,0,0,0
471021,2,1,0,0,0,0,0,0,0,0,0,0
471022,0,1,0,0,0,0,0,0,0,0,0,0
471022,1,1,0,0,0,0,0,0,0,0,0,0
471023,0,1,0,0,0,0,0,0,0,0,0,0
471023,2,1,0,0,0,0,0,0,0,0,0,0
471023,3,1,0,0,0,0,0,0,0,0,0,0
471024,1,1,0,0,0,0,0,0,0,0,0,0
471024,2,1,0,0,0,0,0,0,0,0,0,0
471025,1,1,0,22,0,19,0,17,7,16,25,0
471026,1,1,16,16,16,16,16,16,16,16,16,16
471027,1,1,0,0,0,0,0,0,0,0,0,0
471028,0,1,10,10,10,10,10,10,10,10,10,10
471028,1,1,0,0,0,0,0,26,0,0,0,0
471029,1,1,0,0,0,0,0,0,0,0,0,0
471030,1,1,8,10,19,15,0,28,9,20,11,14
471031,1,1,0,0,0,0,0,0,0,0,0,0
471031,2,1,0,0,0,0,0,0,0,0,0,0
471032,1,1,0,0,0,25,0,0,0,0,0,0
471033,1,1,33,0,0,0,0,0,0,0,0,0
471034,0,1,53,53,53,53,53,53,53,53,53,53
471034,1,1,0,26,0,33,0,0,26,15,0,0
471035,1,1,0,0,0,0,0,0,0,0,0,0
471036,1,1,0,0,0,0,0,0,0,0,0,0
471036,2,1,0,0,0,9,0,0,0,0,0,0
471037,0,1,0,0,0,0,0,0,0,20,0,0
471037,1,1,16,0,0,32,17,17,11,0,0,0
471039,1,1,27,27,27,27,27,27,27,27,27,27
471040,1,1,0,0,16,0,0,8,0,0,0,0
471041,1,1,0,0,0,0,0,0,0,0,0,0
471042,1,1,0,0,0,0,0,0,0,0,0,0
471042,2,1,0,0,0,0,0,0,0,0,0,0
471043,1,1,0,0,13,9,0,5,0,15,0,0
471043,2,1,0,0,0,11,0,0,0,0,0,0
471043,3,1,0,14,0,0,0,26,0,27,0,32
471044,1,1,0,0,19,0,13,11,15,18,14,0
471045,1,1,0,0,0,0,0,0,0,0,0,0
471046,1,1,0,0,0,0,0,0,0,0,0,0
471046,2,1,0,0,0,0,0,0,0,0,0,0
471046,3,1,0,0,0,0,0,0,0,0,0,0
471047,1,1,0,0,0,0,0,0,0,0,0,0
471047,2,1,0,0,0,0,0,0,0,0,0,0
471048,1,1,11,11,11,11,11,11,11,11,11,11
471049,0,1,0,0,20,0,0,0,0,0,0,0
471049,1,1,0,0,0,0,0,0,0,0,0,0
471051,0,1,0,0,0,0,0,0,0,15,0,0
471051,1,1,0,0,0,28,0,0,0,0,0,0
471053,1,1,0,0,0,6,11,0,0,0,21,0
471054,0,1,18,26,35,8,31,35,27,48,21,25
471054,1,1,21,0,4,11,0,16,15,0,6,0
471055,1,1,14,14,14,14,14,14,14,14,14,14
471056,1,1,0,0,0,0,0,0,0,0,0,0
471057,1,1,0,0,0,0,14,0,0,0,6,0
471059,1,1,0,0,0,0,0,0,0,0,0,0
471059,2,1,0,0,0,0,0,0,0,0,0,0
471060,1,1,15,15,15,15,15,15,15,15,15,15
471061,1,1,0,0,36,24,0,11,0,10,27,23
471062,0,1,0,0,0,26,0,27,0,0,0,11
471062,1,1,17,17,17,17,17,17,17,17,17,17
471063,1,1,0,0,0,0,0,0,0,0,0,0
471063,2,1,0,0,0,0,0,0,0,0,0,0
471064,0,1,0,0,0,0,0,0,0,0,0,0
471064,1,1,0,13,0,0,0,0,0,0,0,0
471065,1,1,0,0,0,0,0,0,0,0,0,0
471065,2,1,0,0,0,0,0,0,0,0,0,0
471066,1,1,1,1,1,1,1,1,1,1,1,1
471068,1,1,0,0,0,0,0,0,0,0,0,0
471068,2,1,0,0,0,0,0,0,0,0,0,0
471068,3,1,0,0,0,0,0,0,0,0,0,0
471069,1,1,0,0,0,0,0,0,0,0,0,0
471070,1,1,0,0,0,0,0,0,0,25,9,17
471071,1,1,0,0,0,0,0,0,0,0,0,0
471071,2,1,0,0,0,0,0,0,0,0,0,0
471072,1,1,0,0,0,0,2,0,0,0,0,0
471073,0,1,0,0,0,0,0,0,0,0,0,0
471073,0,2,0,0,31,23,0,33,0,20,0,21
471073,0,3,0,0,0,0,0,0,0,0,0,0
471073,0,4,0,18,0,0,0,0,13,0,0,21
471073,1,1,0,9,20,0,17,13,19,24,0,12
471074,1,1,20,20,20,20,20,20,20,20,20,20
471075,1,1,0,0,0,0,0,0,0,0,0,0
471076,1,1,15,15,15,15,15,15,15,15,15,15
471077,1,1,0,0,0,0,0,0,0,0,0,0
471078,1,1,42,15,11,20,0,15,21,35,3,10
471079,1,1,0,15,14,0,13,12,0,0,15,0
471079,2,1,0,0,24,0,7,12,0,0,0,11
471080,1,1,0,0,0,0,0,0,0,0,0,0
471080,2,1,0,0,0,0,0,0,0,0,0,0
471080,3,1,0,0,18,0,0,0,0,0,0,0
471081,0,1,0,0,0,6,0,0,0,0,0,0
471081,1,1,15,9,0,17,0,16,26,0,14,0
471082,0,1,0,0,0,0,0,0,0,0,0,0
471082,1,1,0,0,0,0,0,0,16,0,0,0
471083,1,1,0,0,0,0,0,0,0,0,0,0
471084,0,1,0,0,0,0,0,6,0,0,0,33
471084,1,1,11,11,11,11,11,11,11,11,11,11
471085,1,1,0,0,0,0,0,0,0,0,0,0
471085,2,1,0,0,0,0,0,0,0,0,0,0
471086,1,1,0,0,0,0,0,0,0,0,0,10
471087,1,1,0,0,0,0,0,0,0,0,0,0
471087,2,1,0,0,0,0,0,0,0,0,0,0
471088,1,1,0,16,0,0,0,8,0,0,32,0
471089,1,1,0,0,25,0,0,0,0,0,0,0
471089,2,1,0,0,0,0,0,0,0,0,0,0
471090,1,1,18,1,3,14,36,20,0,25,0,8
471091,1,1,0,0,0,0,0,0,0,0,0,0
471091,2,1,0,0,0,0,0,0,0,0,0,0
471091,3,1,0,0,0,0,0,0,0,0,0,0
471091,4,1,0,0,10,0,0,0,0,0,0,0
471092,1,1,0,0,0,0,0,0,0,0,0,0
471093,1,1,18,0,0,0,0,12,0,0,22,0
471093,2,1,0,0,0,0,0,0,30,0,0,0
471094,1,1,0,10,0,19,12,10,26,0,0,0
471095,1,1,0,0,0,0,0,0,0,0,0,0
471095,2,1,0,0,0,0,0,0,0,0,0,0
471096,1,1,0,0,0,0,0,0,0,0,0,0
471097,1,1,0,0,0,0,0,0,0,0,0,0
471097,2,1,0,0,0,0,0,0,0,0,0,0
471098,1,1,12,12,12,12,12,12,12,12,12,12
471099,1,1,0,0,0,0,0,0,0,0,0,0
471099,2,1,0,0,0,0,0,0,0,0,0,0
471100,1,1,37,37,37,37,37,37,37,37,37,37
471100,2,1,0,0,0,0,0,0,0,0,0,31
471101,1,1,0,0,0,0,0,0,0,0,0,0
471101,2,1,0,0,0,0,0,0,0,0,4,0
471102,1,1,0,0,0,0,0,0,0,0,0,0
471102,2,1,0,0,0,0,0,11,0,0,0,0
471103,0,1,0,0,0,0,0,0,0,0,0,0
471103,1,1,0,0,0,0,0,0,0,0,0,0
471104,1,1,0,0,0,0,0,0,0,0,0,0
471104,2,1,0,0,0,0,0,0,0,0,0,0
471105,1,1,0,0,0,0,0,0,0,0,0,0
471105,2,1,0,0,0,0,0,0,0,0,0,0
471106,1,1,9,9,9,9,9,9,9,9,9,9
471106,2,1,14,14,14,14,14,14,14,14,14,14
471107,1,1,0,9,3,0,0,12,3,0,10,0
471107,2,1,0,0,0,0,0,0,0,0,0,0
471107,3,1,0,0,0,0,0,0,0,0,0,0
471108,0,1,0,0,0,0,0,0,0,0,0,0
471108,0,2,0,6,0,0,0,0,0,0,0,0
471108,1,1,0,0,0,0,0,0,0,0,0,0
471109,1,1,0,0,0,0,0,0,0,0,0,0
471109,2,1,0,0,0,0,0,0,0,0,0,0
471110,1,1,0,0,0,0,0,0,0,0,0,0
471110,2,1,0,0,0,0,0,0,5,0,0,0
471111,1,1,0,0,0,0,0,0,0,0,0,0
471111,2,1,0,0,0,0,0,0,0,0,0,0
471112,1,1,0,0,0,0,0,17,0,0,0,0
471112,2,1,0,0,0,0,0,0,0,0,0,0
471113,1,1,0,0,0,0,0,0,0,0,0,0
471113,2,1,0,0,0,0,0,0,0,0,0,0
471114,1,1,0,0,0,0,0,0,0,0,0,0
471114,2,1,0,0,0,0,0,0,0,0,21,0
471115,1,1,2,2,2,2,2,2,2,2,2,2
471115,2,1,0,0,0,0,0,0,0,0,8,0
471116,0,1,0,0,0,0,0,0,0,0,0,0
471116,1,1,0,0,0,0,0,0,0,0,0,0
471117,0,1,0,0,0,0,0,0,0,0,0,0
471117,1,1,13,0,0,0,24,0,23,0,15,7
471118,1,1,0,0,0,33,0,0,0,0,0,0
471119,0,1,36,36,36,36,36,36,36,36,36,36
471119,1,1,16,6,8,20,0,21,9,23,26,14
471120,0,1,12,12,12,12,12,12,12,12,12,12
471120,0,2,11,11,11,11,11,11,11,11,11,11
471120,1,1,6,0,0,0,0,4,10,21,8,0
471120,2,1,7,0,19,0,3,0,0,27,0,0
471121,1,1,0,0,0,0,0,0,0,0,0,0
471121,2,1,0,0,0,0,0,0,0,0,0,0
471122,1,1,0,0,0,0,0,0,0,0,0,0
471123,1,1,0,0,0,0,0,0,0,0,0,0
471124,1,1,0,0,0,0,0,0,0,0,0,0
471124,2,1,0,0,0,0,0,0,0,0,0,0
471125,0,1,0,0,0,0,0,0,0,0,0,0
471125,1,1,0,0,0,0,9,0,0,0,0,0
471126,0,1,13,13,13,13,13,13,13,13,13,13
471126,1,1,14,0,0,21,0,0,0,0,0,0
471126,2,1,0,0,0,0,0,0,0,0,0,0
471126,3,1,8,0,0,11,0,0,0,0,0,0
471127,1,1,0,0,0,0,0,0,0,0,0,0
471128,1,1,0,18,0,0,15,0,13,0,0,0
471130,1,1,0,0,0,0,0,0,0,0,0,0
471130,2,1,0,0,0,0,0,0,0,0,0,0
471131,1,1,0,0,0,0,0,37,0,0,0,27
471131,2,1,0,0,0,0,0,0,0,0,0,0