ST_CASE,VEH_NO,PER_NO,P1,P2,P3,P4,P5,P6,P7,P8,P9,P10
483157,0,1,0,0,0,0,0,0,0,0,0,0
483157,1,1,0,0,0,0,0,0,0,0,0,0
483158,1,1,6,0,0,0,20,22,0,19,22,0
483159,0,1,18,0,9,0,0,0,0,0,2,0
483159,1,1,0,0,0,0,29,0,0,0,0,0
483160,1,1,0,12,0,0,0,0,4,0,0,19
483161,1,1,0,0,0,0,0,0,0,0,0,0
483162,1,1,0,33,0,9,0,0,11,32,0,0
483163,1,1,22,0,0,0,0,0,0,0,0,0
483164,1,1,30,30,30,30,30,30,30,30,30,30
483165,0,1,0,0,0,0,0,0,0,0,0,0
483165,1,1,8,0,8,0,0,0,0,0,10,0
483166,1,1,18,18,18,18,18,18,18,18,18,18
483166,2,1,0,0,0,0,0,0,0,0,5,0
483167,0,1,26,26,26,26,26,26,26,26,26,26
483167,1,1,23,20,23,8,15,11,35,14,19,0
483168,1,1,0,5,0,0,0,0,0,35,21,17
483169,1,1,16,16,16,16,16,16,16,16,16,16
483170,1,1,0,0,0,0,0,0,0,0,0,0
483171,1,1,0,14,0,0,0,0,19,12,0,0
483171,2,1,0,6,0,0,0,0,0,0,0,0
483172,0,1,0,0,0,0,0,0,0,0,0,0
483172,1,1,0,0,0,16,0,0,14,0,0,13
483173,1,1,23,23,23,23,23,23,23,23,23,23
483174,1,1,0,13,0,30,0,16,19,19,21,6
483175,1,1,14,0,0,0,25,0,9,27,17,21
483176,1,1,0,26,14,0,0,0,0,0,0,0
483176,2,1,0,0,0,0,0,0,0,0,0,0
483177,1,1,0,0,0,0,0,0,0,0,0,0
483178,1,1,19,16,18,14,17,9,7,5,12,10
483179,1,1,0,14,18,29,20,0,3,0,0,0
483180,0,1,0,0,0,0,0,0,0,0,0,0
483180,1,1,19,0,0,32,4,17,20,9,14,0
483181,0,1,12,0,0,0,16,12,0,0,0,8
483181,0,2,0,0,9,0,24,13,0,14,0,0
483181,1,1,0,0,0,0,4,0,0,0,0,0
483182,1,1,0,0,0,0,0,0,0,0,0,0
483182,2,1,0,0,0,0,0,17,0,0,0,0
483183,1,1,11,0,0,0,0,14,25,0,0,14
483184,0,1,7,17,4,0,33,0,0,0,0,19
483184,1,1,20,0,14,20,21,16,10,13,20,12
483185,1,1,0,0,0,0,0,0,0,0,21,0
483185,2,1,0,0,0,0,0,0,0,0,0,0
483187,0,1,0,0,0,0,0,0,0,0,0,0
483187,1,1,0,0,0,0,6,0,0,0,0,0
483187,2,1,0,0,0,0,0,0,0,0,0,0
483188,1,1,0,0,21,0,0,8,0,21,0,13
483189,1,1,16,16,16,16,16,16,16,16,16,16
483190,1,1,0,0,0,0,0,0,0,0,0,0
483190,2,1,8,8,8,8,8,8,8,8,8,8
483191,0,1,0,0,0,0,0,0,0,0,0,0
483191,1,1,0,0,0,0,0,0,0,6,0,0
483192,0,1,20,20,20,20,20,20,20,20,20,20
483192,1,1,0,0,0,0,0,0,0,0,0,9
483192,2,1,0,0,0,12,0,12,0,0,12,20
483193,1,1,18,18,18,18,18,18,18,18,18,18
483194,1,1,0,0,0,0,0,0,0,0,0,0
483194,2,1,0,0,0,0,0,0,0,0,0,0
483194,3,1,0,0,6,0,0,0,25,0,0,0
483194,4,1,0,0,0,0,0,0,0,0,0,0
483194,5,1,0,22,0,0,0,0,0,0,0,10
483195,1,1,3,3,3,3,3,3,3,3,3,3
483195,2,1,0,0,0,0,0,0,17,22,0,0
483196,1,1,2,2,2,2,2,2,2,2,2,2
483196,2,1,0,0,0,0,0,0,0,0,0,0
483197,0,1,0,13,6,0,0,0,0,0,0,0
483197,1,1,0,0,0,0,0,0,0,0,0,0
483198,0,1,15,0,0,0,45,0,0,0,8,15
483198,1,1,0,0,0,0,0,10,0,0,0,23
483199,0,1,28,28,28,28,28,28,28,28,28,28
483199,1,1,0,20,17,0,0,0,9,29,0,18
483200,1,1,0,5,0,38,7,0,0,0,0,0
483200,2,1,14,0,7,0,32,0,0,0,23,21
483200,3,1,0,0,0,0,0,0,0,0,0,0
483201,0,1,0,0,0,0,0,0,0,0,0,0
483201,1,1,0,0,0,0,0,3,0,0,11,0
483202,1,1,0,0,0,0,0,0,0,0,0,0
483202,2,1,0,0,0,0,0,0,0,0,0,0
483203,0,1,13,0,0,0,0,8,0,15,15,0
483203,1,1,0,0,0,11,0,0,9,0,16,0
483203,2,1,0,0,0,0,0,0,17,0,0,0
483204,1,1,0,0,0,0,0,0,0,0,0,0
483205,0,1,29,29,29,29,29,29,29,29,29,29
483205,1,1,0,0,0,0,0,0,0,15,0,0
483206,0,1,24,24,24,24,24,24,24,24,24,24
483206,1,1,15,0,0,0,0,20,31,0,17,0
483207,1,1,0,0,0,0,13,0,9,0,0,16
483207,2,1,17,17,17,17,17,17,17,17,17,17
483208,1,1,0,0,0,0,0,0,0,0,0,0
483209,0,1,0,0,0,0,0,0,0,0,0,0
483209,1,1,0,16,0,12,20,0,0,0,13,0
483210,1,1,0,0,0,0,13,0,0,0,0,0
483210,2,1,5,0,0,0,4,0,0,29,17,13
483212,1,1,0,0,0,0,0,0,0,0,0,0
483213,1,1,0,0,0,0,0,0,0,0,0,0
483213,2,1,0,0,0,0,0,0,0,0,0,0
483214,1,1,21,21,21,21,21,21,21,21,21,21
483215,0,1,32,0,0,19,0,0,6,17,14,0
483215,1,1,0,0,25,0,26,0,0,0,0,0
483215,2,1,0,0,0,7,0,0,0,0,24,0
483216,0,1,0,0,0,0,0,0,0,0,0,0
483216,0,2,0,0,0,0,18,8,20,0,0,0
483216,1,1,0,0,0,0,0,0,0,0,0,0
483218,1,1,0,0,0,0,0,0,0,0,0,0
483218,2,1,0,0,0,0,0,0,0,0,0,0
483219,1,1,27,0,0,0,38,0,0,0,25,0
483220,1,1,0,0,0,7,0,18,9,23,0,0
483221,1,1,5,0,24,20,0,14,0,0,0,0
483222,1,1,11,11,11,11,11,11,11,11,11,11
483223,1,1,4,0,0,28,22,25,0,9,24,0
483224,1,1,0,0,0,8,0,0,0,0,0,0
483224,2,1,0,0,0,0,0,0,0,0,0,0
483225,1,1,13,13,13,13,13,13,13,13,13,13
483225,2,1,0,0,0,0,0,0,0,10,0,0
483225,3,1,0,0,9,0,0,0,0,0,22,0
483225,4,1,0,0,13,20,10,0,0,22,0,18
483226,1,1,0,0,0,0,14,0,0,0,18,0
483227,1,1,0,0,0,0,0,0,0,0,0,0
483227,2,1,24,24,24,24,24,24,24,24,24,24
483228,0,1,0,0,0,0,0,0,0,0,0,0
483228,1,1,0,0,0,0,0,0,0,0,0,0
483229,1,1,0,0,0,0,13,0,0,0,0,0
483229,2,1,0,0,0,0,0,0,0,0,0,0
483230,1,1,16,16,16,16,16,16,16,16,16,16
483230,2,1,0,0,0,0,0,0,0,0,0,0
483231,1,1,33,33,33,33,33,33,33,33,33,33
483232,0,1,0,0,0,10,10,0,0,0,0,0
483232,1,1,12,17,8,26,15,11,30,9,20,0
483233,1,1,4,18,0,4,6,9,15,15,0,19
483234,0,1,0,0,0,0,6,0,0,13,0,0
483234,1,1,0,0,0,0,0,0,4,0,0,0
483234,2,1,22,7,0,6,9,7,20,0,0,0
483235,1,1,0,33,0,19,5,0,16,7,11,0
483236,0,1,0,0,49,0,0,35,12,0,0,0
483236,1,1,15,0,0,0,0,0,18,0,0,0
483236,2,1,0,0,0,0,0,0,0,0,0,0
483237,0,1,17,17,17,17,17,17,17,17,17,17
483237,1,1,15,6,20,38,17,0,10,0,15,10
483238,1,1,11,13,20,0,4,15,29,27,35,18
483239,0,1,0,0,0,0,0,33,0,0,13,0
483239,1,1,29,27,14,29,0,0,0,14,0,17
483240,0,1,0,0,0,0,13,3,0,0,0,0
483240,1,1,21,16,14,4,21,18,0,27,12,0
483241,1,1,0,0,0,0,0,0,0,0,0,0
483242,0,1,0,0,0,0,0,0,0,0,0,0
483242,1,1,25,25,25,25,25,25,25,25,25,25
483243,1,1,0,0,0,0,0,0,0,0,0,0
483244,1,1,8,0,0,0,0,0,19,35,0,0
483244,2,1,0,0,0,0,0,0,0,0,0,0
483244,3,1,12,0,0,20,0,7,0,0,19,0
483245,1,1,0,16,0,0,14,9,11,0,11,15
483245,2,1,0,0,0,0,0,0,0,0,0,0
483246,1,1,24,0,0,0,0,15,12,16,40,0
483247,1,1,0,0,0,0,0,0,0,0,0,25
483247,2,1,0,0,0,0,0,0,0,0,0,0
483248,1,1,0,0,4,16,0,25,5,0,0,0
483249,1,1,0,0,0,7,0,0,0,0,24,0
483250,1,1,0,0,0,0,15,0,0,0,0,14
483251,0,1,0,0,0,0,0,0,0,0,25,0
483251,1,1,0,0,0,0,10,8,10,18,10,0
483252,1,1,0,0,0,0,0,0,0,0,0,0
483253,0,1,14,0,0,38,11,0,0,15,0,0
483253,1,1,36,0,23,0,0,0,0,0,18,0
483254,1,1,0,0,0,11,31,0,21,13,0,27
483254,2,1,0,0,0,0,0,0,0,0,0,0
483255,1,1,16,0,6,13,0,12,0,0,0,14
483256,1,1,23,14,19,15,9,0,0,0,31,0
483256,2,1,0,0,0,0,19,4,0,0,0,0
483257,1,1,24,8,0,26,0,0,0,0,0,28
483258,1,1,0,0,0,0,0,0,0,19,13,0
483258,2,1,0,0,0,0,0,0,0,0,7,0
483259,1,1,17,17,17,17,17,17,17,17,17,17
483260,0,1,35,15,22,17,20,33,28,5,8,38
483260,1,1,0,0,7,0,0,0,13,0,18,17
483261,1,1,14,14,14,14,14,14,14,14,14,14
483262,0,1,0,0,0,0,0,24,0,0,0,15
483262,1,1,0,0,0,0,0,0,0,0,0,0
483262,2,1,11,0,0,0,0,0,0,0,0,0
483262,3,1,0,0,0,0,13,0,0,0,0,12
483262,4,1,0,0,0,0,0,0,0,0,7,0
483263,1,1,0,0,0,0,0,0,0,0,0,0
483264,0,1,0,0,0,0,0,0,0,16,0,0
483264,1,1,0,0,0,0,0,0,0,0,0,0
483264,2,1,0,11,0,0,0,0,0,0,0,0
483265,0,1,0,0,0,0,19,0,0,0,0,0
483265,1,1,0,0,0,0,0,0,0,0,0,0
483266,1,1,0,0,0,0,0,0,0,0,0,0
483266,2,1,0,0,0,0,0,0,0,0,13,0
483267,0,1,0,0,0,0,0,0,0,0,0,0
483267,1,1,0,0,0,0,0,0,0,4,0,0
483268,1,1,0,25,0,0,0,0,0,0,0,10
483268,2,1,0,0,0,14,0,20,14,0,13,10
483269,1,1,24,24,24,24,24,24,24,24,24,24
483270,1,1,0,0,0,23,0,0,0,0,0,0
483271,0,1,0,0,0,0,0,0,0,0,0,0
483271,1,1,0,0,0,0,0,0,0,0,20,0
483272,1,1,0,0,27,0,0,0,0,12,0,0
483273,1,1,0,0,0,0,0,0,0,0,0,0
483273,2,1,0,0,0,15,0,0,0,0,0,0
483274,0,1,5,0,0,33,0,0,0,0,0,0
483274,1,1,0,18,0,28,11,30,12,8,11,0
483275,1,1,0,0,0,0,0,0,0,0,0,0
483275,2,1,0,0,0,0,0,22,0,0,0,19
483276,1,1,0,0,0,0,0,0,0,0,0,0
483277,1,1,11,0,9,0,17,0,0,12,0,0
483278,1,1,0,0,0,0,0,0,0,0,0,0
483278,2,1,24,24,24,24,24,24,24,24,24,24
483279,1,1,16,22,16,6,30,7,0,7,23,5
483280,1,1,0,0,0,0,0,0,26,0,8,0
483281,1,1,21,21,21,21,21,21,21,21,21,21
483281,2,1,0,0,0,0,0,0,0,0,0,0
483282,1,1,0,0,0,16,18,0,0,0,0,0
483283,0,1,2,2,2,2,2,2,2,2,2,2
483283,1,1,0,0,0,25,20,0,0,0,14,18
483284,0,1,19,19,19,19,19,19,19,19,19,19
483284,1,1,0,0,0,0,0,0,0,16,13,0
483285,1,1,0,0,0,0,0,0,0,0,0,0
483286,1,1,0,0,0,0,0,0,0,0,0,0
483286,2,1,0,0,0,0,0,0,0,0,0,0
483287,1,1,0,0,0,0,0,0,0,0,0,0
483288,1,1,30,0,23,17,25,0,9,0,0,0
483289,1,1,24,7,10,6,12,0,11,16,11,13
483289,2,1,0,0,28,16,0,33,15,21,20,26
483290,0,1,0,0,0,0,0,0,41,23,0,0
483290,1,1,0,0,0,0,0,0,0,0,0,0
483291,1,1,0,0,10,20,0,0,0,16,0,0
483292,1,1,0,0,0,0,0,12,0,6,0,0
483292,2,1,0,0,21,11,8,0,0,11,0,10
483293,1,1,26,26,26,26,26,26,26,26,26,26
483293,2,1,0,0,0,0,0,0,0,0,0,0
483294,0,1,30,0,0,36,0,0,0,22,0,14
483294,1,1,0,0,0,0,0,7,0,0,10,0
483295,1,1,0,0,0,0,0,0,0,0,0,0
483295,2,1,9,7,0,0,0,0,12,0,0,0
483296,1,1,0,0,0,16,0,0,0,0,0,0
483296,2,1,0,0,0,0,0,0,0,0,16,0
483297,0,1,0,3,0,0,32,0,8,0,0,18
483297,1,1,23,19,24,0,22,16,12,24,41,0
483298,0,1,19,0,18,0,18,0,18,0,0,52
483298,1,1,7,0,0,0,0,11,0,0,6,0
483298,3,1,0,0,0,9,13,0,0,0,0,0
483298,4,1,0,0,0,19,0,11,0,0,12,0
483299,0,1,0,0,0,0,0,0,0,0,0,0
483299,0,2,0,0,6,18,34,0,0,15,0,0
483299,1,1,0,0,0,0,0,31,0,0,14,0
483300,1,1,5,5,5,5,5,5,5,5,5,5
483301,1,1,19,19,19,19,19,19,19,19,19,19
483302,1,1,6,6,6,6,6,6,6,6,6,6
483303,1,1,0,0,0,0,0,0,0,14,0,16
483303,2,1,0,0,0,0,0,0,26,27,0,0
483304,1,1,0,0,0,0,0,0,0,0,0,0
483304,2,1,0,0,0,0,0,0,0,0,0,0
483305,1,1,0,0,0,0,0,0,0,0,0,0
483305,2,1,0,0,0,0,0,0,0,0,0,0
483306,1,1,0,0,0,0,0,0,0,0,0,0
483306,2,1,0,0,0,0,0,0,0,0,0,0
483307,1,1,0,3,20,0,17,17,31,0,0,0
483307,2,1,0,0,0,0,0,0,19,0,7,6
483308,1,1,22,22,22,22,22,22,22,22,22,22
483309,0,1,5,5,5,5,5,5,5,5,5,5
483309,1,1,0,13,0,21,0,0,0,0,11,28
483310,0,1,0,0,0,0,0,0,0,0,0,0
483310,1,1,0,0,0,0,0,0,0,0,14,0
483311,0,1,0,0,0,0,0,0,0,0,0,0
483311,1,1,0,0,0,0,0,0,0,0,0,0
483311,2,1,0,0,19,0,24,6,0,0,5,19
483312,1,1,0,0,0,0,0,0,18,0,0,0
483312,2,1,0,0,0,0,15,0,0,0,0,0
483313,0,1,0,0,0,0,0,0,0,0,0,0
483313,1,1,19,23,0,0,0,0,0,0,0,0
483314,1,1,0,0,0,0,0,0,0,0,0,0
483314,2,1,0,0,0,0,0,0,0,0,0,0
483315,1,1,0,0,0,0,0,0,0,0,0,0
483316,1,1,0,0,0,0,0,0,0,0,0,0
483316,2,1,0,20,0,0,23,0,0,0,0,8
483317,0,1,0,36,0,0,0,0,25,0,0,21
483317,1,1,0,0,0,0,0,0,0,0,33,0
483318,1,1,0,12,0,0,0,0,0,0,0,0
483319,1,1,0,0,0,0,0,0,0,0,0,0
483320,1,1,0,0,4,0,0,0,0,0,23,0
483321,1,1,12,12,12,12,12,12,12,12,12,12
483322,1,1,0,21,20,0,0,0,0,0,0,0
483323,0,1,0,0,0,0,0,0,0,0,0,0
483323,1,1,0,0,0,0,0,0,0,0,0,0
483324,0,1,0,0,0,0,14,0,0,0,0,0
483324,1,1,0,0,0,0,0,0,11,0,36,0
483325,1,1,0,0,0,0,0,0,0,0,0,0
483326,0,1,27,0,0,0,0,0,0,0,0,0
483326,1,1,0,6,0,0,0,0,0,0,0,0
483327,1,1,0,14,14,28,7,0,13,0,21,0
483328,1,1,0,0,0,0,0,0,0,0,0,0
483328,2,1,0,0,0,0,0,16,0,0,15,8
483329,1,1,32,32,32,32,32,32,32,32,32,32
483330,1,1,20,20,20,20,20,20,20,20,20,20
483331,1,1,18,18,18,18,18,18,18,18,18,18
483332,1,1,25,10,0,0,0,0,0,0,0,10
483332,2,1,0,0,0,0,0,0,0,0,0,0
483333,1,1,27,27,27,27,27,27,27,27,27,27
483334,1,1,0,0,0,0,0,0,0,0,0,0
483334,2,1,6,6,6,6,6,6,6,6,6,6
483335,0,1,5,0,0,0,0,0,8,0,0,11
483335,1,1,0,0,0,0,0,0,9,0,15,0
483336,1,1,0,0,0,0,0,0,29,0,0,0
483336,2,1,0,0,0,0,0,13,0,0,0,0
483337,1,1,19,19,19,19,19,19,19,19,19,19
483338,1,1,18,0,0,0,0,0,0,0,0,0
483338,2,1,0,0,0,0,0,0,0,0,0,0
483339,0,1,0,0,0,0,0,0,0,0,0,0
483339,1,1,0,0,0,0,0,0,0,16,0,0
483340,1,1,0,0,0,0,0,0,0,0,0,0
483340,2,1,0,0,0,0,0,0,0,0,0,0
483340,3,1,0,0,0,0,24,0,21,0,4,13
483341,1,1,0,0,0,0,0,23,0,0,17,0
483341,2,1,0,0,0,0,0,0,0,0,0,0
483342,1,1,0,0,0,10,0,0,13,0,0,0
483342,2,1,0,0,32,14,0,0,0,0,0,0
483343,1,1,0,0,0,0,10,0,0,7,0,0
483343,2,1,10,0,0,27,0,0,0,0,0,0
483344,1,1,0,0,6,0,23,0,0,0,28,0
483344,2,1,0,0,0,20,0,17,0,0,0,19
483345,0,1,0,0,0,0,0,0,0,0,0,0
483345,0,2,0,0,0,0,0,0,0,0,0,0
483345,0,3,0,0,0,0,9,0,0,13,0,0
483345,0,4,0,0,0,0,0,26,0,0,0,32
483345,0,5,0,23,0,14,0,12,0,19,0,0
483345,0,6,0,11,0,0,0,0,0,0,0,0
483345,1,1,4,4,4,4,4,4,4,4,4,4
483345,2,1,0,0,14,0,11,0,0,0,16,0
483346,1,1,27,22,14,0,0,0,0,0,0,0
483346,2,1,17,29,0,0,0,0,20,0,0,0
483347,1,1,11,11,11,11,11,11,11,11,11,11
483347,2,1,0,0,0,4,0,0,0,0,0,0
483348,0,1,0,0,0,0,0,17,33,0,0,0
483348,1,1,0,0,0,0,0,17,0,0,0,0
483349,1,1,2,2,2,2,2,2,2,2,2,2
483349,2,1,0,0,0,11,21,0,0,26,0,0
483350,1,1,13,13,13,13,13,13,13,13,13,13
483351,1,1,0,0,0,0,0,0,0,0,12,0
483351,2,1,0,0,0,0,0,0,0,0,25,0
483352,0,1,21,0,0,23,0,3,0,0,0,0
483352,1,1,0,0,0,0,0,0,0,0,8,21
483353,0,1,0,0,0,0,0,0,0,0,0,0
483353,1,1,0,0,0,0,22,0,0,0,0,0
483354,1,1,17,0,0,24,14,0,0,0,0,0
483354,2,1,0,0,0,0,0,0,0,0,0,0
483355,1,1,0,0,0,0,0,0,0,0,0,0
483355,2,1,0,0,32,0,19,0,0,0,0,0
483356,1,1,0,0,0,0,18,0,8,12,0,0
483356,2,1,0,0,0,0,0,0,0,0,0,0
483357,1,1,22,22,22,22,22,22,22,22,22,22
483358,1,1,0,0,0,0,23,0,0,0,0,0
483359,1,1,0,0,0,33,0,0,0,0,0,12
483359,2,1,0,0,0,0,0,0,0,0,0,0
483361,1,1,0,0,0,0,0,17,0,0,0,0
483361,2,1,0,0,0,0,0,0,0,0,0,0
483362,1,1,0,0,0,0,25,0,0,0,0,0
483362,2,1,0,0,6,4,0,0,0,0,0,0
483363,0,1,11,11,11,11,11,11,11,11,11,11
483363,1,1,0,0,0,0,0,0,0,0,0,0
483364,1,1,0,0,0,0,0,0,0,0,0,0
483364,2,1,15,15,3,0,0,0,14,0,14,0
483365,1,1,0,0,0,0,0,0,0,0,0,0
483365,2,1,0,26,0,27,0,16,20,0,14,14
483368,0,1,0,0,0,0,15,13,35,0,0,0
483368,1,1,0,20,11,0,0,0,0,0,15,14
483369,1,1,0,0,0,0,11,8,0,0,0,0
483369,2,1,12,19,0,0,18,0,14,12,0,0
483369,3,1,0,16,0,0,17,0,0,8,16,11
483370,0,1,0,0,0,26,28,31,0,0,0,0
483370,0,2,0,0,0,20,0,0,20,0,0,0
483370,1,1,38,38,38,38,38,38,38,38,38,38
483370,2,1,0,0,0,0,0,0,0,0,0,0
483371,1,1,0,0,0,0,0,0,0,0,0,0
483371,2,1,18,0,6,0,0,0,9,0,0,0
483372,1,1,17,17,17,17,17,17,17,17,17,17
483373,1,1,0,0,0,0,0,0,0,16,0,0
483374,1,1,0,0,0,0,15,0,0,0,0,0
483375,1,1,0,0,0,0,0,0,0,0,0,0
483375,2,1,0,0,0,0,0,0,0,12,0,0
483375,3,1,0,22,0,0,26,11,0,0,0,0
483376,1,1,0,36,0,0,0,0,0,0,0,0
483377,1,1,0,0,0,0,0,0,0,0,0,0
483377,2,1,0,0,11,0,0,0,0,0,0,0
483378,1,1,0,3,0,0,0,0,3,0,0,0
483378,2,1,18,18,18,18,18,18,18,18,18,18
483379,1,1,23,23,23,23,23,23,23,23,23,23
483379,2,1,11,11,11,11,11,11,11,11,11,11
483380,1,1,17,0,0,17,0,0,0,0,0,0
483380,2,1,0,12,19,0,9,0,0,0,0,19
483381,0,1,25,4,7,20,48,37,20,37,21,55
483381,1,1,27,0,0,0,0,0,18,0,10,0
483381,2,1,0,0,0,0,0,0,0,0,0,0
483382,0,1,0,0,3,0,0,0,0,0,0,0
483382,1,1,59,0,16,11,0,25,12,0,0,12
483384,1,1,0,0,22,10,0,0,0,0,0,0
483385,1,1,0,0,0,0,0,0,0,0,0,0
483386,0,1,0,0,0,0,33,11,0,0,0,0
483386,1,1,0,0,0,0,0,0,0,0,0,0
483387,0,1,0,0,0,0,0,0,0,11,0,0
483387,1,1,0,0,0,10,0,0,0,0,0,0
483388,0,1,14,16,0,9,18,11,0,0,31,0
483388,1,1,0,0,0,0,0,0,0,0,0,0
483389,1,1,20,34,0,0,0,0,45,14,0,13
483390,1,1,12,3,15,0,0,0,0,0,0,0
483390,2,1,0,31,0,0,0,0,0,0,14,0
483390,3,1,0,0,7,0,0,0,0,0,0,18
483390,4,1,0,11,0,0,0,4,0,0,0,0
483391,1,1,0,0,0,0,0,0,0,0,0,0
483391,2,1,0,0,0,0,0,0,0,0,27,8
483392,1,1,10,10,10,10,10,10,10,10,10,10
483393,1,1,23,0,28,7,14,0,8,0,8,18
483394,1,1,21,21,21,21,21,21,21,21,21,21
483394,2,1,0,0,7,15,19,17,0,0,0,14
483395,1,1,17,17,17,17,17,17,17,17,17,17
483396,1,1,0,0,0,0,0,0,0,0,7,31
483397,1,1,0,0,0,0,0,0,0,0,0,0
483397,2,1,0,14,0,0,23,0,0,0,0,0
483398,1,1,0,0,0,0,0,0,0,0,0,0
483398,2,1,0,0,0,0,0,0,0,0,0,0
483399,0,1,0,0,0,13,0,0,0,0,0,0
483399,1,1,18,0,0,0,14,13,14,4,6,21
483400,1,1,0,0,0,0,0,0,0,0,0,0
483400,2,1,0,0,0,0,0,0,0,0,0,0
483401,1,1,10,10,10,10,10,10,10,10,10,10
483402,1,1,0,15,19,5,0,0,31,0,7,8
483403,1,1,0,0,0,0,0,0,0,0,0,0
483404,1,1,0,0,11,23,0,13,11,0,42,0
483405,1,1,0,0,0,0,0,0,0,0,0,0
483405,2,1,0,0,0,0,0,0,0,0,0,0
483406,1,1,32,32,32,32,32,32,32,32,32,32
483407,1,1,6,19,0,27,0,0,0,9,2,16
483407,2,1,0,11,0,0,11,0,0,0,0,0
483408,1,1,3,3,3,3,3,3,3,3,3,3
483408,2,1,0,0,0,0,0,34,0,17,0,0
483408,3,1,0,16,0,0,9,0,0,0,0,17
483409,0,1,33,15,25,10,49,34,21,21,18,10
483409,1,1,13,0,0,17,0,0,0,7,0,20
483410,1,1,0,0,0,0,0,0,0,0,0,0
483410,2,1,0,0,0,0,0,0,0,0,0,0
483411,0,1,27,27,27,27,27,27,27,27,27,27
483411,1,1,0,0,0,11,0,0,0,0,0,10
483412,1,1,0,0,0,0,0,0,0,0,0,0
483412,2,1,0,8,0,0,0,9,0,0,0,17
483413,1,1,0,0,0,0,0,0,0,0,0,0
483413,2,1,0,0,0,18,9,0,0,0,13,0
483414,1,1,5,5,5,5,5,5,5,5,5,5
483415,1,1,19,9,0,0,0,9,0,0,0,0
483415,2,1,0,0,0,0,0,0,0,0,0,0
483416,1,1,15,0,0,0,0,0,0,0,0,0
483416,2,1,0,0,0,0,0,0,0,0,0,0
483416,3,1,0,20,0,17,0,0,0,0,0,0
483416,4,1,0,0,0,0,30,0,0,0,0,0
483416,5,1,0,0,0,0,0,0,0,0,0,0
483417,1,1,0,4,0,0,0,0,0,0,0,0
483417,2,1,0,0,0,0,0,0,0,0,0,0
483417,3,1,0,0,9,0,0,0,26,0,5,0
483417,4,1,0,0,0,0,0,0,0,0,0,0
483417,5,1,0,0,0,0,0,0,0,0,0,0
483418,1,1,8,8,8,8,8,8,8,8,8,8
483418,2,1,0,0,0,0,0,0,0,17,0,0
483419,0,1,0,0,0,0,0,0,0,0,0,0
483419,1,1,0,0,0,0,0,0,0,0,0,0
483420,1,1,4,4,4,4,4,4,4,4,4,4
483421,1,1,0,0,0,0,0,0,0,0,0,0
483421,2,1,0,0,0,0,13,0,0,14,0,21
483422,0,1,0,12,3,0,9,0,0,0,0,0
483422,1,1,0,0,0,0,0,0,0,0,0,0
483423,1,1,0,0,0,0,0,3,0,0,0,0
483423,2,1,0,14,0,0,0,0,13,0,0,0
483424,1,1,0,7,6,0,15,18,0,0,0,0
483425,1,1,0,0,0,0,0,0,8,0,0,18
483426,1,1,25,25,25,25,25,25,25,25,25,25
483427,1,1,22,22,22,22,22,22,22,22,22,22
483428,1,1,0,0,19,0,0,0,0,0,0,0
483429,0,1,0,0,0,0,0,0,0,0,0,14
483429,1,1,0,0,0,13,9,0,14,13,0,0
483429,2,1,15,0,0,27,22,0,0,0,0,0
483431,1,1,13,13,13,13,13,13,13,13,13,13
483431,2,1,0,0,0,0,0,0,0,0,0,0
483432,1,1,0,0,0,0,0,0,0,0,0,0
483433,0,1,0,19,19,0,0,13,5,0,0,43
483433,1,1,0,26,29,4,0,0,0,0,0,0
483434,1,1,0,0,0,0,0,0,0,0,0,0
483434,2,1,0,0,0,0,0,0,0,0,0,0
483435,1,1,11,0,0,17,0,19,27,27,15,6
483436,1,1,0,0,0,0,0,0,0,0,0,0
483436,2,1,0,0,0,0,0,0,0,21,0,0
483437,1,1,7,7,11,0,0,0,0,0,0,14
483437,2,1,0,0,0,0,0,8,0,0,0,0
483438,1,1,0,0,0,0,0,15,14,0,0,0
483438,2,1,0,0,0,0,0,0,0,0,0,0
483438,3,1,0,0,0,0,0,0,0,0,22,8
483438,4,1,0,0,0,0,0,0,0,0,0,0
483439,1,1,30,0,0,0,0,15,0,0,18,0
483439,2,1,0,0,21,0,0,0,0,0,46,0
483440,1,1,0,0,0,0,0,0,0,0,0,0
483441,1,1,0,0,0,0,0,0,0,0,0,0
483442,1,1,11,13,23,14,19,29,3,4,9,16
483442,2,1,0,0,0,0,0,0,0,0,0,0
483442,3,1,0,14,17,0,0,18,0,0,0,9
483443,1,1,10,0,0,28,0,0,0,0,0,16
483444,1,1,0,27,0,0,18,16,0,14,13,8
483444,2,1,0,0,0,0,0,0,0,0,0,0