ST_CASE,VEH_NO,PER_NO,P1,P2,P3,P4,P5,P6,P7,P8,P9,P10
530534,0,1,20,20,20,20,20,20,20,20,20,20
530534,1,1,0,7,0,0,0,0,0,7,0,0
530535,0,1,0,0,0,0,0,0,0,0,0,0
530535,1,1,6,0,0,0,6,26,0,36,0,0
530536,1,1,0,0,0,0,23,0,11,23,0,0
530537,1,1,16,16,16,16,16,16,16,16,16,16
530538,1,1,0,0,0,0,0,0,0,0,16,0
530538,2,1,0,0,0,0,6,37,0,0,0,0
530539,1,1,0,0,31,0,0,21,0,0,0,0
530539,2,1,0,0,0,0,0,0,0,0,0,0
530540,1,1,11,11,11,11,11,11,11,11,11,11
530541,1,1,18,18,18,18,18,18,18,18,18,18
530542,1,1,0,12,25,12,0,51,0,12,34,0
530542,2,1,16,16,34,0,15,0,0,0,24,0
530543,1,1,0,0,0,0,0,0,0,0,0,0
530543,2,1,0,5,0,0,0,39,12,28,10,18
530543,3,1,0,0,19,0,0,14,10,19,0,19
530544,1,1,0,0,0,0,0,0,0,0,0,0
530545,1,1,15,0,0,0,5,0,0,0,0,0
530546,1,1,0,15,0,0,0,10,0,0,0,13
530547,1,1,0,0,0,0,0,0,0,19,0,0
530548,0,1,0,0,0,0,0,0,0,0,0,0
530548,1,1,0,0,0,0,0,0,0,0,0,0
530549,1,1,0,0,0,0,0,0,0,0,0,0
530549,2,1,0,0,0,0,0,0,0,0,0,0
530550,0,1,30,30,30,30,30,30,30,30,30,30
530550,1,1,3,0,0,0,11,24,16,2,21,0
530551,1,1,8,8,8,8,8,8,8,8,8,8
530552,1,1,0,13,0,0,13,16,20,24,16,6
530553,1,1,1,1,1,1,1,1,1,1,1,1
530554,1,1,0,0,34,14,0,0,12,18,0,0
530555,1,1,0,17,21,0,14,0,0,0,0,5
530555,2,1,0,0,0,0,0,0,12,0,0,0
530556,0,1,0,0,0,0,0,0,0,0,0,0
530556,1,1,0,17,0,0,0,0,0,9,0,0
530557,0,1,13,0,18,14,31,48,0,13,25,0
530557,1,1,23,15,13,30,9,11,2,13,17,3
530558,1,1,0,0,0,0,0,0,0,0,0,0
530558,2,1,0,0,0,13,0,12,0,0,25,0
530559,1,1,15,0,15,0,13,6,0,0,0,0
530559,2,1,0,5,0,0,0,0,0,0,0,0
530560,0,1,0,0,0,0,0,0,0,0,0,0
530560,1,1,0,0,0,0,0,0,0,0,0,0
530561,0,1,0,0,0,0,0,0,0,0,0,0
530561,1,1,0,0,0,0,0,0,0,0,0,0
530562,1,1,0,0,22,0,10,0,0,0,3,17
530563,0,1,0,0,28,0,0,23,0,0,0,0
530563,0,2,0,0,0,21,0,15,0,0,0,0
530563,1,1,0,13,0,31,0,47,0,0,17,0
530564,0,1,0,0,0,0,0,0,0,0,0,0
530564,1,1,26,0,0,0,0,0,0,18,10,0
530565,1,1,0,0,0,37,0,0,0,21,0,9
530566,1,1,0,35,0,0,0,0,0,0,0,0
530566,2,1,0,0,0,10,0,0,0,0,0,8
530567,1,1,24,25,0,0,0,0,0,0,0,0
530567,2,1,0,0,0,22,0,0,0,0,0,0
530568,1,1,0,0,0,0,0,12,0,22,0,0
530568,2,1,0,0,0,0,0,0,0,11,0,0
530569,1,1,0,0,0,0,0,0,0,0,0,0
530569,2,1,0,0,0,0,0,0,0,0,0,0
530570,1,1,4,6,10,13,0,19,0,0,0,25
530571,0,1,0,0,0,0,0,0,15,43,15,13
530571,1,1,0,0,9,0,0,0,0,10,4,0
530572,0,1,22,22,22,22,22,22,22,22,22,22
530572,1,1,5,17,0,0,0,0,0,0,0,7
530573,0,1,0,0,0,0,0,0,0,0,0,0
530573,1,1,0,19,0,27,0,6,0,26,13,0
530574,0,1,0,0,34,0,0,14,0,16,10,0
530574,1,1,0,0,0,0,16,0,0,0,0,8
530575,1,1,0,0,0,0,0,0,0,0,0,0
530575,2,1,0,0,0,0,0,0,0,0,0,0
540001,1,1,17,17,17,17,17,17,17,17,17,17
540002,0,1,2,2,2,2,2,2,2,2,2,2
540002,1,1,0,0,0,0,0,0,0,0,0,0
540003,1,1,0,0,0,0,0,0,0,0,0,22
540003,2,1,0,0,0,0,0,0,0,0,0,0
540004,1,1,10,9,25,17,29,7,10,13,18,3
540004,2,1,0,0,0,0,0,0,0,0,0,0
540004,3,1,0,0,0,0,0,0,0,0,29,0
540005,1,1,0,0,0,0,0,0,0,0,0,0
540006,1,1,0,0,0,0,0,0,0,0,0,0
540007,1,1,0,0,0,0,0,0,0,0,0,0
540007,2,1,0,0,0,0,0,0,0,0,6,0
540008,1,1,0,0,0,0,0,0,0,0,0,0
540009,1,1,0,0,0,0,0,0,0,0,0,0
540010,1,1,0,0,0,0,0,0,0,15,0,0
540010,2,1,0,0,0,0,0,0,0,0,0,0
540011,1,1,28,28,28,28,28,28,28,28,28,28
540012,1,1,0,0,0,0,0,0,0,0,0,0
540012,2,1,0,0,0,0,0,0,0,0,0,0
540013,1,1,0,0,0,0,0,0,0,0,0,0
540013,2,1,0,0,0,0,0,0,0,0,0,0
540014,0,1,2,2,2,2,2,2,2,2,2,2
540014,1,1,0,0,0,0,0,0,0,0,11,22
540015,1,1,0,0,0,0,0,0,0,0,0,0
540015,2,1,0,0,0,0,0,0,0,0,0,0
540016,1,1,0,0,0,0,0,0,0,24,0,0
540017,1,1,0,0,0,0,0,0,0,0,0,0
540017,2,1,0,0,0,0,0,0,0,0,0,0
540018,1,1,0,0,0,0,17,0,0,0,0,11
540018,2,1,0,0,0,0,0,0,0,0,0,0
540019,1,1,0,0,0,9,0,0,0,0,4,0
540020,1,1,0,0,0,0,0,0,0,0,0,0
540021,1,1,0,0,0,0,0,0,0,0,0,0
540022,1,1,0,0,0,0,0,0,0,0,0,0
540023,1,1,0,0,0,0,0,0,0,0,0,0
540024,1,1,0,0,0,0,0,0,0,0,0,0
540024,2,1,0,0,0,0,0,0,0,0,0,0
540025,1,1,13,13,13,13,13,13,13,13,13,13
540026,1,1,24,6,5,6,15,0,8,15,5,7
540026,2,1,0,0,0,0,0,0,0,0,0,0
540026,3,1,0,0,0,0,0,0,0,0,0,0
540027,1,1,0,0,0,0,0,0,0,0,0,0
540027,2,1,20,20,20,20,20,20,20,20,20,20
540028,1,1,13,13,13,13,13,13,13,13,13,13
540028,2,1,0,0,0,0,0,0,0,0,0,0
540029,1,1,8,8,8,8,8,8,8,8,8,8
540029,2,1,0,0,0,0,0,0,20,0,0,0
540030,1,1,0,0,0,0,0,0,0,0,0,0
540031,1,1,0,0,0,0,0,0,0,0,0,0
540031,2,1,0,0,0,0,0,0,0,0,0,0
540032,0,1,0,0,0,0,0,0,0,0,0,0
540032,1,1,0,0,0,0,0,0,0,0,0,0
540033,1,1,0,0,0,0,0,0,0,0,0,0
540033,2,1,0,0,0,0,0,0,0,0,0,0
540034,1,1,0,0,0,0,0,0,0,0,20,0
540035,0,1,18,18,18,18,18,18,18,18,18,18
540035,1,1,0,0,0,0,0,0,0,0,0,0
540035,2,1,0,0,0,0,7,0,0,0,0,0
540036,1,1,0,0,0,0,13,0,0,0,20,0
540036,2,1,0,0,0,0,0,0,0,0,0,0
540037,1,1,0,0,0,0,0,0,0,0,0,0
540037,2,1,0,0,0,0,0,0,0,0,0,10
540038,1,1,0,0,0,0,0,0,0,0,0,0
540039,1,1,0,0,0,0,0,0,0,0,0,0
540039,2,1,0,0,0,21,0,0,0,0,0,0
540040,1,1,11,11,11,11,11,11,11,11,11,11
540041,1,1,28,28,28,28,28,28,28,28,28,28
540041,2,1,0,0,0,0,0,0,0,0,0,0
540042,1,1,0,0,0,0,0,0,0,0,0,0
540042,2,1,0,0,0,0,0,0,0,0,0,0
540043,1,1,0,0,0,0,0,0,0,0,0,0
540044,0,1,0,0,0,0,0,0,0,0,0,0
540044,1,1,9,18,23,14,21,23,0,5,10,13
540045,1,1,0,0,12,27,0,0,0,6,0,0
540045,2,1,0,0,0,0,0,0,0,0,0,0
540046,1,1,0,0,0,0,0,0,0,0,0,0
540047,1,1,0,0,0,0,0,0,0,0,0,0
540047,2,1,0,0,0,0,0,0,0,0,0,0
540048,1,1,10,10,10,10,10,10,10,10,10,10
540049,1,1,0,0,0,0,0,0,0,0,0,0
540049,2,1,0,0,0,0,22,0,0,0,0,0
540050,1,1,0,0,0,0,0,0,0,0,0,0
540050,2,1,0,0,0,0,0,0,0,0,0,0
540051,1,1,14,14,14,14,14,14,14,14,14,14
540052,1,1,9,9,9,9,9,9,9,9,9,9
540053,1,1,0,0,0,0,0,0,0,0,0,0
540054,1,1,0,0,0,0,0,0,0,14,0,0
540054,2,1,0,0,0,0,0,0,0,0,0,0
540055,1,1,0,0,0,0,0,0,0,0,0,0
540056,1,1,18,18,18,18,18,18,18,18,18,18
540057,1,1,0,0,0,0,0,0,0,0,0,0
540058,1,1,0,0,0,0,0,0,0,0,0,0
540058,2,1,5,9,10,13,8,15,10,20,13,29
540059,1,1,0,0,0,0,0,0,0,0,0,0
540059,2,1,0,0,0,0,0,0,0,0,0,0
540060,1,1,20,20,20,20,20,20,20,20,20,20
540061,1,1,0,0,0,0,0,0,0,0,0,0
540062,1,1,17,18,6,10,8,33,7,17,7,17
540063,0,1,0,0,0,0,0,0,0,0,0,0
540063,1,1,0,0,0,0,0,0,0,0,0,0
540064,1,1,9,9,9,9,9,9,9,9,9,9
540065,1,1,0,0,0,0,0,0,0,0,0,0
540065,2,1,0,0,0,0,0,0,0,0,0,0
540066,1,1,24,24,24,24,24,24,24,24,24,24
540066,2,1,0,0,0,0,0,0,0,0,0,0
540066,3,1,0,0,0,0,0,0,0,0,0,0
540066,4,1,0,0,0,0,0,0,0,0,0,0
540067,0,1,0,18,0,14,0,0,0,33,0,0
540067,1,1,20,9,0,0,10,0,27,32,19,13
540068,1,1,0,0,0,0,0,0,0,0,0,0
540068,2,1,0,0,0,0,0,0,0,0,0,0
540069,1,1,0,0,0,0,0,0,0,0,0,0
540069,2,1,0,0,0,0,0,0,0,0,0,0
540069,3,1,0,0,0,0,0,0,0,0,0,0
540070,1,1,0,0,0,0,0,0,0,0,0,0
540071,1,1,0,0,0,0,0,0,0,0,0,0
540072,1,1,0,0,0,0,0,0,0,0,0,0
540072,2,1,0,0,0,0,0,0,0,0,0,0
540073,1,1,19,19,19,19,19,19,19,19,19,19
540073,2,1,0,0,15,0,0,0,0,0,0,0
540074,1,1,0,0,0,0,0,0,0,0,0,0
540074,2,1,0,0,0,0,0,0,0,0,0,0
540076,1,1,0,15,0,12,0,0,0,0,0,9
540077,1,1,0,0,0,0,0,0,0,0,0,0
540078,1,1,0,0,0,0,0,0,0,0,0,0
540078,2,1,0,0,0,0,0,0,0,0,0,0
540079,1,1,15,15,15,15,15,15,15,15,15,15
540080,1,1,53,21,30,15,24,7,28,14,7,15
540081,1,1,0,0,0,0,0,0,0,0,0,0
540081,2,1,0,0,0,0,0,0,0,0,0,0
540081,3,1,0,0,0,0,0,0,0,0,0,0
540081,4,1,0,0,0,0,0,0,0,0,0,0
540082,1,1,14,14,14,14,14,14,14,14,14,14
540083,1,1,0,0,0,0,0,0,0,0,0,0
540084,1,1,8,8,8,8,8,8,8,8,8,8
540086,1,1,5,5,5,5,5,5,5,5,5,5
540087,1,1,0,0,0,0,0,0,0,0,0,0
540087,2,1,0,0,0,0,0,7,0,0,0,16
540088,1,1,0,0,0,0,0,0,0,0,0,0
540088,2,1,0,0,0,0,0,0,0,0,0,0
540089,1,1,0,0,0,0,0,0,0,0,0,0
540090,1,1,0,0,0,0,0,0,0,0,0,0
540090,2,1,0,0,0,0,0,0,0,0,0,0
540091,1,1,0,0,0,0,0,0,0,0,0,0
540091,2,1,0,0,0,0,0,0,0,0,0,0
540092,1,1,23,35,25,10,15,11,21,20,24,5
540093,1,1,0,0,0,0,0,0,0,0,0,0
540093,2,1,0,13,0,0,0,0,0,0,30,17
540094,1,1,19,19,19,19,19,19,19,19,19,19
540095,1,1,9,9,9,9,9,9,9,9,9,9
540096,0,1,0,0,0,0,0,0,0,0,0,0
540096,1,1,0,0,0,0,0,0,0,7,0,0
540097,0,1,0,0,0,0,0,0,0,0,0,0
540097,1,1,11,13,0,15,0,0,0,12,6,0
540098,0,1,0,0,0,0,0,0,0,0,0,0
540098,1,1,0,0,0,0,0,0,0,0,0,0
540099,1,1,0,0,0,0,0,0,0,0,0,0
540100,1,1,0,13,0,0,0,0,0,0,0,0
540100,2,1,0,0,0,0,0,0,0,0,0,0
540101,1,1,0,0,0,0,0,0,0,0,0,0
540101,2,1,0,0,0,11,0,7,0,0,0,0
540102,1,1,0,0,0,0,0,0,0,0,0,0
540102,2,1,0,0,0,0,0,0,0,0,0,0
540102,3,1,0,0,0,0,0,0,0,0,0,0
540102,4,1,0,0,0,0,0,0,0,0,0,0
540103,1,1,0,0,0,0,0,0,0,0,0,0
540103,2,1,0,0,0,0,0,0,0,0,0,0
540104,0,1,0,0,0,0,0,0,0,0,0,0
540104,1,1,0,0,0,0,0,0,0,0,0,0
540105,1,1,29,22,19,27,7,0,11,0,15,20
540106,1,1,33,33,33,33,33,33,33,33,33,33
540107,1,1,12,12,12,12,12,12,12,12,12,12
540107,2,1,0,0,0,0,0,0,0,0,0,0
540108,1,1,0,0,0,0,0,0,0,0,0,0
540108,2,1,0,0,0,0,0,0,0,0,0,0
540109,1,1,0,0,0,0,0,0,0,0,0,0
540110,0,1,0,0,0,0,0,0,0,0,0,0
540110,1,1,0,0,0,0,0,0,0,0,0,0
540111,1,1,0,0,12,24,10,15,21,18,9,0
540111,2,1,3,3,3,3,3,3,3,3,3,3
540112,1,1,0,0,0,0,0,0,0,0,0,0
540113,1,1,0,0,0,0,0,0,0,0,0,0
540113,2,1,0,0,0,0,0,0,0,0,0,0
540114,1,1,17,17,17,17,17,17,17,17,17,17
540115,1,1,35,35,35,35,35,35,35,35,35,35
540116,1,1,0,0,0,0,0,0,0,0,0,0
540117,1,1,0,0,0,0,0,0,0,0,0,0
540118,1,1,0,0,0,0,0,0,0,0,0,0
540118,2,1,0,0,0,0,0,0,0,0,0,0
540119,1,1,20,28,22,29,13,19,15,19,20,20
540120,1,1,18,18,18,18,18,18,18,18,18,18
540121,1,1,9,9,9,9,9,9,9,9,9,9
540122,1,1,18,8,8,20,13,22,19,4,5,22
540123,1,1,15,15,15,15,15,15,15,15,15,15
540123,2,1,0,0,0,0,0,0,0,0,0,0
540124,1,1,0,0,0,0,0,0,0,0,0,0
540125,1,1,0,0,0,0,0,0,0,0,0,0
540126,1,1,9,9,9,9,9,9,9,9,9,9
540127,1,1,0,0,0,0,0,0,0,0,0,0
540127,2,1,25,0,0,0,0,0,0,0,0,0
540128,1,1,6,6,6,6,6,6,6,6,6,6
540129,1,1,0,0,0,0,0,0,0,0,0,0
540129,2,1,0,0,0,0,0,0,0,0,0,0
540130,1,1,0,0,0,0,0,0,0,0,0,0
540130,2,1,0,0,0,0,0,0,0,0,0,0
540131,1,1,0,0,0,0,0,0,0,0,0,0
540131,2,1,0,0,0,0,0,0,0,0,0,11
540131,3,1,0,0,0,0,0,0,0,0,0,0
540131,4,1,0,0,0,0,0,0,0,0,0,0
540132,1,1,37,37,37,37,37,37,37,37,37,37
540133,1,1,0,0,0,0,0,0,0,0,0,0
540134,1,1,0,0,0,0,0,0,0,0,0,0
540135,1,1,0,0,0,0,0,0,0,0,0,0
540136,1,1,0,0,0,0,0,0,0,0,0,0
540136,2,1,0,0,0,0,0,0,0,0,0,0
540137,1,1,0,0,0,0,0,0,0,0,0,0
540137,2,1,0,0,0,0,0,0,0,0,0,0
540139,1,1,0,0,0,0,0,0,0,0,0,0
540139,2,1,0,0,0,0,0,0,0,0,0,0
540140,1,1,0,0,0,0,0,0,7,20,0,0
540141,1,1,5,5,5,5,5,5,5,5,5,5
540142,1,1,0,0,0,0,0,0,0,0,0,0
540142,2,1,0,0,0,0,0,0,0,0,0,0
540143,0,1,0,0,0,0,0,0,0,0,0,0
540143,1,1,0,0,0,0,0,0,0,9,0,0
540144,1,1,0,0,0,0,0,0,0,0,0,0
540145,1,1,0,0,0,0,0,0,0,0,0,0
540145,2,1,0,0,0,0,0,0,0,0,0,0
540146,1,1,0,0,0,0,0,0,0,0,0,0
540147,1,1,0,0,0,0,0,0,0,0,0,0
540147,2,1,0,0,0,7,0,0,0,0,0,0
540148,1,1,2,2,2,2,2,2,2,2,2,2
540148,2,1,0,6,0,0,0,10,0,0,0,0
540149,1,1,19,19,19,19,19,19,19,19,19,19
540150,1,1,0,0,0,0,0,0,0,0,0,0
540151,1,1,25,17,21,0,29,0,0,22,5,0
540152,1,1,0,0,0,0,0,0,0,0,0,0
540152,2,1,0,0,0,0,0,0,0,0,0,0
540152,3,1,0,0,0,0,0,0,0,0,0,0
540154,1,1,21,21,21,21,21,21,21,21,21,21
540155,1,1,0,0,0,0,0,0,0,0,0,0
540155,2,1,0,0,0,0,0,0,0,0,0,0
540156,1,1,0,0,0,0,0,0,0,0,0,22
540156,2,1,0,0,0,0,0,0,0,0,0,0
540157,1,1,23,23,23,23,23,23,23,23,23,23
540157,2,1,0,0,0,0,0,0,0,0,0,0
540157,3,1,0,0,0,0,0,0,0,0,0,0
540158,1,1,0,0,0,0,0,0,0,0,0,0
540158,2,1,0,0,0,0,0,0,0,0,0,0
540159,0,1,21,0,0,0,0,0,0,0,46,0
540159,1,1,23,0,0,0,0,0,0,0,0,0
540160,1,1,26,26,26,26,26,26,26,26,26,26
540161,1,1,0,0,0,0,0,0,0,0,0,0
540162,1,1,0,0,0,0,0,0,0,0,0,0
540163,1,1,14,14,14,14,14,14,14,14,14,14
540164,1,1,0,0,0,0,0,0,0,0,0,0
540165,1,1,0,0,0,0,0,0,0,0,0,0
540166,1,1,0,0,0,0,0,0,0,0,0,0
540167,1,1,0,0,0,0,0,0,0,12,0,0
540167,2,1,2,2,2,2,2,2,2,2,2,2
540168,1,1,0,0,0,0,0,0,0,0,7,0
540168,2,1,0,0,0,0,0,0,0,0,0,0
540170,1,1,0,0,0,0,0,0,0,0,0,0
540171,1,1,0,0,0,0,0,0,0,0,0,0
540171,2,1,0,0,0,0,0,0,10,0,0,0
540172,1,1,0,0,7,0,16,0,0,0,0,0
540172,2,1,0,0,0,0,0,0,0,0,0,0
540172,3,1,0,0,0,0,0,0,0,0,0,0
540173,1,1,0,0,0,0,0,0,0,0,0,0
540174,1,1,0,0,0,0,0,0,0,0,0,0
540174,2,1,0,0,0,0,0,0,0,0,0,0
540175,0,1,0,0,0,0,0,0,0,0,0,0
540175,1,1,0,0,11,0,0,0,0,0,0,0
540177,1,1,0,0,0,0,0,0,0,0,0,0
540177,2,1,0,0,0,0,0,0,13,0,0,14
540179,1,1,0,0,0,0,0,0,0,0,0,0
540180,1,1,0,0,0,0,0,0,0,0,0,0
540181,1,1,0,0,0,0,0,0,0,0,0,0
540181,2,1,27,27,27,27,27,27,27,27,27,27
540182,0,1,0,0,0,0,0,0,0,0,0,0
540182,1,1,0,0,0,0,0,0,0,0,0,0
540183,1,1,27,27,27,27,27,27,27,27,27,27
540184,1,1,0,0,0,0,0,0,0,0,0,0
540185,1,1,24,24,24,24,24,24,24,24,24,24
540186,1,1,0,10,0,0,0,0,0,0,0,0
540186,2,1,0,0,0,0,0,0,0,0,0,0
540187,1,1,3,3,3,3,3,3,3,3,3,3
540188,1,1,0,0,0,0,0,0,0,0,0,0
540188,2,1,0,0,0,0,0,0,0,0,0,0
540189,1,1,0,0,0,0,0,0,0,0,0,0
540190,1,1,0,0,0,0,0,0,0,0,0,0
540190,2,1,0,0,0,0,0,0,0,0,0,0
540191,0,1,0,0,0,0,0,0,0,0,0,0
540191,1,1,0,0,0,0,0,0,0,0,0,0
540192,0,1,0,0,0,0,0,0,0,0,0,0
540192,1,1,0,0,0,0,0,0,0,0,0,0
540193,1,1,0,0,0,0,0,0,0,0,0,0
540194,1,1,0,0,16,15,0,0,0,0,0,0
540194,2,1,0,0,0,0,0,0,0,0,0,0
540195,1,1,0,0,0,0,0,0,0,0,0,0
540196,1,1,35,35,35,35,35,35,35,35,35,35
540197,1,1,2,2,2,2,2,2,2,2,2,2
540198,1,1,0,0,0,0,0,0,0,0,0,0
540198,2,1,0,0,0,0,0,0,0,0,0,0
540199,1,1,0,0,0,0,0,0,0,0,0,0
540199,2,1,13,0,0,0,0,0,0,0,0,0
540200,1,1,17,17,17,17,17,17,17,17,17,17
540201,1,1,0,0,0,0,0,0,0,0,0,0
540201,2,1,0,0,0,0,0,0,0,0,0,0
540202,1,1,0,0,0,0,0,0,0,0,0,0
540203,1,1,0,0,0,0,0,0,0,0,0,0
540204,1,1,18,18,18,18,18,18,18,18,18,18
540204,2,1,0,0,0,0,0,0,0,0,0,0
540205,1,1,0,0,0,0,0,0,0,0,0,0
540206,1,1,18,18,18,18,18,18,18,18,18,18
540207,1,1,0,0,0,0,0,0,0,0,0,0
540208,1,1,0,0,0,0,0,0,0,0,0,0
540208,2,1,0,0,0,0,0,0,0,0,0,0
540209,1,1,0,0,0,0,0,0,0,0,0,0
540209,2,1,0,0,0,0,0,0,0,0,0,0
540210,1,1,0,0,0,0,0,0,0,0,0,0
540211,1,1,4,4,4,4,4,4,4,4,4,4
540212,0,1,0,0,0,0,0,0,0,0,0,0
540212,1,1,15,0,0,0,4,0,0,0,0,0
540213,1,1,0,0,0,0,0,0,0,0,0,0
540214,1,1,0,0,0,0,0,0,0,0,0,0
540214,2,1,0,0,0,0,0,0,0,0,0,0
540215,1,1,0,0,0,0,0,0,2,0,0,0
540215,2,1,0,0,0,0,0,0,0,0,0,0
540216,1,1,0,0,0,0,0,0,0,0,0,0
540216,2,1,0,0,0,0,0,0,0,0,0,0
540217,1,1,0,0,0,0,0,0,0,0,0,0
540217,2,1,10,0,0,0,0,0,0,0,0,0
540218,1,1,0,0,0,0,0,0,0,0,0,0
540219,1,1,0,0,0,0,0,0,0,0,0,0
540220,1,1,0,0,0,0,0,0,0,0,0,0
540220,2,1,0,0,0,0,0,0,0,0,0,0
540221,1,1,0,0,0,0,0,0,0,0,0,0
540221,2,1,0,7,0,0,0,0,0,0,0,0
540222,1,1,0,0,0,0,0,0,0,0,0,0
540222,2,1,0,0,0,0,0,0,0,0,0,0
540223,1,1,0,0,0,0,0,0,0,0,0,0
540224,1,1,0,0,0,0,0,0,0,0,0,0
540225,1,1,0,0,0,0,0,0,0,0,0,0
540226,1,1,0,0,0,0,0,0,0,0,0,0
540227,1,1,22,22,22,22,22,22,22,22,22,22
540228,1,1,0,0,0,0,0,0,0,0,0,0
540228,2,1,0,0,0,0,0,0,0,0,0,0
540229,1,1,0,0,0,0,0,0,0,0,0,0
540230,1,1,0,0,0,0,0,0,0,0,0,0
540230,2,1,0,0,0,0,0,0,0,0,0,0
540231,1,1,15,15,15,15,15,15,15,15,15,15
540232,1,1,0,0,0,0,0,0,0,0,0,0
540232,2,1,0,0,0,0,0,0,0,0,0,0
540233,1,1,15,0,17,0,18,19,45,16,8,14
540234,1,1,0,0,0,0,0,0,0,0,0,0
540235,1,1,0,0,0,0,0,0,0,0,0,0
540236,0,1,0,0,0,0,0,0,0,0,0,0
540236,1,1,20,13,2,30,14,0,0,12,28,18
540237,1,1,0,0,0,21,0,19,0,0,0,0
540238,1,1,17,17,17,17,17,17,17,17,17,17
540239,1,1,0,0,0,0,0,0,0,0,0,0
540239,2,1,0,0,0,0,0,0,0,0,0,0
540240,1,1,3,3,3,3,3,3,3,3,3,3
540240,2,1,0,0,0,0,0,0,0,12,0,0
540241,1,1,36,36,36,36,36,36,36,36,36,36
540241,2,1,0,0,0,0,0,0,0,0,0,0
540242,0,1,25,25,25,25,25,25,25,25,25,25
540242,1,1,24,0,16,0,13,19,10,10,38,0
540243,1,1,0,0,0,0,0,0,0,0,0,0
540244,1,1,25,25,25,25,25,25,25,25,25,25
540245,1,1,0,0,0,0,0,0,0,0,0,0
540245,2,1,0,0,0,0,0,0,0,0,0,0
540245,3,1,0,0,0,0,0,0,0,0,0,0
540246,1,1,0,0,0,0,0,0,0,23,0,0
540246,2,1,0,0,0,0,0,0,0,0,0,0
540247,0,1,0,0,0,0,0,0,0,0,0,0
540247,1,1,10,11,0,0,0,25,0,16,0,0
540248,1,1,17,17,17,17,17,17,17,17,17,17
540249,1,1,10,10,10,10,10,10,10,10,10,10
540249,2,1,0,0,0,0,0,7,0,0,0,0
540250,1,1,0,0,0,0,0,0,0,0,0,0
540251,1,1,0,0,0,0,0,0,0,0,0,0
540252,1,1,16,12,21,14,18,15,30,39,4,23
540252,2,1,0,0,0,0,0,0,0,0,0,18
540253,1,1,7,7,7,7,7,7,7,7,7,7
540253,2,1,0,0,0,0,0,0,0,0,0,0
540253,3,1,0,0,0,0,0,0,0,0,0,0
540254,1,1,0,0,0,0,0,0,0,0,0,0
540254,2,1,0,0,0,0,0,0,0,0,0,0
540255,0,1,17,0,12,0,0,0,0,0,4,29
540255,1,1,0,0,0,0,0,0,0,0,0,0
540256,1,1,19,19,19,19,19,19,19,19,19,19
550001,1,1,0,0,0,0,0,0,0,0,0,0
550001,2,1,0,0,0,0,0,0,0,0,0,0
550002,1,1,0,0,0,0,0,0,0,0,0,0
550002,2,1,0,0,0,0,0,0,0,0,0,0
550003,1,1,15,15,15,15,15,15,15,15,15,15
550003,2,1,0,0,0,0,0,15,0,0,0,0
550004,1,1,0,0,0,0,0,0,0,0,0,0
550004,2,1,0,0,0,0,0,0,0,0,0,0
550005,0,1,0,0,0,0,0,0,0,0,0,0
550005,1,1,0,0,0,0,0,0,0,0,0,0
550006,1,1,0,0,0,0,0,0,0,0,0,0
550006,2,1,0,0,0,0,0,0,0,0,0,0
550008,1,1,0,0,0,0,0,0,0,0,0,0
550008,2,1,0,0,0,0,0,0,0,0,0,0
550009,1,1,0,0,0,0,0,0,0,0,0,0
550009,2,1,0,0,0,0,0,0,0,0,0,0
550010,1,1,0,0,0,0,0,0,0,0,0,0
550011,1,1,0,0,0,0,0,0,0,0,0,0
550012,0,1,0,0,0,0,0,0,0,24,9,11
550012,1,1,0,0,0,23,0,0,0,15,7,19
550013,1,1,0,0,0,0,0,0,0,0,0,0
550013,2,1,0,0,0,0,0,0,0,0,0,0
550014,1,1,0,0,0,0,0,0,0,0,0,0
550014,2,1,0,0,0,0,15,0,0,0,0,0
550015,1,1,0,0,0,0,0,0,0,0,0,0
550015,2,1,0,0,0,0,0,0,0,0,0,0
550016,1,1,6,6,6,6,6,6,6,6,6,6
550016,2,1,0,0,0,0,0,0,0,0,0,0
550016,3,1,0,0,0,0,0,0,0,0,0,0
550017,1,1,0,0,0,0,0,0,0,0,0,0
550017,2,1,0,0,0,0,0,0,0,0,0,0
550018,1,1,0,0,0,0,0,0,0,0,0,0
550018,2,1,0,0,0,0,0,0,0,0,0,0
550019,1,1,0,0,0,0,0,0,0,0,0,0
550019,2,1,0,0,0,0,0,0,0,0,0,0
550020,1,1,2,0,0,0,0,0,0,0,0,0
550020,2,1,0,0,0,0,0,0,0,16,0,0
550021,1,1,0,0,0,0,0,0,0,0,0,0
550021,2,1,0,0,0,0,0,0,0,0,0,0
550022,1,1,0,0,0,0,0,0,0,0,0,0
550022,2,1,0,0,0,0,0,0,0,0,0,0
550022,3,1,0,0,0,0,0,0,0,0,0,0
550023,1,1,23,23,23,23,23,23,23,23,23,23
550024,0,1,0,0,0,0,0,0,12,0,0,0
550024,1,1,0,0,0,0,0,14,0,0,0,0
550025,1,1,24,13,10,11,10,11,16,0,3,16
550026,1,1,14,14,14,14,14,14,14,14,14,14
550027,1,1,28,28,28,28,28,28,28,28,28,28
550028,1,1,0,0,0,0,0,0,0,0,0,0
550029,1,1,0,0,0,0,0,0,0,0,0,0
550030,1,1,20,20,20,20,20,20,20,20,20,20